748610939826499584,2674 Click: https://t.co/Q7jm0i6xeo #fuck #fucks #porn #video #videos #vidz #XXX #free #fine #feel #Fucking #Fucked #fantasy #fantastic
748665642664890370,Tania and Lou sexy is on a sofa fucking hard doggystyle on skype: #Lou #sexy #Tania #sofa #hard #fucking https://t.co/NTWFU3FR47
748582924027469826,"#hardsex yourprettybitch from: yourprettybitch, Woman from Pietermaritzburg, 24 years https://t.co/LAjtFb3sbs
 #fucking"
715686881057316864,"~you need my Goodies!!~ 

mp3s~
assignments~
quizzes &amp; much more~ 

https://t.co/B0YVaPxfmR

#NiteFlirt #phonesex #fucking #sucking"
715652170427797504,Join me for a live chat at https://t.co/qlOYuUStGI #ass #fucking #sensual #kikusername https://t.co/RgTiL2NNz1
748582944868970497,"#hardsex yourprettybitch from: yourprettybitch, Woman from Pietermaritzburg, 24 years https://t.co/erncdlxOzH
 #fucking"
715659789825548290,"Katy babe likes fucking in front of her hubby: #Katy
 #fucking #babe #likes #hubby
 #front https://t.co/IzlssO7prO"
715663956103327744,#adult #pussy #milf #video #videos #busty #cougar #bigtits #slut #vagina #fucking Sex Video=&gt;https://t.co/5PbCwqWQhd https://t.co/NiqDAlIqMZ
748622769022078976,"#fucking Valerie from: Valerie, Woman from Toulouse, 31 years https://t.co/D4nkuFfzHF #hustler"
748603858750869504,"#hardsex Donatienne from: Donatienne, Woman from Nantes, 27 years https://t.co/6AML5Uzbey
 #fucking"
748602124724891649,2790 Click: https://t.co/Q7jm0i6xeo #fuck #fucks #porn #video #videos #vidz #XXX #free #fine #feel #Fucking #Fucked #fantasy #fantastic
715665234011242496,#adult #pussy #milf #video #videos #busty #cougar #bigtits #slut #vagina #fucking Sex Video=&gt;https://t.co/5PbCwqWQhd https://t.co/W7eMNywW1O
715689033398005765,#NSFW #PORN #FUCKING Oral and anal welcoming teen:  https://t.co/vZdr5VFZkY #SEX #XXX #MOVIES
748539688944693248,"#fucking Edivige from: Edivige, Woman from Verona, 37 years https://t.co/PA6O5RAKq4 #hustler"
748660791331553281,2728 Click: https://t.co/T0KijYtMiV #fuck #fucks #porn #video #videos #vidz #XXX #free #fine #feel #Fucking #Fucked #fantasy #fantastic
715689464790695936,Insidious latina wench Amanda #sucking and #fucking a monster shaft outdoors - https://t.co/uUR2iMfsEQ - #adult #ass #xxx
715660655219634177,Take me to zante now! Paying it off has made the buzz kicked in!!! #Zante #lets #get #fucking #mortal
748638952244940800,"#NSFW #sex #porn White Girl, Big Booty:  https://t.co/c19q2QHdvA #xxx #fucking #movie"
748619325997649920,#fucking #bitches webcam Model strips off her gorgeous body in lingerie https://t.co/VOYPkXtON6 https://t.co/qAB0dWaF9p
715674356551192580,Enchanting #teen #whores Ellen Peterson And Nataly #fucking a giant #dick in bedroom - https://t.co/rVE3Ofd0L5 - #adult #ass #xxx
748608237738463232,#whores #fucking #camGirl Bitch with giant tits gives an amazing blowjob https://t.co/V3KJRx2uhI https://t.co/vtYf9Xcipi
748555881793658880,@waytriggered we're not #white #fucking #males #whitefuckingmale
715678269174099968,"#I #fucking #hate #hashtags

Look, mom! I can use twitter!"
715664604060196864,"#fucking home from: home, Woman from Messina, 47 years https://t.co/522Yw5FEPv #hustler"
748600576661983232,How the #Fucking #War on #Drugs drives Illegal #Immigration  https://t.co/bZf3nGYciW #Arizona #Ohio #Colorado #Nebraska #Texas #Louisiana
715684733083131904,I wanna hear some blackcock desires or stories #bbc #blackcocktraining #blackcocklove #blackcockworkship #fucking
748663602702217216,This Is The Craziest Game Show You've EVER Seen . . . OMG!! https://t.co/1vCJ9R7Sqs  #bigass #fucking
748662135413084160,Making Love In The Bedrom - https://t.co/eiPqoz8MtN  #Fucking #Pinay #China #Babe #Facesitting
748600526502301697,#letterman #willow #alexwen #yareel #fucking #strangling #hotguy CLICK TO WATCH ‚û° https://t.co/S5BqatFCf3 https://t.co/vplUh81STY
715675221655576576,3290 Click: https://t.co/Q7jm0i6xeo #fuck #fucks #porn #video #videos #vidz #XXX #free #fine #feel #Fucking #Fucked #fantasy #fantastic
748630461572739073,"#porn Asian Annie Cruz deepl anal fuck: 
The post Asian Annie Cruz deepl anal fuck appeared first on... https://t.co/HTHjdiRi6d #fucking"
715675170103549952,Because #fucking strangers in a brick and mortar hotel is so last millennium - via @BostInno @TheSleepbox https://t.co/68wOfceyIL #reality
748659623347924996,@photosandbacon hey Icees are #fucking important!
715678206712369152,"Barbra and Susan  frantically rubs her clit while fucking: #Barbra and Susan
 #rubs #frantically #fucking
 #cl... https://t.co/uhFBnd5I63"
715676496585691136,Playtime! LIVE NOW: https://t.co/2EjVE7L9vE #pussy #fucking #nylon #nudewebcam https://t.co/kMs9fSRZQV
748556755185991680,Erica and Margie horny is on a sofa fucking hard doggystyle with Sung: #Margie #horny #Erica #sofa #hard #fucking https://t.co/sanQsWGgzc
748551309960196096,Porn Video Amateur Secretary In Hot Stockings With Tight Ass Anal Fucked In The Office vXd https://t.co/tqX2DYXl09 #fucking #porn_video
748664898528260096,Dolly and Charmaine likes fucking with some big sex toys selfie: #Charmaine #Dolly #with #some #likes #fucking https://t.co/98aRUaXrYl
715663783197339649,#adult #pussy #milf #video #videos #busty #cougar #bigtits #slut #vagina #fucking Sex Video=&gt;https://t.co/5PbCwqWQhd https://t.co/j33izOZ4aR
748644259297906692,my life would b so much easier if i had a job.. üòú #skint #to #fucking #bone
748630962054004736,@Dodge #fucking junk
715658177295949824,3769 Click: https://t.co/T0KijYtMiV #fuck #fucks #porn #video #videos #vidz #XXX #free #fine #feel #Fucking #Fucked #fantasy #fantastic
748630458108248064,"#porn Holly Halston gives blowjob and fucks her man: 
The post Holly Halston gives blowjob and fucks... https://t.co/yzuXWoaBDc #fucking"
715657991752527872,3287 Click: https://t.co/Q7jm0i6xeo #fuck #fucks #porn #video #videos #vidz #XXX #free #fine #feel #Fucking #Fucked #fantasy #fantastic
748581448827838464,Jamal and Jenny dirty angel amy ried fucking like a true whore on tinder: #Jenny #dirty #Jamal #ried #fucking... https://t.co/UculgZYtDX
715685611127046144,Shit I love #fucking üëÖüí¶
748623570922663936,"#hardsex iamcheeky from: iamcheeky, Woman from Port Elizabeth, 30 years https://t.co/78s9PTQ2f5
 #fucking"
748623555663826944,"#hardsex iamcheeky from: iamcheeky, Woman from Port Elizabeth, 30 years https://t.co/pKwKcayXvD
 #fucking"
715689034442387457,#NSFW #PORN #FUCKING My Sexy Kittens 20 Scene 3:  https://t.co/QrAFZQMlZv #SEX #XXX #MOVIES
748549228104814594,2867 Click: https://t.co/Q7jm0i6xeo #fuck #fucks #porn #video #videos #vidz #XXX #free #fine #feel #Fucking #Fucked #fantasy #fantastic
748581449524088833,Christy and Sandy fucking with her nasty step father on reddit: #Sandy #Christy #nasty #fucking #with #father #step https://t.co/3JthJKPfFa
748660948857028608,"#porn A diet of eating pussy and licking ass: 
The post A diet of eating pussy and licking ass appea... https://t.co/FLAEz6Ej7q #fucking"
748666178696994817,3275 Click: https://t.co/Q7jm0i6xeo #fuck #fucks #porn #video #videos #vidz #XXX #free #fine #feel #Fucking #Fucked #fantasy #fantastic
748664900071751682,Mable and Lilia at a bar fucking her wet pussy deep on snapchat: #Lilia #Mable #fucking https://t.co/dIDPL8YxQr
748602834262720513,"#hardsex luckieluv from: luckieluv, Woman from Caserta, 32 years https://t.co/m9znMppDDb #fucking"
715683557666992128,"What's that #Lassie? Timmy's #fucking a #whale? Oh. Timmy's stuck in a well. You need to enunciate, #dog."
715687746682028032,3578 Click: https://t.co/T0KijYtMiV #fuck #fucks #porn #video #videos #vidz #XXX #free #fine #feel #Fucking #Fucked #fantasy #fantastic
715658170023149568,Tempting #brunette japan minx Suzanna #fucking a rabbit #dildo for three dudes - https://t.co/BrMfDzWLbV - #nsfw #horny #naked
715663992597950464,#adult #pussy #milf #video #videos #busty #cougar #bigtits #slut #vagina #fucking Sex Video=&gt;https://t.co/5PbCwqWQhd https://t.co/7aXd3zcIVT
748663090493825024,Porn Video She Begged Me To Fuck Her Ass https://t.co/Mo2FpM2w1B #fucking #porn_video
748630457365860354,"#porn Asian Annie Cruz deepl anal fuck: 
The post Asian Annie Cruz deepl anal fuck appeared first on... https://t.co/K2wXYHZsrt #fucking"
748648735450619904,Selena and Chasity big booty girl fucking a large cock and Winston: #Chasity #Selena #fucking #booty #girl #c... https://t.co/ZKbjuiyNpa
748582397235499008,Johanna and Shelly brunette babe fucking a fock: #Shelly #brunette #Johanna #fock #babe #fucking https://t.co/KatmJ9RxG4
715683352691380224,"Alta and Rose  and friends take turns fucking a dude: #Alta and Rose
 #friends #take #dude
 #turns #fucking https://t.co/uuCBWCb0UV"
748660952627712001,"#porn A diet of eating pussy and licking ass: 
The post A diet of eating pussy and licking ass appea... https://t.co/boDniNwaqc #fucking"
715688934798286848,#fucking #deepthroat #pantyhouse Babe looking naughty riding on top https://t.co/mkYwquY7j3 https://t.co/9tUCnA7gvw
748662491115200512,Love and Victoria babe likes fucking in front of her hubby on whatsapp: #Victoria #babe #Love #front #likes #fucking https://t.co/MtRzGAejiK
748551213298257920,"#porn Courtney has nice titties and gets messy here: 
The post Courtney has nice titties and gets me... https://t.co/JVs6SU59IL #fucking"
715683917383086080,3576 Click: https://t.co/Q7jm0i6xeo #fuck #fucks #porn #video #videos #vidz #XXX #free #fine #feel #Fucking #Fucked #fantasy #fantastic
748540415591096320,2806 Click: https://t.co/Q7jm0i6xeo #fuck #fucks #porn #video #videos #vidz #XXX #free #fine #feel #Fucking #Fucked #fantasy #fantastic
748609923316129792,MichaelaSexy https://t.co/cm8bGwrAXp #sex #cam #breast #couples #fucking
715679838045147137,ArousingNancy https://t.co/DTnjAik1mI #sex #cam #breast #couples #fucking
715663881973137408,#adult #pussy #milf #video #videos #busty #cougar #bigtits #slut #vagina #fucking Sex Video=&gt;https://t.co/5PbCwqWQhd https://t.co/40VfCSs4tw
715689119553204224,"Megan Rain and Antonia  lubed up and taking a hard fucking: #Megan Rain and Antonia
 #lubed #hard #fucking
 #taking https://t.co/Oc4EcpLxkv"
715666352363712514,Feeling horny? I can make you ... https://t.co/6wranOYIfU #chat #fucking #solo #nudecam https://t.co/GfMa7OzxGf
748551216095846400,"#porn Courtney has nice titties and gets messy here: 
The post Courtney has nice titties and gets me... https://t.co/EJg6Nyf6Qd #fucking"
715664605549174784,"#fucking cutieinbed from: cutieinbed, Woman from Rome, 40 years https://t.co/3AiPtvaNxh #hustler"
715685289415417856,"Whitney and Mollie  on her back legs spread fucking: #Whitney and Mollie
 #back #fucking
 #legs #spread https://t.co/vnmJkfJzsz"
748609103069536256,Reed shows off her sucking and fucking skills with Regina and Norma: #shows #Reed #fucking #sucking #with #skills https://t.co/PdQpErXjhW
715678923078680578,Find a horny local tonight for casual NSA fun! https://t.co/2x4hvdgNuL #naked #fucking #cunt #sexlife https://t.co/o371sYaZmy
715654392641359872,JulieLovely https://t.co/01QnY6PPHF #sex #cam #breast #couples #fucking
748581268418334720,Not even at the first break of the finale of Game Of Thrones and am outta breath the amount of times I've went 'auhhhhh üò¶üò¶üò¶' #fucking #shock
748603511114326016,Felicia and Reva sexy babe sucking and fucking big black dick outside: #Reva #sexy #Felicia #fucking #babe #s... https://t.co/DubtmeHqdt
748519016805785604,Pretty Korean teen slut fucking with BF https://t.co/MZ72JfN0qO via https://t.co/VLk4tfH5MI #NgecrotTube #pretty #korean #fucking
748550539483324416,2701 Click: https://t.co/T0KijYtMiV #fuck #fucks #porn #video #videos #vidz #XXX #free #fine #feel #Fucking #Fucked #fantasy #fantastic
748539689720700928,"#fucking paola from: paola, Woman from Milano, 28 years https://t.co/90YDsGemPU #hustler"
748639760785211392,RT Video: https://t.co/Yz9qtBkrlJ &amp;quot;Ever been with a hottie?&amp;quot; &amp;quot;No&amp;quot; &amp;quot;Have you eve  #Fucking #sexy #porn
715687691065622528,RianaMay https://t.co/mlhBHq4msR #sex #cam #breast #couples #fucking
748602839350403072,"#hardsex luckieluv from: luckieluv, Woman from Caserta, 32 years https://t.co/NvAzMvrZks #fucking"
748618518615187461,#adult #pussy #milf #video #videos #busty #cougar #bigtits #slut #vagina #fucking Sex Video=&gt;https://t.co/5PbCwqWQhd https://t.co/UDogbLJWoK
748589486657855488,Felicia is naked and enjoying a sixtynine fucking on webcam: #naked #Felicia #sixtynine #enjoying #fucking https://t.co/ju5aRsd7ab
715689152272969728,Porn Video Blindfolded Guy Thought He Was Fucking His Girlfriend https://t.co/Ygvq1IfSUA #fucking #porn_video
715655996861972480,See me on webcam: https://t.co/loJye733As #video #fucking #dirtykik #sexparty https://t.co/V3bnOzhazp
748539588713426944,Estelle big booty girl fucking a strong cock with Brent: #booty #girl #Estelle #strong #cock #fucking #Brent #with https://t.co/l1VTlw0dMN
715663525113409536,im in a not grand mood. #the #world #sorta #fucking #sucks
748630462306750464,"#porn Holly Halston gives blowjob and fucks her man: 
The post Holly Halston gives blowjob and fucks... https://t.co/C8iFgrglh8 #fucking"
715676485214810112,3882 Click: https://t.co/T0KijYtMiV #fuck #fucks #porn #video #videos #vidz #XXX #free #fine #feel #Fucking #Fucked #fantasy #fantastic
715663588149608448,#hentai #couple is #fucking in the middle of the space - https://t.co/wcPujOEDxm - #porn #fuck #nude
748648805180940288,3305 Click: https://t.co/Q7jm0i6xeo #fuck #fucks #porn #video #videos #vidz #XXX #free #fine #feel #Fucking #Fucked #fantasy #fantastic
748642512680681472,watched #thewomenwhokilllions for five minutes and I already hate everyone involved in it #retarded #fucking #arseholes #slaphernow
715530450597359616,"Jessica and Josie  and friends take turns fucking a dude: #Jessica and Josie
 #friends #take #dude
 #turns #fucking https://t.co/N12Ivbsjrb"
715580249023582209,I'm back online come join me in a sexy chat: https://t.co/lITOXScvU9 #nsfw #fucking #brunettes #bootylovers https://t.co/RAM2sRGF4X
715615156189921281,I wanna have sex outside. Join me: https://t.co/dKHm4wL3CT #selfie #fucking #bang #cumshow https://t.co/w7pBaFe9wC
715578547692134401,#gorgeous #blonde #teen #sluts Brittney Skye And Rita Faltoyano #fucking a monster cock - https://t.co/nV0URoHjiX - #fuck #nude #adult
715632709977157632,Two #sensual #lesbians #fucking a monster schlong on the couch - https://t.co/VNtaxoItK1 - #xxx #video #hot
715596941439029250,"Darlene and Celia  fucking two big leather bound freaks: #Darlene and Celia
 #fucking #freaks
 #leather #bound https://t.co/QM31mxWz5e"
715630060779143168,"Ada and Nikki Benz  covered in cum after a nasty fucking: #Ada and Nikki Benz
 #covered #nasty #fucking
 #after https://t.co/pkIYgYRKR8"
715636258781827072,"Pauline and Corrine  fucking a cock with ashlynn leigh: #Pauline and Corrine
 #cock #fucking #leigh
 #with #ashlynn https://t.co/To7US4JSOr"
715572054624440320,Spit or swallow? #periscope #horny #skype #boy #girl #teen #15 #16 #17 #18+ #sex #fucking #blowjobs
715652705692180480,"Laverne and Anissa Kate  enjoys a hard fucking doggystyle: #Laverne and Anissa Kate
 #hard #enjoys #fucking #d... https://t.co/eQfdh1awxi"
715630061840310272,"Hester and Grace  butt naked on a desk fucking hard: #Hester and Grace
 #naked #butt #fucking #hard
 #desk https://t.co/MbRVOwXL1p"
715561578234560512,#anal #kinky #fucking Cathy Heaven - https://t.co/M6mIz8FbFJ - #fuck #nude #adult
715633786252365824,Time to join  https://t.co/9auK4g7OmD #adult #fucking #fucks #intimacy https://t.co/OCnOtyTBKZ
715566289922686976,#teen #fucking grandpa - https://t.co/x1XG9n3hfC - #hot #amateur #sexy
715546764858695684,2987 Click: https://t.co/Q7jm0i6xeo #fuck #fucks #porn #video #videos #vidz #XXX #free #fine #feel #Fucking #Fucked #fantasy #fantastic
715551792474357762,"Valerie and Dillion Harper  fucking cock and getting pussy eaten: #Valerie and Dillion Harper
 #cock #fucking ... https://t.co/NxdwatphXa"
715552168682590208,Two #sensual #lesbians #fucking a monster schlong on the couch - https://t.co/xmAiQdAZPI - #xxx #video #hot
715566834691543041,#hot #blonde #babe in fishnets #fucking a giant glass dildo - https://t.co/pLWMGSPctg - #nude #adult #ass
715607330113478656,"Georgette and Rose  on her back fucking wet pussy: #Georgette and Rose
 #back #pussy
 #fucking https://t.co/mWHED5daLK"
715634057657212928,"Maryanne and Shari stunning girl fucking a large glass dildo: #Maryanne and Shari
 #fucking #stunning #girl #d... https://t.co/gLEX9MozUI"
715580109722296320,Porn Video Fat Old Black Granny Fucked By Young Lover Outdoor https://t.co/RR6LleEcEi #fucking #porn_video
715650912354746368,MMVFilms Uncle #fucking a cute #teen girl hard - https://t.co/Lv2Zwb54qu - #sex #porn #fuck
715615017090097152,new on https://t.co/nRDEgjoygz  - #threesome #fucking #Doggy_style #maturemoms https://t.co/YX6S6Pdll7
715579191027040256,Hot brunette babe lingerie model gets off in the naked #fucking #sideboob https://t.co/sivf1PSZ19 https://t.co/wWhYMG2ZbY
715554370616569856,"Francis and Marissa  loving some groupsex fucking: #Francis and Marissa
 #some #groupsex #loving #fucking https://t.co/5GQKhYe0zV"
715655674919669764,Porn Video Sizzling Hot Model Tricked To Do Porn On Photo Session https://t.co/NvF2gpoDGC #fucking #porn_video
715581096226738176,"Edith and Angela White  on all fours fucking doggie style: #Edith and Angela White
 #fours #style
 #fucking #doggie https://t.co/dPTAFQQTmb"
715587919734374400,This lady found herself a truly big black cock: https://t.co/CLWC3QAuTM (@QueenSpadesNET) #interracial #blowjob #fucking
715534425979809792,#fucking Brit - https://t.co/Id9pL05Zr3 - #ass #xxx #video
715566043133923328,"Jayne and Moore  bent right over fucking doggystyle: #Jayne and Moore
 #right #over #bent #fucking #doggystyle https://t.co/ziXfsvsfLo"
715573906678104064,Want to see me play? https://t.co/ouWP73LTpY #adult #fucking #tattooed #femaledomination https://t.co/jYrOET27Pk
715637154521567232,3286 Click: https://t.co/Q7jm0i6xeo #fuck #fucks #porn #video #videos #vidz #XXX #free #fine #feel #Fucking #Fucked #fantasy #fantastic
715621195836555264,"Jessica and Etta  and sexy cassandra cruz fucking a guy: #Jessica and Etta
 #sexy #cassandra #guy
 #cruz #fucking https://t.co/MlpO75vFWT"
715633912538529792,#NSFW #sex #porn Tiff Bannister‚Äôs Porn Stud Tryouts ‚Äì Episode 2:  https://t.co/u7sYz7cvFF #xxx #fucking #movie
715578989520093184,"Stacey and Jolene  naked on her knees titty fucking a hard dick: #Stacey and Jolene
 #naked #fucking #knees #t... https://t.co/TvOx0C4KCQ"
715606648778305536,"hipfuck:

Fill her up
 https://t.co/vEH2zBshpj #fucking, sex"
715596950045724672,"Darlene and Celia  fucking two big leather bound freaks: #Darlene and Celia
 #fucking #freaks
 #leather #bound https://t.co/Ox0MJ7yoR9"
715606072518582272,3676 Click: https://t.co/T0KijYtMiV #fuck #fucks #porn #video #videos #vidz #XXX #free #fine #feel #Fucking #Fucked #fantasy #fantastic
715584437443043328,Getting ready for fun... https://t.co/ynSWdPbqK9 #blowjob #fucking #casting #cumonface https://t.co/VN2wzaBvGF
715597231299158016,#busty #blonde #babe in fishnets #fucking a large glass #dildo on the couch - https://t.co/sxoMC3Lcxz - #nude #adult #ass
715633876849139712,"#hardsex hotsex4you from: hotsex4you, Woman from Bucuresti, 28 years https://t.co/Vmd9E1R2Gp #fucking"
715637589001113600,4231 Click: https://t.co/T0KijYtMiV #fuck #fucks #porn #video #videos #vidz #XXX #free #fine #feel #Fucking #Fucked #fantasy #fantastic
715593154322255872,"#fucking paola from: paola, Woman from Milano, 28 years https://t.co/JN7VLgOaRM #hustler"
715584862967607298,"#hardsex kitty douce from: kitty douce, Woman from Lyon, 34 years https://t.co/5ylwJYHIk6 #fucking"
715619888346308608,Time to join  https://t.co/f2PdRclGLX #adult #fucking #fucks #intimacy https://t.co/oZqwWlT7D2
715530120010792960,do I really need an education? ü§î #fuck #school #but #i #want #to #be #fucking #12 #soo #ig
715584856684560384,"#hardsex kitty douce from: kitty douce, Woman from Lyon, 34 years https://t.co/M9BaapFIei #fucking"
715650602299179008,Care to see me getting naughty ? Then Join me https://t.co/kHvr1O54FS #adult #fucking #pornvideo #hottiesofthenet https://t.co/yln5qEMo6G
715547538644803585,"Ursula and Maggie  laying down fucking herself hard: #Ursula and Maggie
 #down #fucking #laying #herself #hard https://t.co/EkXiIO279i"
715580209689395200,Getting ready for fun... https://t.co/tTqAWwbalM #blowjob #fucking #casting #cumonface https://t.co/GCga7pghla
715654308365209600,If you are bored I am online now! Go say hi:) https://t.co/JP2CVoiKjh #amateur #fucking #young #sexvideos https://t.co/zZtddJ5Tb9
715620641202913280,Superb #blonde #bitch #fucking a monster #cock with her massive big tits - https://t.co/aRMvVQHEWY - #hot #amateur #sexy
715566877846556676,#fucking #selfie üíë Sexy redhead chick goddess masturbates with toy https://t.co/HTOh8rLEIe
715629594183909376,#teen #fucking grandpa - https://t.co/ZyAROPZIIi - #hot #amateur #sexy
715554541349933058,"Alisha and Dorthy  fucking a big cock in a bathroom: #Alisha and Dorthy
 #fucking #bathroom
 #cock https://t.co/geFRmAxhB1"
715584943145914368,"Marsha and Mabel  is fucking with her huge tits out: #Marsha and Mabel
 #fucking #with #tits #out
 #huge https://t.co/Un1mnDEZBS"
715647218347335681,"just started watching transparent on #AmazonPrime , really #fucking #good #lovedit https://t.co/MEhU2TuyUr"
715567200950550530,4283 Click: https://t.co/T0KijYtMiV #fuck #fucks #porn #video #videos #vidz #XXX #free #fine #feel #Fucking #Fucked #fantasy #fantastic
715641546478075905,Click here if you wanna watch me getting naughty for you https://t.co/MLxU3cq6h1 #pussy #fucking #dates #lingeries https://t.co/n7h7HbikLH
715615800158072833,"Samantha and Concetta hot babe fucking with peter north: #Samantha and Concetta
 #fucking #with #babe #peter #north https://t.co/Z1eEI0KYwd"
715633881924304897,"#hardsex hotsex4you from: hotsex4you, Woman from Bucuresti, 28 years https://t.co/rQ6v62NDXh #fucking"
715531722079612929,"Sophie and Bernadette  and friends do some kinky fucking: #Sophie and Bernadette
 #friends #fucking
 #some #kinky https://t.co/LOrHHAhQ3b"
715530471950561280,"Marilyn and Evelyn  takes a major ass fucking for the first time: #Marilyn and Evelyn
 #major #takes #fucking ... https://t.co/1EaDZBTBFn"
715647179667341312,4267 Click: https://t.co/T0KijYtMiV #fuck #fucks #porn #video #videos #vidz #XXX #free #fine #feel #Fucking #Fucked #fantasy #fantastic
715621630517489665,Superb #blonde #bitch #fucking a monster #cock with her massive big tits - https://t.co/5A9duk6SUf - #hot #amateur #sexy
715559467190976512,Rainbbow https://t.co/KoPSRblv7s #sex #cam #breast #couples #fucking
715597035412434946,4003 Click: https://t.co/T0KijYtMiV #fuck #fucks #porn #video #videos #vidz #XXX #free #fine #feel #Fucking #Fucked #fantasy #fantastic
715633316343492611,Show me a beautiful woman and i will  show  you someone how  is tired  of  #fucking  her
715592583251161088,#FUCKING #clips4sale Brutally fucked and fisted .... https://t.co/l89PkWyn3W  via @clips4sale https://t.co/IaQzQjTMn7
715584850804105216,"Queen and Herminia  slams her legs back loving fucking: #Queen and Herminia
 #legs #slams #fucking
 #back #loving https://t.co/IMgxxrOPgZ"
715636256307150848,"Fannie and Aurelia  came in for a massage but ended up fucking: #Fannie and Aurelia
 #came #ended #massage #fucking https://t.co/Go0IuTzGiI"
715578605926027264,Superb #blonde #bitch #fucking a monster #cock with her massive big tits - https://t.co/ucb0ULNI4P - #hot #amateur #sexy
715634117807710208,"Karen and Lizzie dominatrix fucking her slave boy: #Karen and Lizzie
 #slave #dominatrix #fucking https://t.co/zcpJMAyu0U"
715552891776475136,See me And Enjoy With Me All Night on LIVE Webcam https://t.co/T4zTWsIuIB #ass #fucking #latex #hairyteens https://t.co/qlWEICTuNI
715654826219204609,#teen #fucking grandpa - https://t.co/wUJHOBF7IV - #hot #amateur #sexy
715554442632892416,#outdoor #fucking #threesome #mature #milf #cumshot New on https://t.co/h5v96dyu2p  https://t.co/0Jr1dbJjCY https://t.co/0Jr1dbJjCY
715624198698319872,Click here if you wanna watch me getting naughty for you https://t.co/a6EOEuXaGs #pussy #fucking #dates #lingeries https://t.co/0hdY823HXI
715578990837116929,"Laurel  rios is loving some kinky groupsex fucking: #Laurel
 #loving #rios #groupsex #fucking
 #some #kinky https://t.co/32OvAd0etm"
715586006997557248,4169 Click: https://t.co/T0KijYtMiV #fuck #fucks #porn #video #videos #vidz #XXX #free #fine #feel #Fucking #Fucked #fantasy #fantastic
715620280828358656,#fucking her Big Tits - https://t.co/4c9sFAVaY7 - #adult #ass #xxx
715613622618218496,See me And Enjoy With Me All Night on LIVE Webcam https://t.co/gkev5xJ00I #ass #fucking #latex #hairyteens https://t.co/pvzAUq3OtS
715566889359912961,3281 Click: https://t.co/Q7jm0i6xeo #fuck #fucks #porn #video #videos #vidz #XXX #free #fine #feel #Fucking #Fucked #fantasy #fantastic
715633435763539968,"Leigh and Irma  taught a lesson in hard fucking after class: #Leigh and Irma
 #lesson #taught #fucking #after ... https://t.co/8bfpeZAPnV"
715629948644564992,See me on webcam: https://t.co/XvMNcJ7Zng #video #fucking #dirtykik #sexparty https://t.co/MdSaBiIwmN
715531253601185792,I fell on my fridge and my friend to get ourselves a #fucking #machine!
715546860144844801,"Yvonne and Tameka  at a bar fucking her wet pussy deep: #Yvonne and Tameka
 #pussy #fucking #deep https://t.co/kptTa0S0IQ"
715621728227975168,"Nancy and Catherine  sucking and fucking a black cock: #Nancy and Catherine
 #fucking #sucking #cock
 #black https://t.co/8UUtf32HD5"
715593153470857216,"#fucking donnadora from: donnadora, Woman from Valencia, 50 years https://t.co/lC7iFCIx9x #hustler"
715592842601598976,3284 Click: https://t.co/Q7jm0i6xeo #fuck #fucks #porn #video #videos #vidz #XXX #free #fine #feel #Fucking #Fucked #fantasy #fantastic
715536182684200961,"Vanessa  fingering her pussy before fucking a dick: #Vanessa
 #pussy #fingering #dick
 #before #fucking https://t.co/5S47F1vpk3"
715592483225272321,"Kristy and Vicki blonde babe fucking doggystyle: #Kristy and Vicki
 #fucking #doggystyle
 #blonde #babe https://t.co/RV4UffZgXL"
715547223358967808,4376 Click: https://t.co/T0KijYtMiV #fuck #fucks #porn #video #videos #vidz #XXX #free #fine #feel #Fucking #Fucked #fantasy #fantastic
715642272063307776,I'm online - join me: https://t.co/0Zdqr4FMRr #video #fucking #adulttoys #nfsw https://t.co/QywBzEIrx7
715657272622329856,"Gena and Patrice  with big boobs fucking a giant prick: #Gena and Patrice
 #boobs #with #giant #prick
 #fucking https://t.co/gMILvtSKwM"
715579468199424008,Feeling frisky? I can help you out https://t.co/BDvRWA1cwi #hot #fucking #bum #nakedwebcam https://t.co/UVq6XiNsND
715559967730696193,#Fucking humans killing all in their way. #STOP #KillYourFuckingMother #Japon #Whales #StopAbuse #KillYourFamily https://t.co/8qu95704es
715608085776232451,See me And Enjoy With Me All Night on LIVE Webcam https://t.co/JTEw6OPiQP #ass #fucking #latex #hairyteens https://t.co/jTnP6dAaf1
715572371328000000,#sweet #busty teens Ellen Peterson And Nataly #fucking a giant prick - https://t.co/B6VNlMlXvD - #xxx #video #hot
715616807483215872,Feeling frisky? I can help you out https://t.co/msDGwzdfJj #hot #fucking #bum #nakedwebcam https://t.co/tRCV08L7au
715647038151532544,"Oh, and to all you #whiny #fucking #SJW #Feminazi and #Whiteknights out there: You have no idea what it takes to get #pussy OR #PTSD Cowards"
715446723628281857,3639 Click: https://t.co/T0KijYtMiV #fuck #fucks #porn #video #videos #vidz #XXX #free #fine #feel #Fucking #Fucked #fantasy #fantastic
715521663329116160,Porn Video Tennis Instructor Gave Teen Other Kind Of Balls To Play With https://t.co/vfd9rrHmEd #fucking #porn_video
715437387325681664,3206 Click: https://t.co/T0KijYtMiV #fuck #fucks #porn #video #videos #vidz #XXX #free #fine #feel #Fucking #Fucked #fantasy #fantastic
715508134891094016,#hot #blonde #babe in fishnets #fucking a giant glass dildo - https://t.co/OY2tSwLzbt - #nude #adult #ass
715461494545203200,#sweet #busty teens Ellen Peterson And Nataly #fucking a giant prick - https://t.co/jRChRZ1tur - #xxx #video #hot
715477899793473536,MMVFilms Kelly Trump loves #fucking and a facial - https://t.co/rsIZemFf1j - #porn #fuck #nude
715467715633242114,2673 Click: https://t.co/Q7jm0i6xeo #fuck #fucks #porn #video #videos #vidz #XXX #free #fine #feel #Fucking #Fucked #fantasy #fantastic
715516585000116224,"Pearl and Shelly stunning loves getting a hard fucking: #Pearl and Shelly
 #getting #stunning #loves #hard #fucking https://t.co/VoxlBVW3b3"
715445910394773504,Excited #asian trollop Asia #sucking and #fucking a massive #black dong for warm sperm - https://t.co/iVjCne080P - #fuck #nude #adult
715467596703793152,"Lolita and Camille  sucking and fucking a massive cock: #Lolita and Camille
 #fucking #sucking #cock
 #massive https://t.co/C9iYgnNKk0"
715481473827012610,"Ebony and Phoenix Marie  enjoys some three way fucking: #Ebony and Phoenix Marie
 #some #three #enjoys #fucking https://t.co/rSwisE5ARw"
715485672157523969,That's Fun: https://t.co/BlBVEXJH1a #nsfw #fucking #nylons #seduce https://t.co/WJYN5uExW5
715478948189048832,New on #mdh @MDH_clips @AnnyAuroraPorn https://t.co/k6q9ngsmyG  #fucking https://t.co/01EFeap5uz
715416148402159616,I'm back online come join me in a sexy chat: https://t.co/WbWRVF8uWV #nsfw #fucking #brunettes #bootylovers https://t.co/WBS1LEP8Wd
715477470934224896,"#NSFW #sex #porn Brandi DPs herself in the bathtub, the video:  https://t.co/nJdjdM7eCU #xxx #fucking #movie"
715408040783011845,#fucking #blowjob pussy Vampiress baby sucks on a desk showing her feet and https://t.co/XnXA4CgXlk
715423886767222784,Insidious latina wench Amanda #sucking and #fucking a monster shaft outdoors - https://t.co/I70d2K7fPE - #adult #ass #xxx
715423451721281536,"#fucking Leen from: Leen, Woman from Zurich, 35 years https://t.co/6vcpzREQs4 #hustler"
715463104646111232,"Alisa and April  sucking and fucking in the office: #Alisa and April
 #fucking #sucking #office https://t.co/97PPzVm3DB"
715514479782440961,"Nellie and Shelley  fucking a big cock in a garage: #Nellie and Shelley
 #fucking #garage
 #cock https://t.co/HiRNTVmBSC"
715516672958865408,#NSFW #sex #porn SCORE WILF Makes It Big:  https://t.co/pWjRntQ03t #xxx #fucking #movie
715463036279070720,Two #sensual #lesbians #fucking a monster schlong on the couch - https://t.co/byU3EoPbfC - #xxx #video #hot
715414202681143296,"Marquita  on her knees fucking doggystyle: #Marquita
 #knees #fucking #doggystyle https://t.co/CzeSGxIFtC"
715446012236595200,"Young and Stella  and claire dames wrestling then fucking: #Young and Stella
 #claire #dames #fucking
 #wrestl... https://t.co/mgh4OuNGFm"
715448489388314624,"Peggy and Celina  fucking with other busty blonde slut: #Peggy and Celina
 #with #other #fucking #slut
 #busty... https://t.co/E5G66vEUD7"
715521839301267457,Two #sensual #lesbians #fucking a monster schlong on the couch - https://t.co/opyiCeEShz - #xxx #video #hot
715469771316338689,Finger #fucking lesbians - https://t.co/wjluS3cz76 - #sexy #nsfw #horny
715413200385155077,"#hardsex Susanne1986 from: Susanne1986, Woman from Wien, 29 years https://t.co/etibQKKbYS
 #fucking"
715416204425371648,"Janie and Carolyn hot is in the sunshine fucking two blokes: #Janie and Carolyn
 #blokes
 #sunshine #fucking https://t.co/XXpPaBLHMW"
715512402704465920,"@teawah_ U just showed that Nigerian girls are more matured,nice way to handle a #fucking case""##grow up KLOE..."
715414193969586177,"Marquita  on her knees fucking doggystyle: #Marquita
 #knees #fucking #doggystyle https://t.co/3GRnz2FyCg"
715463712803590144,Time to get naughty with me. Don't wait! https://t.co/NvoGAOm53E #naked #fucking #massage #teeny https://t.co/tsvru2bcIo
715456746995720192,Two #sensual #lesbians #fucking a monster schlong on the couch - https://t.co/zzWj0JFJyN - #xxx #video #hot
715468671980675072,"#hardsex chainedhoney from: chainedhoney, Woman from Venice, 24 years https://t.co/KccNVMfB9C #fucking"
715414642995044352,"Dava Foxx and Gilda brunette babe gets a butt fucking: #Dava Foxx and Gilda
 #gets #brunette #babe #butt #fucking https://t.co/mCvTlPZi4W"
715449889908391936,"Lynette babe loving some lesbian strap on fucking: #Lynette
 #some #lesbian #babe #loving #fucking
 #strap https://t.co/OAohuzN5Y1"
715507513400107008,Let's talk about sex baby! Join me https://t.co/1AGEGgoZ0D #boobs #fucking #hairypussy #buttfuck https://t.co/t1X62uGkvZ
715456693509853184,2500 Click: https://t.co/T0KijYtMiV #fuck #fucks #porn #video #videos #vidz #XXX #free #fine #feel #Fucking #Fucked #fantasy #fantastic
715505844507525120,#sweet #busty teens Ellen Peterson And Nataly #fucking a giant prick - https://t.co/Vqz7CcqayE - #xxx #video #hot
715471691669852160,"The Alligator! @jacobhenmcgill 
Day off food! #food #fucking #foodporn @ Le Barge https://t.co/3NpFobqoPu"
715476557947490305,3751 Click: https://t.co/T0KijYtMiV #fuck #fucks #porn #video #videos #vidz #XXX #free #fine #feel #Fucking #Fucked #fantasy #fantastic
715522743718916096,"#Fetish https://t.co/lz3iuoB5tM naked women, meet real live on line sex visit babes that strip naked fo... https://t.co/a8BUihfSlJ #fucking"
715526425764171779,"Linda and Barbra cutie blonde fucking like mad: #Linda and Barbra
 #fucking #like #cutie #blonde #mad https://t.co/hdtrX7ERW1"
715479667176660992,"Rhonda and Jacquelyn  gets ready for a good hard fucking: #Rhonda and Jacquelyn
 #ready #gets #hard #fucking
 #good https://t.co/xJZMtHOij9"
715476810067091456,MMVFilms Uncle #fucking a cute #teen girl hard - https://t.co/vwapgxCaUU - #sex #porn #fuck
715429294638366721,"June  sucking and fucking a thick man pipe: #June
 #fucking #sucking #pipe
 #thick https://t.co/EaPT7yQjqu"
715515682796900352,3839 Click: https://t.co/T0KijYtMiV #fuck #fucks #porn #video #videos #vidz #XXX #free #fine #feel #Fucking #Fucked #fantasy #fantastic
715438337738145793,2976 Click: https://t.co/Q7jm0i6xeo #fuck #fucks #porn #video #videos #vidz #XXX #free #fine #feel #Fucking #Fucked #fantasy #fantastic
715446379536056324,#sexy housemate #fucking her friend - https://t.co/Uzp5FPxBq1 - #video #hot #amateur
715448495650447360,"#fucking BML from: BML, Woman from Carnarvon, 49 years https://t.co/ZgjFnc3G7h #hustler"
715476457787564033,Two #sensual #lesbians #fucking a monster schlong on the couch - https://t.co/aM4hlbCsNq - #xxx #video #hot
715521082111819777,"#fucking aleonina45 from: aleonina45, Woman from Guarulhos, 39 years https://t.co/VWZNpguzlO #hustler"
715511221366034436,#babes #fucking bodystockings Sexy lingerie model gets into some bondage gear for https://t.co/C01X9nKu7X https://t.co/1T4HtrKyeg
715446031593254912,"Lesa and Matilda chunky assed babe fucking a big cock: #Lesa and Matilda
 #babe #fucking #chunky #assed #cock https://t.co/cR6LrRSBhV"
715447129699778560,2980 Click: https://t.co/Q7jm0i6xeo #fuck #fucks #porn #video #videos #vidz #XXX #free #fine #feel #Fucking #Fucked #fantasy #fantastic
715522674038951937,#fucking Captivating #Thai women on https://t.co/R8oNI1XwDS with delicious clean shaved holes like to tease men... https://t.co/YOj222lMJ2
715487585779331073,Two #sensual #lesbians #fucking a monster schlong on the couch - https://t.co/UQBWzewg3y - #xxx #video #hot
715521083428831232,"#fucking putona_patty200 from: putona_patty200, Woman from Osasco, 31 years https://t.co/vKBjSnQ0Da #hustler"
715413207301509120,"#hardsex Susanne1986 from: Susanne1986, Woman from Wien, 29 years https://t.co/6XFR0jUhaR
 #fucking"
715484455196975104,2982 Click: https://t.co/Q7jm0i6xeo #fuck #fucks #porn #video #videos #vidz #XXX #free #fine #feel #Fucking #Fucked #fantasy #fantastic
715460313320062976,"@astudentnow Yeah, and maybe tomorrow will be the day you... 
Oh, why do I bother?
#Fucking #Maltesers"
715511900424052736,Tempting #brunette japan minx Suzanna #fucking a rabbit #dildo for three dudes - https://t.co/jCgYGWSbFY - #nsfw #horny #naked
715514058531672064,"Bettye and Elva petite fucking a monster cock and loving it: #Bettye and Elva
 #monster #petite #fucking #lovi... https://t.co/HqbUxsQpzu"
715429592790478850,2978 Click: https://t.co/Q7jm0i6xeo #fuck #fucks #porn #video #videos #vidz #XXX #free #fine #feel #Fucking #Fucked #fantasy #fantastic
715477873054777344,Get a private show with me - you won't regret it! https://t.co/LjaBzDgA6j #porn #fucking #daporn #amaturporn https://t.co/dlvIKDEaA7
715485252831981570,"#hardsex hotsex4you from: hotsex4you, Woman from Bucuresti, 28 years https://t.co/8cNwGR7heO #fucking"
715464759982874624,1 am sleeping 4 am Get up #fucking no dormidores
715468472843694080,#sweet #busty teens Ellen Peterson And Nataly #fucking a giant prick - https://t.co/WX49iq4zhQ - #xxx #video #hot
715420532775096322,2979 Click: https://t.co/Q7jm0i6xeo #fuck #fucks #porn #video #videos #vidz #XXX #free #fine #feel #Fucking #Fucked #fantasy #fantastic
715522364386197504,Insidious latina wench Amanda #sucking and #fucking a monster shaft outdoors - https://t.co/V7aZgRqw2T - #adult #ass #xxx
715507062344646656,MMVFilms Kelly Trump loves #fucking and a facial - https://t.co/lP1WtpUhwh - #porn #fuck #nude
715522256714264577,I bet that #fucking #farm all 25000 voted for #Trudeau sign up here legalizepetition.ca #canada #420canadians https://t.co/DtIEROTuN1‚Äù
715471095407611906,Superb #blonde #bitch #fucking a monster #cock with her massive big tits - https://t.co/E5gvdTYPYc - #hot #amateur #sexy
715429193635340288,"#hardsex Donatienne from: Donatienne, Woman from Nantes, 27 years https://t.co/SdRnL2yUJU #fucking"
715521324131684356,I bet that #fucking #farm all 25000 voted for #Trudeau sign up here legalizepetition.ca #canada #420canadians https://t.co/CkACZmvWo7
715430301330235392,BettyPretty https://t.co/cMURKgwy8K #sex #cam #breast #couples #fucking
715420407336140800,Tonight's events were positively horrible but let me just say... Thank God I left two bars on stand by üòå #desperately #fucking #neededem üôÉü§óüéâ
715439540647768064,"Carol  squirts on a babe via a machine fucking: #Carol
 #squirts #machine #babe #fucking https://t.co/fprv26Dtmj"
715461585599381504,#sexy housemate #fucking her friend - https://t.co/Un4E98uVD3 - #video #hot #amateur
715456214491140096,#online now #bigcock #fucking #schwanz #blasen #sex on https://t.co/fa98Ht5SHG  @AnnyAuroraPorn @mydirtyhobby https://t.co/L9hvEsJQRf
715525706235531264,#NSFW #PORN #FUCKING Home Made Masturbation 3 Scene 7:  https://t.co/rbezr8wQmb #SEX #XXX #MOVIES
715416568352481280,"Jerold and Judy busty cop does some undercover fucking: #Jerold and Judy
 #does #some #busty #undercover #fucking https://t.co/GZCla1K4h4"
715415299906899968,3300 Click: https://t.co/T0KijYtMiV #fuck #fucks #porn #video #videos #vidz #XXX #free #fine #feel #Fucking #Fucked #fantasy #fantastic
715475776506728448,2672 Click: https://t.co/Q7jm0i6xeo #fuck #fucks #porn #video #videos #vidz #XXX #free #fine #feel #Fucking #Fucked #fantasy #fantastic
715479408425902080,"Megan and Lana slutty and another babe fucking: #Megan and Lana
 #another #babe #slutty #fucking https://t.co/cTq6im1d9T"
715485378413617152,3667 Click: https://t.co/T0KijYtMiV #fuck #fucks #porn #video #videos #vidz #XXX #free #fine #feel #Fucking #Fucked #fantasy #fantastic
715533960969850880,Tempting #brunette japan minx Suzanna #fucking a rabbit #dildo for three dudes - https://t.co/cM91chZ9Z0 - #nsfw #horny #naked
715525707523162112,#NSFW #PORN #FUCKING My sweet kitten:  https://t.co/iD8Us8uQDy #SEX #XXX #MOVIES
715430310192611328,"Where is your wife and who is she #fucking! You know you love it #cuckold
https://t.co/tk4jajj8TP 1-800-356-6169"
715521420873207808,"Leila and Antonia  on a bed enjoying strap on fucking: #Leila and Antonia
 #fucking
 #enjoying #strap https://t.co/lthk8aveII"
715450838609559552,"Clarissa and Deloris  exposes her globes and takes a fucking: #Clarissa and Deloris
 #globes #exposes #fucking... https://t.co/1fbjJ1G533"
715423452513959936,"#fucking aliga from: aliga, Woman from Perugia, 39 years https://t.co/BNSiZqZ00C #hustler"
715485246024654848,"#hardsex hotsex4you from: hotsex4you, Woman from Bucuresti, 28 years https://t.co/4mA8rn1Fn0 #fucking"
715456940185288704,"Kristi and Enid  foursome fucking with mikayla: #Kristi and Enid
 #fucking #with #foursome #mikayla https://t.co/nXCBMdLtUE"
715432137210654720,Two #sensual #lesbians #fucking a monster schlong on the couch - https://t.co/vP397JiZvc - #xxx #video #hot
715487599083675649,Alice_Dark https://t.co/DD1AljWknM #sex #cam #breast #couples #fucking
715521955311591424,"Four candles, plugs, saw tips and hose: https://t.co/jlXwFcCYrI #fucking #classic -- good job; well done Sir!! https://t.co/0So4KDfVDy"
715502030601621505,"Marina and Lorrie  fucking her horny neighbour on a couch: #Marina and Lorrie
 #horny #fucking #couch
 #neighbour https://t.co/0wpRrutzQJ"
715468666096078848,"#hardsex chainedhoney from: chainedhoney, Woman from Venice, 24 years https://t.co/9edCLxM2kq #fucking"
715521886755663873,Insidious latina wench Amanda #sucking and #fucking a monster shaft outdoors - https://t.co/dZ3CMYulEN - #adult #ass #xxx
