748237264879136768,What do you make of Trump's changing position on his call for a #MuslimBan? How do you think the proposed ban will play out in the election?
748563627733585925,"17-Year-old Pakistani Muslim Girl Burned Alive by Her Mother, in Traditional Muslim Honor killing.
https://t.co/IJmbiIi56n
#MuslimBan #Trump"
748561071162560512,@WalshFreedom @FoxNews Where speaking the truth about Islam has you labeled a racist although we have 1400 years of PROOF! #MuslimBan
747897916258295809,.@snide_clyde @chrlitt @republicanrehab A #MuslimBan is illogical for multiple reasons. :-)
748583298843217921,"Trump just pulled ahead of Clinton n a national poll for first time in more than a month https://t.co/K1LQ2qmlnO
#MAGA #GOP #MuslimBan #vets"
747815538739421184,"@realDonaldTrump @CNN Is Trump Pivoting? Ana Navarro ""Donald Trump Has Held More Positions Than Kuma Sutra"" Hilarious! #MuslimBan"
747490749961240577,"Muslim Mayhem! Murder enquiry launched after young woman found dead in refugee centre https://t.co/MFVDx0Zzwk
#DeportAllMuslims #MuslimBan"
747968613395509248,"""The Religion of Peace?"" WHY TO SIDE WITH TRUMP ON ISLAMIC MIGRATION #MuslimBan #StopIslam #NoIslam #MAGA https://t.co/2tYDcDsmlE ‚Ä¶"
747935158477561856,Americans are mostly rejecting Trump‚Äôs isolationist #MuslimBan | #StopIslamophobia #StrongerUnited #StopTheHate  https://t.co/jNLqTovCgM
747595438283358208,"‚ÄúYour Fault!‚Äù Why Western Women Get Raped by Muslims https://t.co/nlaagxxT3p
#MuslimBan #MakeAmericaSafeAgain #Trump #Trump2016"
747769050542055425,I understand Trump is changing from advocating for a #MuslimBan to a ban on immigrants from certain countries. https://t.co/AocE3AfrEJ
747578848850608128,"Hungary Committed to Hold EU Migrant Quota Referendum

https://t.co/K7VZ8MTItS
#MuslimBan #BANISLAM #PJNET #TCOT https://t.co/9S20Be1M2H"
748366484162940928,"#NowPlaying ""Breakdown of Latest Polls, #Trump's Shifting #MuslimBan, #Hillary's VP"" by @MarkJGrimaldi &amp; @BradBannon https://t.co/9gE5Qv0W9I"
747580938176040960,#donaldtrump once again changing his position. How many times he is going to do this. Signs of instability.  #muslimban @HillaryClinton
748545355273408512,"Memo: Clinton State Department Thought Huma Abedin-Connected Saudi Group Funded Terror - Breitbart https://t.co/Ek4kTJG8GR
#MuslimBan #vets"
748016143701520384,"What is Radical Islam?
@realDonaldTrump #MuslimBan #RadicalIslam #ReligionOfWar #IslamIsCancer #Trump2016  https://t.co/1OuSdqjXsk"
747604954920017921,@GwynneAbrams RETWEET- Silence from Mainstream Media: Canadians beheaded by Radical Muslims #MuslimBan STOP INSANITY https://t.co/aR34SUCpNj
747846749843230720,@RealBenCarson and Manafort said  @realDonaldTrump has 2 different sides! #Trump2016 #2FACESOFTRUMP Back-peddles on #MuslimBan #Fraud #Liar
747792405542248448,#Trump‚Äôs #Muslimban: From simple clarity to plain confusion https://t.co/rSR5gE0PRb
748050584096350209,"#DonaldTrump #MuslimBan

Trump Clarifies ‚ÄúMuslim Ban‚Äù Policy

Presumptive Republican presidential nominee #Donald... https://t.co/p1zI8DluJ5"
747792064897781760,"You may just laugh at #Trump's #MuslimBan view
But wait for the day when he's coming for YOU https://t.co/Gno8xMw1Qx"
747597170753208321,Mr. Tells-it-like-it-is #Trump apparently ready to drop #MuslimBan. Haha #EtchASketch #FlipFlopper #Dumbass https://t.co/IAEllEnFeJ
747957056821329920,Report and BLOCKüëâ@cookiemm31 #MuslimBan #BanIslam #IslamIsTheProblem @Support @FBI @CIA @SecretService @DHSgov
747778964337266688,"Suicidal INSANITYüëâWe R paying 4 MUSLIMS to plot R demise, in R country, with R money! #MuslimBan #MAGA https://t.co/Sj55SPV15a"
747592767333871616,So if no #muslimban  does that mean no wall? #DonaldTrump is a #sham #NeverTrump #shamTrump #cnn #foxnews #msnbc #abcnews #cbsnews #GOP
747853920832086016,@santiagos58 Awesome Blog post...Brilliantly points out the dangers of Islamic immigration! #MuslimBan #MAGA
748199803130097664,"Brussels Teachers Reported Muslim 'Excitement' Following Terror Attack

https://t.co/XoXphBnZpK
#MuslimBan #BanIslam https://t.co/cqWKTncxjc"
747604117573402624,"Rampaging Muslims Torch German Refugee Shelter as they increase their dominance over Cucked Germans. #MuslimBan 

https://t.co/l6WRTrgqac"
748543755217670144,"Australia: Muslim Teen Who Discussed 'Kangaroo Bomb' Found Guilty
https://t.co/DdMb2oKiap
#MuslimBan #BANISLAM #TCOT https://t.co/2iNbOVj8C6"
748224014238236673,"Denmark: Muslim 'Migrants' Pelt Graduates w/ Rocks &amp; Food

https://t.co/FovKAUPeNn
#MuslimBan #BanIslam #TCOT #PJNET https://t.co/MI2uEXGcmJ"
747764592663658496,Donald Trump has to show credibility on standing by what he says. He can't just harp about a #MuslimBan and then flip when polls drop.
748045626823311360,"WTF do you call this @BarackObama ? Thier not here for peace! #MuslimBan #Istanbul #AmericaFirst #MAGA
https://t.co/f6mdOmDFtv"
747592767338061824,So if no #muslimban  does that mean no wall? #DonaldTrump is a #sham #NeverTrump #shamTrump #cnn #foxnews #msnbc #abcnews #cbsnews #GOP
747947887649140741,"There should never be religious bans,but bans re: certain countries are legal &amp; constitutional. https://t.co/RwAjcAQs46 #MuslimBan"
748206426321883136,"Katrina Pierson is a liar. Trump's #MuslimBan was originally against all Muslims.
https://t.co/8GYxrle4u4 
https://t.co/KN3m0vSP4M"
748536952379555840,"EU Hopes Turkey Will Fill Void Left by Brexit

https://t.co/ZQn9a3q9zD

#MuslimBan #BANISLAM #PJNET #TCOT #STOPISLAM https://t.co/dhkc3eU8hQ"
747606204776472578,@RealJamesWoods RETWEET- Silence from Mainstream Media-Canadians beheaded by Radical Muslims #MuslimBan ITS INSANITY https://t.co/aR34SUCpNj
747605757554659329,@DiamondandSilk RETWEET- Silence from Mainstream Media: Canadians beheaded by Radical Muslims #MuslimBan INSANITY https://t.co/aR34SUCpNj
747805747262685184,"Muslim Kidnaps &amp; Rapes 13-Y-O Girl, Says it's her Fault, Sexually Assaults Woman

https://t.co/gM4jPVa6DA
#MuslimBan https://t.co/LFAMwvmrPm"
747592767329697793,So if no #muslimban  does that mean no wall? #DonaldTrump is a #sham #NeverTrump #shamTrump #cnn #foxnews #msnbc #abcnews #cbsnews #GOP
747944401171689472,"Congressman Brat: We Are In A Culture War With Islam
THANK YOU CONGRESSMAN BRAT!! #MuslimBan #IslamIsCancer https://t.co/5FLWSNg5tf"
747528914403229696,"Oopsy Daisy
Muslims Attempt to Plant Bomb at Rival Mosque Suffers Setback

https://t.co/vmc6KoP129

#MuslimBan #TCOT https://t.co/nQtKbxVJ6B"
748562614318399488,@realDonaldTrump Latest terrorist #Istanbul was from Russia (one).  Muslims from Russia now on #MuslimBan list? #TrumpPolicyCurious
748583606277279744,"This map shows how the rest of Europe is at risk from Brexit contagion https://t.co/H9M3nTaXdi
#MAGA #veterans #TrumpTrain #GOP #MuslimBan"
747492828788441088,"Muslims Enter Christian Village And Slaughter Six People:#WarOnIslam #MuslimBan.@realDonaldTrump 
 https://t.co/toTCwLPpVA"
748174630133735424,"@TPM 

#MuslimBan: 
‚ñ∂Ô∏èOnly a suggestion
‚ñ∂Ô∏èBy Trump, the TV character
‚ñ∂Ô∏èNever meant to target religion
‚ñ∂Ô∏èDishonestly spun by the media"
747589764950466565,#andersoncooper schooling dumb kayleigh on #CNN #muslimban #racism #politics
747983299591684096,#Fathers tell #Daughters You aint #Dating anyone unless I Know Who He is &amp; Where He's From. Sounds right yes? Like #Trump's Temp #MuslimBan.
748238195385458688,Now that his poll numbers are sliding #Trump's spox said he's no longer seeking a #MuslimBan at all. Isnt this a major part of his platform?
748559287052607489,"Media Blackout: US MUSLIM #Rapeugees brutally Rape Girl, 5 then urinate on her in Muslim Tradition. üëáüëá https://t.co/6LOawivHeN
#MuslimBan"
748584417447317504,"This is why we need a #MuslimBan. These people are NOT Americans, and never will be!

#IslamIsTheProblem
#MAGA

https://t.co/maatWooAof"
747571834963386368,"#Trump‚Äôs learning the art of ‚ÄúEvolving‚Äù on his positions too.
#MuslimBan"
748371403926306817,"Italy: Less Than 6% of 'Migrants' Obey Order to Return, 10,000 in 4 DAYS

https://t.co/faoiiCiL5R?
#MuslimBan #MAGA https://t.co/RaLBjxcGPI"
747902008556920832,"""Trump: OK THE BAN IS BACK ON!!""
#WhatsGoingOn #MuslimBan #LyingTrump #FlipFlopTrump https://t.co/cdGqfS0oCG"
747824423483346944,"Still confused by #DonaldTrump and his #muslimban. Ban Americans, Europeans and staunchly pro-US allies? ü§î https://t.co/CSq7IyCD8O"
748530745061277696,"As US Muslims plot more Terror Attacks, @SpeakerRyan ramps up plans to import more! 
#DumpRyan @pnehlen #MuslimBan https://t.co/Oy76vy9vbO"
748538619447607296,"üöΩ MT ""@chevalier__noir RT @ZuiverCor: EU Hopes Turkey Will Fill Void Left by Brexit  #MuslimBan #BANISLAM #PJNET #TCOT #STOPISLAM https:/‚Ä¶"""
747830048254730240,Coming up at 1PM EDT on @FoxNews - @JulianEpstein &amp; I join @JonScottFNC talking #Benghazi report &amp; @realDonaldTrump #MuslimBan cc @foxnation
748191309240893440,"Istanbul Attack: 'We Pray to Allah This was the Work of Our Brothers'

https://t.co/faXWJKPzLi
#MuslimBan #PJNET https://t.co/pK83LFqOCI"
748361064509739008,"German Train Passengers Stop Muslim Migrant Rape

https://t.co/AcGCg4e8M8
#MuslimBan #BANISLAM #PJNET
#STOPISLAM https://t.co/9ZMLvZQBXO"
747586428712923136,"61% of French Have UNfavorable View of EU

https://t.co/GEWM61h7BD
#Frexit
#LibTards #PJNET #MuslimBan #BANISLAM https://t.co/yR9VGAPVto"
748538205725728773,"Japan's Top Court: Surveillance of Muslims 'Necessary &amp; Inevitable'

https://t.co/k2YsgCZoOC
#MuslimBan #TCOT #PJNET https://t.co/9NQ8OviSdm"
747590034056962052,"Wow, these @realDonaldTrump cronies on @AC360 are unbelievable Defending every flip-flop. Are they really that blind? #muslimban #Trump"
747611626686185472,Dropping #MuslimBan to countries with terror links. Wonder what the build the wallers think... #Trump  https://t.co/Gjgct2ogtM
747896992345448448,.@chrlitt @republicanrehab Do you see a #MuslimBan is illogical cause it'd increase anti-American sentiments among Muslims already here?
748205601969168384,.@deray Katrina Pierson flat out lied about what Trump's #MuslimBan was to make it seem like it was always okay: https://t.co/8GYxrle4u4
747585294925467649,"Violent Muslim Convert Makes Monkey Chants: 'I'm Muslim - How Can I Be Racist?'

https://t.co/OwU1L01hUf
#MuslimBan https://t.co/cHfjsflqlW"
747570748181610496,@KatrinaPierson No more interviews UNTIL YOU FIND OUT WHAT THE HELL YOU'RE TALKING ABOUT? üëéüë∫#MuslimBan #ChangeMuslimBan
748251575651491840,"Do you think they'd hand out welfare and healthcare to Americans in Saudi Arabia? ü§î
#TrumpTrain #TeamKJ #MuslimBan https://t.co/VrQMYc7yFz"
747595197064699905,"Germany: Muslim shouts ‚Äúinshallah‚Äù as he rapes student, then asks her if she enjoyed it https://t.co/y3u29To8fR
#MuslimBan #Trump"
747828419094675458,I will #MakeAmericaGreatAgain by #FlipFlopping on U.S #muslimBan to close the gap in my political opponents. #FlipFlopTrump #PanderMonkey
748202030532026369,"Grenade Thrown into Malaysian Bar

#IslamicTerrorism

https://t.co/hojqT6zl9T
#BanIslam #MuslimBan #STOPISLAM #PJNET https://t.co/1F9USE9zA6"
747926794041425920,@AMTrump4PRES @Lrihendry that's a sin resettling people that hate us. It's in all of their literature lie to the infidel #MuslimBan
747597092164558848,"TENNESSEE: Are Muslims, Famous For Their Virulent Hatred Of Dogs, Beheading Them In America Now, Too?
https://t.co/IWmayw3RUV
#MuslimBan"
747475639830257669,"Child Preacher Calls for 'Annihilation of Jews'

This is Islam

https://t.co/wgt5HUSoxZ
#STOPISLAM #MuslimBan #PJNET https://t.co/vv66Dh4Rok"
747772557068140544,Trump's #MuslimBan played on fear &amp; unleashed greater hostility twrd Muslims. We cant pretend that his policy backtracking will undo that
747881435025965056,Anymore talk of gun control? Doubt it! #Trumpisright #AmericaFirst #MuslimBan  https://t.co/ZgSLSZeda7
747586401449934848,"Now that #goofyDonald has flipped flipped on his #muslimBan, who will his racist supporters vote for?"
748147057131720704,"London: Muslim Mother Bites Off Body Parts In HIDEOUS Attack. Media covered it up!
https://t.co/TKJls3RQvH
#MuslimBan #MakeAmericaGreatAgain"
747590764234964994,After trampling opponents &amp; deliberately bamboozled naive #Trumpeters to become GOP nominee Trump drops #MuslimBan https://t.co/FOItAVkByf
747618356505698305,@dcexaminer RETWEET! Silence from Mainstream Media-Canadians beheaded by Radical Muslims #MuslimBan üò≤INSANITY üò† https://t.co/aR34SUCpNj
747582097745977344,"@DonaldTrump So you are not serious abt a #MuslimBan
I'm bothered by ANY Muslim visiting. 

https://t.co/cEfOIPWIL7 https://t.co/Xg4CiefoaI"
747816652960522240,"Quite the quandary for @realDonaldTrump. Scale down on #MuslimBan and lose base, or #pander to #minority voters. #ReapWhatYouSow"
747924590870007808,.@realDonaldTrump's shifting positions on #MuslimBan. https://t.co/ihnsjGwuCX https://t.co/kRbwT29NT2
748587218600628227,"Iraq: Muslim Suicide Bomber Kills at Least 12 at Mosque

https://t.co/d20j5rIaap

#MuslimBan #BANISLAM #Terrorism https://t.co/g6tCEIldYl"
747609184451977216,"IRAN‚Äôs savage killings of stray dogs with burning acid has incited worldwide outrage. Muslims hate dogs!
https://t.co/3Bl8PIYcct
#MuslimBan"
747582912598511616,"California: 2 More Muslims Convicted of ISIS Terror Support n Anaheim

https://t.co/pqcXE5tZDj

#MuslimBan #BANISLAM https://t.co/NeizhNvijM"
747796938892812289,"@DBloom451 I agree with you, I'm sick and tired of this! #BlackLivesMatterisracisttoo #MuslimBan"
747570033484697600,Every single muslim should be under surveillance and deported at the first sign of treason or terror! #MuslimBan https://t.co/DPkjdv6yUp
748645077577142272,"Mother of the Muslim murderer in Israel, reacts to her jihadi son's devotion to faux god allahüëâ#BanIslam #MuslimBan https://t.co/qEe13INiYF"
748369437233913856,"Indiana: Muslim High School Student Tries to Join ISIS
https://t.co/JNm84kIOOn
#MuslimBan #BANISLAM #STOPISLAM #TCOT https://t.co/9fsd4S48s7"
747591237444603904,@benfergusonshow @kayleighmcenany @CNN @FWhitfield @DonaldTrump should take responsibility for his #muslimban. He could differ from text.
748545028423819264,"Rasmussen Poll: Trump 43%, Clinton 39% - Breitbart https://t.co/jr1C8IukaB
WE NEVER DOUBTED IT
#veterans #MAGA #Women4Trump #MuslimBan #vets"
748202884869783552,"Hezbollah: As Long as Iran has Money, We have Money

https://t.co/UDIU3UMKQm
#IslamicTerrorism #MuslimBan #STOPISLAM https://t.co/XWkjgPeeG5"
747606591055106048,@realDonaldTrump RETWEET! Silence from Mainstream Media-Canadians beheaded by Radical Muslims #MuslimBan üò≤INSANITY üò† https://t.co/aR34SUCpNj
747575351027572736,"Finally, Trump is beginning to adjust positions in a manner that makes sense.
#MuslimBan #FlipFlops"
747994686401327104,"@realDonaldTrump so although you're backpedaling your #MuslimBan so only Muslims from ""you know"" countries are affected, those include USA?"
747886346983849984,"40% of US voters favor #Trump's #MuslimBan proposal, while 58% oppose it  https://t.co/UaQOdlL3n5 https://t.co/kk7OvJzfKo"
747967284212174848,"SHOCKING VIDEO! BELIEVE OBAMA? or MODERATE MUSLIMS THEMSELVES? . #MuslimBan #StopoIslam #MAGA 

https://t.co/ugu9mVHNNI ‚Ä¶ ‚Ä¶"
747552185718706176,@realDonaldTrump isn't retracting on the #MuslimBan he's expanding his view to all countries w terrorist ties! GOOD FOR HIM! MSM LIES AGAIN!
747136291595124736,"Video - Muslims Refuse to Stand for US National Anthem

https://t.co/1zWAMgL3zE

Permanent #MuslimBan #BANISLAM https://t.co/HWn735nqHy"
746768871512760320,"Two Saudi Muslim Brothers Stab Their Mother to Death for ISIS

https://t.co/PsKvm0vCCS

#MuslimBan #BANISLAM #PJNET https://t.co/3imsHw14hW"
746960994824380416,Must see! #LGBT  #PJNET #MYLIFEMATTERS #Veterans #TrumpTrain #MuslimBan #Trending  https://t.co/Fr2sCrJWy2
704064377788321793,Fuck this shit. Let's get the #muslimban underway and build that #TrumpWall. #MakeAmericaGreatAgain. #Trump2016. https://t.co/uOpauFE5SJ
702977008993701890,Trump even gets 7% of the muslim vote. #SECPrimary #muslimban https://t.co/V9Db2aPj8l
701306502028525568,"Everytime something like this happens it's a white guy, yet no one wants to ban me. I wonder why #Kalamazoo #MuslimBan"
746517013552599043,"Half of all British Muslims think homosexuality should be illegal, poll finds
https://t.co/JO4cGd3APo
@AnnCoulter #Brexit #MuslimBan #MAGA"
698955471261073409,"If #Trump 's #MuslimBan had been in effect in 2001, the Islamic terrorists wouldn't even have been in the üá∫üá∏.  https://t.co/fR9YIcU6qx"
702379371747790849,@Maine_Char There's the #muslimban for starters.
747217082593476608,"Iain Duncan Smith: ""Our promises were a series of possibilities""  #Brexit
 Donald Trump ""all my policies were just suggestions"". #Muslimban"
700873451096027136,@LodiSilverado @vkenneth_com It's only necessary that Trump follow through with the #Muslimban and bomb the shit out of ISIS.
746908945713795072,"So, what, is #Trump talking about the Bundy farm in Nevada? 

#MuslimBan #UnitedAgainstHate #neverTrump https://t.co/2tmQMi7mPx"
746787017854353408,"Belgium Arrests 2 MORE Muslims Plotting Terror Attacks 

https://t.co/09uaehJ36r
#MuslimBan #BANISLAM #STOPISALM https://t.co/dZ99oQTIz4"
699268918008025088,"@stascher  ""I would say, today, we can integrate all religions and races, except Islam."" ---Lee Kuan Yew #muslimban"
746907258584432640,"Church World Service‚Äôs NJ Refugee Agency Head Mahmoud Mahmoud, Frets about Brexit
https://t.co/P1nL0Pfof4
#MuslimBan https://t.co/eQtajY7Agx"
747488066852392960,"UK: Muslim ‚Äúshouting all this Muslim stuff‚Äù savagely beats gay man
https://t.co/D8EbIwJGYy
 #MuslimBan https://t.co/bD4jm2nrwO"
693186637652713472,Lucky for @realDonaldTrump there was no #muslimban when he bought his yacht from Sultan of Brunei &amp; sold it to member of Saudi Royal Family
701751174681096193,"I'm starting to actually support the #MuslimBan now, and it's the ONE #Trump policy I've been AGAINST. https://t.co/Bb7mdk6Dsd"
698727753663717376,And .@realDonaldTrump 's #MuslimBan would have kept the Islamic terrorists out of the üá∫üá∏ https://t.co/tkFDEOOQIL
746506096320319488,How isis radicalizes young Muslims... #MuslimBan #ImWithYou #AmericaFirst #Trump2016 #NeverHillary #CrookedHillary   https://t.co/HllG8f9auy
747526368032923648,"Gay German MP Manhandled by Istanbul Police

https://t.co/pyO1aYvtrO

#IslamIsTheProblem #MuslimBan #pjnet #tcot https://t.co/FdwWqJY7xS"
746699584437530624,There's NOTHING wrong with preservation of country and culture! Islam destroys EVERY society it invades! #MuslimBan https://t.co/ynagPQI53y
693408362583695360,"Gov't approval in Sweden now 2%, civil strife is growing on the streets, nationalists v. communists https://t.co/RGTBLtpScm #tcot #muslimban"
747250627944681472,"Breaking: Muslims Threaten San Francisco in Chilling Video! Shows GG Bridge &amp; Skyscrapers https://t.co/qWxWQLuByB 
#MuslimBan #Trump #MAGA"
697446195178811392,"@KatiePavlich With his Win, Donald Trump just saved 1000AmericanWomen from ""rape culture Muslim/Clinton"". #MuslimBan https://t.co/SvIiVd60vT"
746958914651029504,"@HahnAmerica Great article @CalebHowe &amp; you are so right. Trump just did a ""total and complete"" reversal on the #MuslimBan. Its all on video"
746905912405798912,"Florida: 3 Muslims Busted in Homestead Food Stamp Fraud, 4 at Large

https://t.co/8qogjbZbpf

#MuslimBan #BANISLAM https://t.co/wWzXkRCkwa"
747224181499039744,"Breaking Islamic State Threatens San Francisco in Chilling Video! Shows GG Bridge &amp; Skyscrapers https://t.co/qWxWQLuByB 
#MuslimBan #Trump"
746947251185004544,"UK: Muslim ‚Äúshouting all this Muslim stuff‚Äù savagely beats gay man
https://t.co/D8EbIwJGYy
#Pride2016 #MuslimBan https://t.co/bD4jm2nrwO."
746774508191744000,"At Least 14 Killed in Somalia Hotel Attack by Muslims
https://t.co/8AG2BjDUap
#BANISLAM #STOPISLAM #MUSLIMBAN #PJNET https://t.co/sjfuYjEAjv"
747135345909706752,"Video - Muslims Refuse to Stand for US National Anthem

https://t.co/q9PbxIJsNB

Permanent #MuslimBan #BANISLAM https://t.co/PPKohngbNc"
701185151863132161,Three-Quarters of SC Voters #SupportTrumps #MuslimBan #WOTrump #USWillBFloodedWithLatinAmericanAndMuslimInvaders  https://t.co/MrvidMYihZ
746511380438781952,"Europe to Hold ""Islamophobia"" Summit

https://t.co/T5DELoFtSs
#PJNET #TCOT #MAGA
#BANISLAM #MUSLIMBAN #STOPISLAM https://t.co/XO4ahkKNvW"
747472479053090816,"Calais Cops: Tourists Seen as Collateral Damage by Migrants

https://t.co/64FU7xrsL7

#MUSLIMBAN #BANISLAM #MAGA https://t.co/uCSssajOcs"
747140937948794881,"Yup your right @BarackObama its only a ""couple"" of them that are extreme. What's this then #WakeUpAmerica #MuslimBan
https://t.co/7NbDHzYVQD"
747123831593009152,"#Trump Adjusts #MuslimBan Proposal, Golf Stroke - https://t.co/XvTUuDxCQC"
747095878305980416,"Christian Woman Gang-Raped by Muslims 4 Brother Eloping w/Muslim Woman
https://t.co/3XLoqRBIv0

#BANISLAM #MuslimBan https://t.co/aQeZpPphrk"
747420242347954176,HE DOES NOT CARE! #OrlandoShooting¬†#Brexit #EU #MuslimBan #WomenHealth #Wall - top that with daily name calling! @realDonaldTrump Is Not Fit
746814046561669120,"TOLD YOU SO (Continued): #Trump‚Äôs ‚ÄòTotal and Complete‚Äô Reversal on #MuslimBan https://t.co/Y5i28PTvWU
#FluidPositions
#NeverTrump"
746845778199535617,@col_nj Yea #MuslimBan #Orlando Deport em; Greece did https://t.co/rmqQ3Q1QDt Wonder why https://t.co/9owHUq2Wfb @DrMartyFox #SaudiBarbaria
747134337615859712,Ex-Muslim teaches the evils of islam...  #ChristiansForTrump #MuslimBan #Trump2016 #ImWithYou #MAGA https://t.co/Mwyz8HQOOv
747424180446998528,@metternicht You're wrong Harry...Islam isn't here to be equal but to dominate! #BanIslam #IslamIsTheProblem #NoRefugees #MuslimBan
746551803576102912,"Media Blackout: US MUSLIM #Rapeugees brutally Rape Girl, 5 then urinate on her in Muslim Tradition.  https://t.co/6LOawivHeN
#MuslimBan"
701523016153481217,"The Historical Face of #JesusChrist Looks Like He Would be a Victim of The American #MuslimBan
@PopMech
https://t.co/Vs4SoaTLvq"
747473661842579457,"India: Muslims Riot, Attack Police, Torch Bus &amp; Bldg Over Rumor of Torn Koran Pgs
https://t.co/6FzLaM0mJ3
#MuslimBan https://t.co/5k1otexrYT"
698762730652602368,"@FrankLuntz @RyanMauro 
Fact: with #Trump 's #MuslimBan , the Islamic terrorist suicide pilots would NOT have been in the üá∫üá∏ in 2001."
697248336173137920,If this reflects the country at large then real leaders need to stand up against it #MuslimBan @KattyKayBBC @BBCWorld @SteveRattner
746712726353870849,"Michigan: Muslim Doctor Joins ISIS

https://t.co/GnovpgJW3T

#MuslimBan #BANISLAM #STOPISLAM #KILLISIS #PJNET #TCOT https://t.co/SbhDyGu0jY"
747474680974434304,"Italian Saint's Statue Defaced w/ Allah Akbar

https://t.co/ez7KiRb5nZ

#MuslimBan #Stopislam #BanIslam #MAGA #PJNET https://t.co/njAkkPwQiO"
697246588805259264,"The Trump and Sanders win was not surprising, but this was...and unsettling #NHPrimary #Muslimban https://t.co/zfycs1hWdd"
746708541319217152,#MUSLIMBAN Americans FAVOR Idea of Temporary Ban on Muslim Immigration https://t.co/X2NnbQo5F4
746984926810091520,Michele Bachmann Demands Total Moratorium on Migration into the U.S. After #Muslims Sexually Assault... https://t.co/hYUdBFnROz #MuslimBan
701431575888732160,Death-sex: The Legitimate Law of Necrophilia in Islam https://t.co/yuYaAk4jJO via @TheMuslimIssue #muslimban #VoteTrumpNV
747500984746795008,@HouseCracka WTF dude?Your Wrong on this.Occupation should only end when  Palestinian Islamic Terrorists are Removed or Defeated.#MuslimBan
746720487754047488,"Muslim Killer Cites 'Religious Objections' to Appearing in Court

https://t.co/wRyDoXNEim
#MuslimBan #BANISLAM #TCOT https://t.co/OvFixqKsbM"
700788335053148160,"Germany has just announced it cannot find 600,000 migrants.  Almost like a problem ??

#Trump #MuslimBan https://t.co/qI28JbGT8p"
702303901249196032,Steve supports #DonaldTrump and his #muslimban. He believes there needs to be better betting of refugees. #Alabama https://t.co/C8tUZGUF2f
746771945543372800,"Kuwait: Dozens of Bomb-Sniffing Dogs Slaughtered over Wage Dispute

https://t.co/ocFSPFqLg2
#BANISLAM #MuslimBan https://t.co/0Nnz2zR3F2"
746818577588576256,"""The Religion of Peace?"" WHY TO SIDE WITH TRUMP ON ISLAMIC MIGRATION #MuslimBan #StopIslam #NoIslam #MAGA https://t.co/2tYDcDsmlE ‚Ä¶"
746781923964518400,"Treason, Cowardice, and the Islamic Invasion: Why States Must Revitalize The Militia
https://t.co/A8yrggoo9v
#MuslimBan #DeportAllMuslims"
746805202708226048,"Witness Against Muslim Cleric Murder of Sect Members is Castrated

https://t.co/XaKYMuO178

#STOPISLAM #MuslimBan https://t.co/AD45hboK55"
746788127088357376,"Trump: Muslim Ban Not Universal, Only Subject to #Terror States, Countries #MuslimBan https://t.co/bGRubEkL0c via @DCExaminer"
746709917302657024,"Brawl at Greek Asylum Center Leaves 1 Dead

https://t.co/W35iFoIhhq

#MuslimBan #BANISLAM #STOPISLAM #NOAmnesty https://t.co/nFmJHsGYBE"
746900445818400769,"""Why Western Women Get Raped by Muslims""

https://t.co/yRGiAXHDLI

#IslamIsTheProblem #MuslimBan #BANISLAM #PJNET https://t.co/1koXXUUG9a"
746559035084779520,@SenSanders stop bringing in ppl from 3rd world countries to destroy the middle class and you'll fix that problem. #BuildTheWall  #MuslimBan
697976232571310080,@realDonaldTrump Can you believe this nonsense at the #DemDebate ??? Time to #BuildTheWall #NoAmnesty #DeportThemAll #MuslimBan
746915911278403589,"Files Show Hundreds of US Terror Plots, Refugee Connection

https://t.co/kHvCDh43ZH

#MuslimBan #BanIslam #PJNET https://t.co/ZnYLqcB5j8"
747096545753989120,"@trevorgra2 Anyone who is not alarmed by Islam is purely stupid / foolish.

#BANISLAM #MUSLIMBAN
#STOPISLAM #IslamIsTheProblem"
747227062897827840,"Breaking: Muslims Threaten San Francisco in Chilling Video! Shows GG Bridge &amp; Skyscrapers https://t.co/qWxWQLuByB 
#MuslimBan #MAGA #Trump"
747195051198021637,Excellent @nytimes op-ed by @azizansari https://t.co/yUPCx7pvZE #Trump #MuslimBan
746922107423055872,"PENTAGON schedules RAMADAN IFTAR for June 30

#IslamicInfiltration

https://t.co/XDatQ9BnCv
#BANISLAM #MuslimBan https://t.co/Wo4uChsb3h"
747135064253726720,"Uh.... @GOP nominee is not for diversity. Join us in saying #NeverTrump!

#JudgeCuriel #MuslimBan #MexicansInIndiana https://t.co/PstrOcWhUs"
747195903728050180,"California: Muslim Woman at LAX Threatens to Bomb America - VIDEO

https://t.co/2ZOqfg7DlB

#MuslimBan #BanIslam https://t.co/oS9e0GpNdC"
746536474733088769,"Media Blackout: US MUSLIM #Rapeugees brutally Rape Girl, 5 then urinate on her in Islamic Tradition.  https://t.co/6LOawivHeN
#MuslimBan"
747519895491977216,"Disgusting TV Imam Mocks Death of Child from Diphtheria

https://t.co/9I1UeS8bsw

#MuslimBan #STOPISLAM #BANISLAM https://t.co/d0m21zt20H"
746719722503274496,Didn't you read? We banned all orange thinned skinned Oumpa Lumpa's you have to live in the ocean #MuslimBan  https://t.co/FVjXf4UmrG
747505205000933378,"#DonaldTrump #tonesdown #stance on #Muslimban https://t.co/xLwhUlWgTw

News@ #US #USnews #USA #USAnews #InternationalNews #Politics #Muslims"
701855344113405952,FL LATINOS 4 TRUMP WE AGREE #BANTHEBURKA #MUSLIMBAN #ISLAMISTHEPROBLEM  https://t.co/oL0xxzvN89
692878631287173120,It is in the interest of all tourist operators in the Christian West (USA &amp; Europe) to support #MuslimBan  https://t.co/fIM7pQ3s2v
747107122148577280,"#DonaldTrump moving away from #MuslimBan, now says ban to focus on ""terrorist"" countries: https://t.co/lsAoYOEIZq https://t.co/IZ5lqGOX9r"
747493517384028160,Obama &amp; Pentagon hosting ramadan parties.@realDonaldTrump#MullahObama #BanRamadan #MuslimBan  https://t.co/XhQHrY0vCS
746765674287087616,"#RamadanBombAThon2016
Terror Attacks in the Name of ISLAM: 154 - Kills: 1082

#STOPISLAM #MAGA #BANISLAM #MUSLIMBAN https://t.co/NzS8ywYu8d"
696321865707433986,#Trump 's #MuslimBan is exactly what we need right now: #StopMuslimImmigration - #2A can #StopIslamicInvasion   https://t.co/YbtZqfdiLj
704113172756697089,Gotta go to Vegas before Trump become the president. #muslimban #donaldtrump
747478169549176832,"58% of Americans oppose Trump's #MuslimBan, while 40% support it
64% of Republicans favor it
https://t.co/d6QqVViaGq https://t.co/zTOyPX21WK"
746710691608920064,"UK: Muslim Areas were Strongest Support for 'Remain' in EU

https://t.co/jxo3g5sheT

#Brexit #BANISLAM #MuslimBan https://t.co/QSqEPL192v"
697411360926339074,"Most NH voters support #MuslimBan. So much for 
#LiveFreeOrDie https://t.co/cW5AuzBZp1 @ChrisCuomo @PaulBegala @KatyTurNBC @smerconish"
747164670545498113,"al-Qaeda Urges Lone Wolves to Target 'White' Americans Only

https://t.co/814i7dC1Wt

#MuslimBan #BANISLAM
#PJNET https://t.co/Lrkuoro57l"
703346385920221184,Adios muchacho. We need the #muslimban to keep out jihad terror. #Trump for President. #Trump2016.  https://t.co/eOnhxquBif
746810885054816258,"Muslim Tells of Islam's Intent: 'We Will Conquer You w/ Births', Video

https://t.co/wHhIKh2abr
#MuslimBan #BANISLAM https://t.co/AV1hzhlsOO"
746753057107644416,#Trump #TrumpTrain #waffles again on #MuslimBan.  #Trump does not know what he wants. #Trump - My voters like that I don't know much
746752632123850753,@IngrahamAngle @KUnderw63665020 SCREW @VP @VPLive @JoeBiden &amp; worthless wife ‚û°Ô∏è@DrBiden ANYONE NOT SUPPORTING #MUSLIMBAN &amp; #BREXIT #TRAITORS
746714481535950849,"Sweden: 'Refugees' Stab Good Samaritan Who Tried to Stop Rape

https://t.co/etXpnJ5kt4

#MuslimBan #BANISLAM #PJNET https://t.co/2x2OBPAW6A"
747022674530996224,The disturbing trend of immigrant-related mass killings being hidden by the media https://t.co/KHtMSOFme3 #immigration #MuslimBan
698740311367897088,The twin towers in #NYC would still stand if @realDonaldTrump 's #MuslimBan had been in effect in 2000-2001 https://t.co/jG5gwTqbL0
697495233840295936,"If Trump were President!
#Trump #Muslim #Islamophopia #Islam #MuslimBan #Muslims
A joke that can turn to reality :(
https://t.co/OidcrhsV4S"
747151324685340673,"""Donald Trump tells it like it is!"" Yeah, well that depends on what the definition of ""it"" and ""is"" is. #MuslimBan #MuslimNotBan #DonTheCon"
692833107397857280,Founding Fathers Despised Islam https://t.co/ZlL2hzDVWz #PJMedia via @pjmedia_com #muslimban #tcot
746550844967903232,Trump is rightüëâNeary 600 terror arrests  since 9/11‚û°Mainly foreign born! #MuslimBan #Trump2016 #MAGA https://t.co/cBATryjy2t
746817536587669504,"France Urged to Send Calais Jungle Camp to Britain as Punishment
https://t.co/Pmz6gZz1i1
#MuslimBan #BANISLAM #PJNET https://t.co/MkMJHTpkVT"
687110908020146177,A clear reference to @realDonaldTrump's #MuslimBan that @steve_vladeck covered here: https://t.co/puMSkB4Sjr #SOTU  https://t.co/1QWwFE1wJV
683296018629300225,"The British people have lost. Let's not make the same mistakes.
https://t.co/SnexlTWQPy
#muslimban #refugeesnotwelcomed #VoteTrump2016"
686102590392676352,Faux Outrage From The Media As Obnoxious Muslim Protester Is Booted From #Trump Rally https://t.co/RIETjFOdM2 #muslimban #rapefugees
687836865148391425,#GOPDebate @realDonaldTrump's NO to rethink on #muslimban.
689412773806112770,@SMolloyDVM we demand muslims b removed to their 3rd world countries..#MuslimBan #USA #USA üá∫üá∏üá∫üá∏üá∫üá∏
684385759609028613,".@POTUS is in for rude awakening, #MuslimBan is coming. #MuslimAmericanFaces aren't welcome here!

@realDonaldTrump https://t.co/n399lLaKzy"
689205264348676096,#UK leaders want to ban #Trump? https://t.co/av9BEWUKQb via @jkanelis #BritishParliament #Muslimban
685636965132193792,Think @realDonaldTrump will use this story to clinch nomination? @Deanofcomedy #muslimban #MakeAmericaGreatAgain https://t.co/yVTybIXzqx
771048069257424897,Romania: Pakistani Muslim to be expelled for spreading ‚Äúglobal jihad‚Äù propaganda. Deport Muslims USA #MuslimBan  https://t.co/f5wXcVEvqK
688302450177130496,@IngrahamAngle @marklevinshow @AnnCoulter @seanhannity How do we vet against pedophile immigrants? Simple #muslimban https://t.co/ziph5EabJZ
687008087362924545,SPREAD THE WORD THE TRUTH TRUMP ALLEN WEST TO CASA BLANCA USA MAKE AMERICA GREAT &amp; SAFE AGAIN #MUSLIMBAN !! https://t.co/hCrcqyhgby
685868884314976256,ISIS STRIKES AGAIN: #TrumpIsRight #ObamaSucks #MuslimBan Potus #Philadelphia #LawEnforcement #ISIS #USA ‚Ä¶ ‚Ä¶ ‚Ä¶ https://t.co/unJxcjKnxU
688333026221277186,Coming to America if you don*t #VoteTrump2016 #muslimban #rapefugees https://t.co/HID9ctpqtG
770641690977824768,"BREAKING: Police Woman Stabbed in Throat by Algerian at Police Station in Toulouse

https://t.co/XtOTPVd9Je
#MuslimBan
#NOMuslimRefugees"
686923994138808320,"@tommyhubb The Bible states we have a right to have borders, etc &amp; they are being forced here 
#MuslimBan
#ItsAboutSafetyNotDiscrimination"
683708844153909248,We Have the Rights! #1A  #FactsArentRacist #muslimban #AmericaFirst #PJNET #tcot https://t.co/S0LN87qlN2
770952922544738304,Baltimore Mayorüëâ @MayorSRB Boasted about her IMMIGRANTS who R perpetrating FS FRAUDüëâLOOK AT THEIR NAMES! #MuslimBan https://t.co/yAvdKtKaMl
704168479419723776,The entire Muslim world should apologize for terror instead of condemn Trump's #muslimban. But they won't. https://t.co/MJ1AQQCN93
689170280502169601,AMEN &amp; AMEN !! STOP THE PERSECUTION OF CHRISTIANITY! #ISLAMISTHEPROBLEM #MUSLIMBAN #DEATHTOISLAM !!!!   https://t.co/3FY24SkDBx
687837059999002624,"@realDonaldTrump: Some of my Muslim friends have called me and said, ""Donald, thank you very much."" #GOPDebate #Muslimban"
688110014557368320,"Vote #Trump2016. Let's get that #muslimban thing going, and keep America safe.  https://t.co/tlDkbGCV2f"
684409356432097280,We have #JIHADIJOHNS coming out of Britain but the Britains only care about banning Trump #MuslimBan #TrumpIsRight #UKBanTrump
687634937193705473,"I want all my money back! 
#TrumpIsRight
#MuslimBan
#ItsAboutSafetyNotDiscrimination
#Trump2016
@SpeakerRyan
@GOP  https://t.co/JVoEFZXS4e"
701903965877903360,UK students given ‚Äòconvert to Islam‚Äô homework https://t.co/MEvFpCYMsS via @worldnetdaily #muslimban #brexit
683802267829583872,@cenkuygur Is it true that you and your family have ties to islamic terrorists? #muslimban
686281766802468865,"#TrumpIsRight
#MuslimBan
#Trump2016
Cali: Muslim refugee ‚Äúeager to see blood‚Äù desired to learn ‚Äúlong range shooting‚Äù https://t.co/n0dOwLvdXp"
688835592310804480,@nikkihaley Here's some videos of personal pals of BHO: https://t.co/zJQG6kwt17 #muslimban #MuslimBrotherhood #refugeeswelcome #refugees
703272264511287296,Understanding the #Trump Phenomenon in #America. #MuslimBan #islamophobia  #Trump2016 https://t.co/8Dmja8sqYM
686744576997126145,@mugeishere @TamiDurling  #ISLAMISTHEPROBLEM #MUSLIMBAN DO YOU KNOW THE BIBLE ?
688947440133783552,Czech president: Integrating muslims to society can't be done https://t.co/7SwgREKBr6 via @MailOnline #muslimban
687842843679977472,"#muslimban #GOPDebate Muslims can't assimilate, their laws won't allow it...isn't this a problem in and of itself?"
687266075587788801,"YOU'RE WRONG NIKKI HALEY
#TrumpIsRight
#MuslimBan
#ItsAboutSafetyNotDiscrimination
#Trump2016
#SOTU
@SpeakerRyan https://t.co/J9ak0t5LoH"
685661404951670784,WE DONT NEED A FALSE FLAG CAIR OPERATION AT #TRUMP RALLYS ISLAMIC JIHAD IS A REALITY IN USA #MUSLIMBAN IS IMPORTANT! https://t.co/I6zA6rX4hi
686744996070985728,@TamiDurling @mugeishere AMEN &amp; AMEN !! WE WANT NP PART OF THE SOCIALIST DEMOCRATE AGEND #ISLAMISTHEPROBLEM #MUSLIMBAN !!!!
684072471482400768,"This fucker is for real.  ""&lt;Douche&gt; Releases First TV Ad Touting Proposed #MuslimBan"" https://t.co/ms94yBTTMr #middleeast #feedly"
684188502393634817,#DonaldTrump Doubles Down On #MuslimBan &amp; Stealing Oil #News #RealNews #PoliticalNews #FeelTheBern! #Sanders2016 https://t.co/KxKhmXGQLS
688314283332112384,The future of USA if you don't #VoteTrump  #Trump #muslimban  https://t.co/MlghVyhUHI
703605351564894208,"Denied existence of Mekkan stone idol, sentenced by Nato ally to be flogged to death. https://t.co/JkVAM9ukvR #svpol #muslimban"
770411782871486464,#VoteTrump2016. We need the #MuslimBan. Fuck selective leftist outrage and #MuslimDoubleStandards. https://t.co/CJHQuPTtCR
770050029608394752,"Terror Attack Foiled Near Hebron‚Äôs Cave of the Patriarchs

https://t.co/HxKcu4BCgF
#TCOT #MuslimBan #NOMuslimRefugees"
771093089989582849,"13 Civilians Beheaded for Helping Families Escape Caliphate

https://t.co/o88T3PncOg
#TCOT #MuslimBan #PJNET https://t.co/EuiW76EyA6"
685860007242514432,ISIS STRIKES AGAIN: #TrumpIsRight #ObamaSucks #MuslimBan Potus #Philadelphia #LawEnforcement #ISIS #USA ‚Ä¶ https://t.co/unJxcjKnxU
684470340278435842,Apparently new #JihadiJohn used to be a party clown who sold bounce houses!#SqueezeHisNose #ISIS #jihadist #muslimban #Syria #WakeUpAmerica
689191747335880704,SO WILL ALL OTHER REPUBLICANS ONLY TRUMP WILL STAND WITH CONSTITUTION #NOSHARIALAW #BANISLAM #MUSLIMBAN  https://t.co/cnj9Rnm1Z2
687841717488345088,You know we are fucked when Jeb is the voice of reason amongst the candidates. #GOPDebate #MuslimBan
689921586204430336,#MUSLIMBAN NO MUSLIM REFUGEES IN USA 1952 MUSLIM MIGRANT BAN IS USA LAW ENFORCE ARE LAWS NOW #ISLAMISTHEPROBLEM ! https://t.co/lYeCsEe6lE
691794868633468928,"#Trump #MuslimBan: 'Christianity is under siege. If I said that about ""Christians"" I would have...' https://t.co/EePg7HVTq7 @realDonaldTrump"
687837970804654084,I want to find out WHY. #MuslimBan @realDonaldTrump
683358727907479554,Go Figure! #WakeUpAmerica #PJNET #tcot #ccot #muslimban https://t.co/uK4f0UMGev
687837027287576576,"""NO."" Simple answer from Trump to Q: ""is there anything you've heard that makes you want to rethink this position?"" #Muslimban #GOPDebate"
685896375322734592,FAKE HATE:Muslim Teen Said She Was Punched In The Face For Wearing Hijab - She Lied https://t.co/wfiE2DfoS3 #MuslimBan #HateCrimes
770703683046735872,"One Dead, 3 Wounded in Suicide Blast at Chinese Embassy in Kyrgyzstan 

https://t.co/StJSSrTflo
#IslamIsTheProblem #MuslimBan #StopIslam"
684814632461168640,"Vote #Trump2016. Let's #MakeAmericaGreatAgain and keep it safe, too. We need the #muslimban and the #TrumpWall.  https://t.co/dCRD7i7cp9"
689933711026978817,What does it say about the #GOP that their Senators wont even vote &amp; go on the record regarding their frontrunner #DonaldTrump's #MuslimBan?
685578355392036865,@KeithEllison challenges @SpeakerRyan to bring #Muslim guest to #SOTU as Ryan opposed @RealDonaldTrump's #MuslimBan https://t.co/yPnPbD3jbe
770275630130819073,"18-Year-Old Beheaded by Her Muslim In-Laws

https://t.co/JnalbAH5Gk
#IslamIsTheProblem #StopIslam #TCOT #MuslimBan https://t.co/mqwEDCwz6U"
689180127805198336,"@TulipSiddiq is like CAIR in US
#Trump2016
#TrumpIsWinner
#MuslimBan
#ItsAboutSafetyNotDiscrimination https://t.co/I3qFUTldzI"
685878864959135745,ISIS STRIKES AGAIN: #TrumpIsRight #ObamaSucks #MuslimBan Potus #Philadelphia #LawEnforcement #ISIS #USA ‚Ä¶ ‚Ä¶ ‚Ä¶ ‚Ä¶ ‚Ä¶ ‚Ä¶ https://t.co/unJxcjKnxU
684638494707331072,It's official. British Parliament to debate barring @realDonaldTrump from the UK over his call for a #Muslimban. Jan 18 #DonaldTrump #Trump
687837736351494145,#GOPDebate. And they say that Obama creates racial divides. #deportation #muslimban #groundtroops
688303968049606656,@marklevinshow @realDonaldTrump @seanhannity @IngrahamAngle How do prevent rapes? Simple.Immigration #muslimban  https://t.co/Q0KvYgLvxP
694317059728080896,@steve0423 That is why Cruz opposes #muslimban? Strange.
685875278791503874,ISIS STRIKES AGAIN: #TrumpIsRight #ObamaSucks #MuslimBan Potus #Philadelphia #LawEnforcement #ISIS #USA ‚Ä¶ ‚Ä¶ ‚Ä¶ ‚Ä¶ ‚Ä¶ https://t.co/unJxcjKnxU
688310540343574529,"Will Americans learn from Germany*s failed social experiement and vote #Trump ?
#MUSLIMBAN #RAPEFUGEES https://t.co/wzo8Z9CXuY"
687837896284319744,@realDonaldTrump #Muslimban puts Muslims we need to help us on same list as Terrorists  it like treating a POPTART like a Gun #LIBThink
770021123882881024,"Christians as ""Target Practice"": 

https://t.co/KdsCsrJBLj

#IslamIsTheProblem
#MuslimBan
#StopIslam
#TCOT #PJNET"
687836947767689218,On whether he's heard anything that would cause Trump to change his mind on #muslimban...he says no. #GOPDebate ugh.
687840856510992385,#US and #MuslimBan; looks like #JebBush is the least genocidal candidate standing there! #GOPDebate
689107462381764610,"#DonaldTrump #xenophobic rhetoric sound familiar?  Very scary, #muslimban = #fascism stop stigmatisation of Muslims"
683166298000326656,#DonaldTrump Featured In #Jihadist Terror Recruitment Video https://t.co/AB66UWwYYY #ISIS #GOP #MuslimBan
687836749423235077,"Maria:  Anything you've heard that makes you want to change your mind about #MuslimBan? #Trump: ""No."" #GOPDebate"
689161260655599617,"#BoycottUK
#Trump2016
#MuslimBan
#ItsAboutSafetyNotDiscrimination
@TulipSiddiq is just like CAIR in the US https://t.co/7FIR7HZNBI"
684198389756620800,#DonaldTrump 's first #TV ad touts #Muslimban #trumpisdisqualified #TRumpIsARacist #asshole #follow  https://t.co/ICgF3LnXPv
692678861990072322,@ScreamngEagle First Cruz should man up and embrace the #muslimban.
689749383055826944,"Pakistan could do with a #muslimban, shooters were afghani immigrants, it appears. https://t.co/thRK4EMbxr"
685856865188712454,ISIS STRIKES AGAIN: #TrumpIsRight #ObamaSucks #MuslimBan @Potus #Philadelphia #LawEnforcement #ISIS #USA https://t.co/fEsWWbabUt
684578215881396224,Muslim Migrant Females Using Burkas To Shoplift From Countries That Took Them In https://t.co/dFmnzDuX0Z #MigrantCrisis #MuslimBan
769949719485378562,"Muslims Vow to Shame Women in Bikinis Until They 'Turn to Religion'

https://t.co/Tvg5toutQ4
#MuslimBan #NOMuslimRefugees #TCOT"
697241117096546305,"Americans are gettin all weirded out.  https://t.co/SuMP2Lmv4I
#MuslimBan"
684496417101053952,#ObamaGunControl needs to #Trump it; ban guns until we get a handle on the mass shooting problem. bout as constitutional as #muslimban
685220443507306496,Then they have no place in the West!! #muslimban  https://t.co/SJ5qFoG4sJ
686242793920921600,I say permanently. Them savages haven't changed for thousands of years. @realDonaldTrump #muslimban #Muslims   https://t.co/a5xiebJoBy
689136856974282754,"#TrumpIsRight
#MuslimBan

Study:Christianity Dying in Britain, Islam Growing https://t.co/qmoo6R9hbD https://t.co/cvCA4HMaXz"
685221502086545408,ROFLMFAO!! #muslimban https://t.co/ff68qt6ahO
688229945500278785,"#GOPDebate If a #muslimban is considered in #immigration, what's next...a #christianban, a #jewishban, a #hinduban, etc. It's not practical."
688124202084245505,I am 100% WITH @realDonaldTrump on the #muslimban!  So glad SOMEONE is not afraid to say what NEEDS to happen. #women4Trump #Trump2016
701719467055837184,"#VoteTrumpNV  to prevent this in America
#MakeAmericaGreatAgain #Muslimban https://t.co/zAwjKLV5cu"
685863748775587841,RT RaymondB__: ISIS STRIKES AGAIN: #TrumpIsRight #ObamaSucks #MuslimBan Potus #Philadelphia #LawEnforcement #ISIS ‚Ä¶ https://t.co/unJxcjKnxU
687837107386101760,"@realDonaldTrump stands behind #muslimban, says many 'great Muslim friends' thanked him. As if that makes it OK. #GOPDebate"
684972455874531328,"#Trump #Muslimban..Iraq-no barring, Syria-no barring, Saudi Arabia-no barring, Iran-no barring..UK-debates barring him, US-liberals scramble"
688301716102590464,@marklevinshow @seanhannity @IngrahamAngle @AnnCoulter How do we vet against immigrants like this? simple #muslimban https://t.co/iQ4RKZ3GSg
689093178855665665,I DONT AGREE WITH UK ! BUT I DO AGREE WITH TRUMPS #MUSLIMBAN !!! https://t.co/WOrKH7ATZw
770653425558233088,"Second Backpacker Dies in Hospital after QLD Hostel Muslim Knife Attack 

https://t.co/K5LmkiFjKJ
#NoMuslimRefugees #TCOT #MuslimBan"
687836880872669184,"@MariaBartiromo to Trump: Do you want to change your mind on #MuslimBan?
Trump: No
#goodjob #gopdebate #cruzcrew"
701514099771846661,"America people are saying loud and clear ""who we are as a people!"" Time to listen to us! #tcot #MuslimBan #Trump2016 https://t.co/m5IJQmQmRq"
685871358312607746,ISIS STRIKES AGAIN: #TrumpIsRight #ObamaSucks #MuslimBan Potus #Philadelphia #LawEnforcement #ISIS #USA ‚Ä¶ ‚Ä¶ ‚Ä¶ ‚Ä¶ https://t.co/unJxcjKnxU
687837113493012480,"#Jeb says #MuslimBan makes Arab coalition impossible.  Like or dislike the policy, but that's BS. #GOPDebate"
688947239939629056,Night Club Doorman: Muslim patrons do all the groping https://t.co/q9MJJ4kNRO [sv] #muslimban #womensissues
770375822125436930,"Same country soils their diapers over Trump saying we should have a temporary #MuslimBan, #MuslimDoubleStandards. https://t.co/6DWqkf9NAS"
685863743721467908,ISIS STRIKES AGAIN: #TrumpIsRight #ObamaSucks #MuslimBan Potus #Philadelphia #LawEnforcement #ISIS #USA ‚Ä¶ ‚Ä¶ https://t.co/unJxcjKnxU
