726561201308717057,GOT MY EYE ON AMERICAüá∫üá∏ #Trump2016 #TrumpTrain #MAGA  https://t.co/9ZYcJnv09q
726558293070598144,"#realDonaldTrump Jobs more Jobs Lost ""RT if you‚Äôre mad Yet"" I am Can't Say https://t.co/yETExlZOUs #trump2016 #maga https://t.co/86MkbAPNsL"
726559221383311363,"Victory At Sea - Sea And Sand - Episode 9 https://t.co/cQyvE7cLM5 via @YouTube

High energy, tenacity, ingenuity

#Trump2016 to #MAGA
#ccot"
726560732385533953,GOT MY EYE ON AMERICAüá∫üá∏ #Trump2016 #TrumpTrain #MAGA  https://t.co/zjBOF0qgNf
726561759339905025,GOT MY EYE ON AMERICAüá∫üá∏ #Trump2016 #TrumpTrain #MAGA  https://t.co/KIJbpB2rMU
726555974237052928,@Cernovich Agree 100%. Seen Trump in Hartford. Incredible experience. Electric. #MAGA.
726553754787422208,"If you don‚Äôt do anything else tonight, watch this 2 min video: 
@sirtatters #PJNET #RNRColorado #MAGA  @Katey777L
 https://t.co/t4lGnjrnUI"
726554020450586625,"LOL Got sued on this one, settled.
When Donald #Trump REALLY loved Mexico https://t.co/P6Wovqi1RB
#NeverTrump #Trump2016 #TrumpTrain #MAGA??"
726554219000393728,"@TressaMann3 

Help Stop #CrookedHillary 

#WomenForTrump #Trump2016 #HillNo #MAGA

https://t.co/ymw4DMYar8
SHIRTS! https://t.co/AEUyOAl3YB"
726561222661804032,@TheLastRefuge2 @LindaSuhler Yes liars every one of them so not surprising they all support #LyinTed #MAGA
726559215624421376,"Oh How I ‚ù§ Mr. Trump &amp; His ‚ù§ for America üá∫üá∏üá∫üá∏üá∫üá∏üá∫üá∏üá∫üá∏ 
#TrumpMovement 
#Maga https://t.co/whMUwEBQdA"
726557947732611073,@seanhannity you rock!!!  Don't let #cruztrolls get 2u #AmericaFirst keep telling it like it is #Women4Trump #MAGA  https://t.co/TaTIPYSZlA
726550951247634432,"And won't tear up.
How Donald #Trump Helped Pass the Iran Deal He Opposes
https://t.co/5OE2iu6IPy
#NeverTrump #Trump2016 #TrumpTrain #MAGA?"
726561554888433664,Lord help us.#BuildThatWall  #AmericaFirst  #MAGA  #TrumpTrain https://t.co/CmXiaUh6Eh
726557366846517248,NICE! Donald Trump got 75% delegates selected today in Massachusetts! One of the Trump delegates got a slot that used to be Rubio's! #MAGA
726558898073812994,Donald Trump Doesn‚Äôt Need Indiana Anymore https://t.co/b0Mr7dr897 Seal the deal 2 prevent the steal #Trumptrain #MAGA
726561480892620800,Trump Voters Are Voting For Very Agenda That Drove Them From the GOP https://t.co/juQ6YJzIx7 #tcot #gop #maga #INpol #INPrimary #CAPrimary
726555711778476032,‚Äú@kyledcheney: Two sources in AZ: Trump district slate accidentally included five pro-Cruz delegates.‚Äù #tcot #gop #azgop #maga #CruzCrew
726559936663175168,Amazing! STRONG WORK GOT MY EYE ON AMERICAüá∫üá∏ #Trump2016 #TrumpTrain #MAGA  https://t.co/H6yaeb7EWV
726553057077514241,"A movement! üá∫üá∏üá∫üá∏üöÇüí®üá∫üá∏üá∫üá∏ 
#MAGA  https://t.co/A6Hh1RR02h"
726561404354990081,GOT MY EYE ON AMERICAüá∫üá∏ #Trump2016 #TrumpTrain #MAGA  https://t.co/r4LZbHfH9D
726559979122098176,"SUPPORT @realDonaldTrump ‚úîÔ∏è#VoteTrump üá∫üá∏
JOIN US ON THE #TrumpTrainüöÇ 
 #MAGA 
#INPrimary @MikeOzanian @FoxNews https://t.co/xUcQ35C6Kh"
726551335181508608,"Let the purge begin
DC Republican Party Flushes #NeverTrump Delegate Out of Convention
#Trump2016
#UNIFY
#MAGA
https://t.co/8XeZiC6LJM"
726558097003651072,"@BartMcCoy5 @kingofthepeak At least Christie, Carson, Rubio, know how to move on. Bush, Cruz, Kasich, Fiorina cannot accept they lost. #MAGA"
726556305163452417,I AM THE DON! #Trump #world #Trump2016 #MAGA #TBATs #RacistWhiteAmerica #WHCD #TrumpTrain #ChooseCruz https://t.co/9efWMUylPr
726556071876239364,@RepStevenSmith @shekissesfrogs @TrumpTracks @realDonaldTrump it's amazing how people think we funny want to fix ALL of our problems #MAGA
726559887749058560,Pretty sure his numbers are better. Just saying. #maga https://t.co/EPOk4yWArn
726554289905225730,"‚ÄòIt was as PAINFUL for #Trump to GIVE that speech as it was for us to HEAR IT‚Äô ‚Äì Military analyst
https://t.co/p5B98zHy8w
#NeverTrump #MAGA?"
726553018834030593,"WOW: #Cruz Amnesty/Open borders plans exposed! Must Watch 2 See him lie!
#MAGA  https://t.co/hkmLeunyPM ‚Ä¶
#INPrimary  #IndianaPrimary #Trump"
726561207948288002,If you're so proud to be Mexican why did you break the law to come here. Days are numbered. Build the wall. #MAGA #trump2016 #trumptrain
726554443873935360,#realdonaldtrump Recycling All Resources #INPrimary #NEPrimary #WVPrimary #ORPrimary #WAPrimary  #CAPrimary #maga https://t.co/on9ojWMEys
726556331784564736,"@Trump4Hope @LRbullies Turn off ALL mainstream news, and you'll get smarter.#MAGA"
726551207955812352,"Trump doesn't want your $$ - just needs your vote.
Cruz doesn't need your vote - just wants your $$
#VoteTrump #MAGA https://t.co/mSausueRMN"
726556093984464896,@tedcruz lmao such a freaking liar.  Do you actually listen to trumo about taxes you moron.  Stop pandering.  #Trump2016 #maga
726558983104946177,"America, we can not do this.  #Trump2016 #TrumpTrain #MAGA https://t.co/lxGOQ75LJC"
726558363790757892,"@DKobaso
Thx 4 the
#FollowüíØ
#VoteTrump
#MAGAüóΩ
#INPrimary
#IndianaPrimary
#NEPrimary
#NebraskaPrimary
#WVPrimary 
#WestVirginiaPrimary"
726561348470095872,GOT MY EYE ON AMERICAüá∫üá∏ #Trump2016 #TrumpTrain #MAGA  https://t.co/ClttWoWMiZ
726561500073213952,GOT MY EYE ON AMERICAüá∫üá∏ #Trump2016 #TrumpTrain #MAGA  https://t.co/4FvwB4Mc3B
726554235719049216,"WE SUPPORT @realDonaldTrump ‚úîÔ∏è#VoteTrump üá∫üá∏
JOIN US ON THE #TrumpTrainüöÇ 
#Trump2016 #MAGA 
#INPrimary 
#CruzCrew https://t.co/4aHfOlY0xa"
726552792333078528,"@realDonaldTrump stepped up to help women rape victims. Kasich tells women to ""avoid alcohol"". I choose #Trump #MAGA https://t.co/ZGLXISdLTc"
726559818622836736,GOT MY EYE ON AMERICAüá∫üá∏ #Trump2016 #TrumpTrain #MAGA  https://t.co/SuygdfFFKc
726560345825890304,GOT MY EYE ON AMERICAüá∫üá∏ #Trump2016 #TrumpTrain #MAGA  https://t.co/C1ov8oKRA3
726561036963315712,GOT MY EYE ON AMERICAüá∫üá∏ #Trump2016 #TrumpTrain #MAGA  https://t.co/3hHGxiA9ke
726557224139653121,"WE SUPPORT @realDonaldTrump ‚úîÔ∏è#VoteTrump üá∫üá∏
JOIN US ON THE #TrumpTrainüöÇ 
#Trump2016 #MAGA 
#INPrimary 
#CruzCrew https://t.co/2XPjDezgRt"
726553464071921664,@daniel413y @reaganthrasher @realDonaldTrump Free speech as long as #trump isn't the one speaking. #HYPOCRITES  #Trump2016 #maga
726558092289302528,@tedcruz and his deal with @JohnKasich #Trump2016 #TrumpTrain #MAGA https://t.co/r30QZFbeM2
726553762827902976,@ngbehht Thank you for the follow! #MAGA üá∫üá∏ https://t.co/2P9yDB1Zni
726561579819479040,GOT MY EYE ON AMERICAüá∫üá∏ #Trump2016 #TrumpTrain #MAGA  https://t.co/9Qv89PJ2DS
726552964442247173,"Trump hearts Putin
#Trump‚Äôs New Russia Adviser Has Deep Ties to Kremlin‚Äôs Gazprom
https://t.co/XUn9pRtzZW
#Nevertrump #Tcot #Trump2016 #MAGA"
726553521601036288,"My cousin with the next #POTUS will restore the #US!
#Trump will be grate
@realDonaldTrump
#PresidentTrump
#MAGA https://t.co/oGGhQYeQFS"
726560206843469825,@realDonaldTrump GOT MY EYE ON AMERICAüá∫üá∏ #Trump2016 #TrumpTrain #MAGA  https://t.co/LFFlVFu76b
726558468165894150,"@DanScavino @realDonaldTrump Thank you Mr. Trump, Dan, Corey and all! #MAGA #TrumpTrain #StopTheSteal"
726561528955043840,"This is fucking crazy, violent mob attacks/beats guy for wearing Trump hat. https://t.co/M2sfYmDvCT #MAGA #Trump2016"
726556850578161664,"#Californiaüï∂
#IndianaüèÄ
#MAGAüá∫üá∏
DON'TüòêBELIEVEüòïMEüòèJUSTüôÇWATCHüï¥‚ùï
üóΩ#AlwaysTRUMPü¶Å
üá∫üá∏#BuildTheWALLüõ° https://t.co/lZo1F6fOOQ"
726555618308427777,"Let's be patient. We waited 30 years, really more like 80yrs for a President supporting  #America1st HE WILL&gt;&gt; #MAGA https://t.co/cyMUhOe5Rx"
726561672060624897,GOT MY EYE ON AMERICAüá∫üá∏ #Trump2016 #TrumpTrain #MAGA  https://t.co/0gaiyXWN6T
726478822858579968,"Real Women Support Donald J. Trump!
We are MILLIONS &amp; we will help him END Hillary Clinton!
‚úîÔ∏è VOTE #Trump2016
#MAGA https://t.co/vKzQQI2fky"
726557878979452928,"Join Best Private #Trump group on FB.   Help me make it YUUGE!  #TrumpTrain #MAGA  https://t.co/AtpKmjFoWy https://t.co/escvOfTigQ"
726555375328088068,"This is so true, he's got heart and the media doesn't show it. He makes sacrifices for us. #MAGA https://t.co/Lo9GoG8Fcc"
726561264219000832,@realDonaldTrump @MikeOzanian @FoxNews Indiana vote for Trump!! #MAGA #Trump2016
726558270840815616,"#realdonaldtrump Boeing says it will cut more than 4,500 jobs https://t.co/KOkITaMaQl #trump2016 #maga #Wisconsin https://t.co/Sb4oxbjGaG"
726553861196910592,Suspicious Powder Discovered in Letter Addressed to Donald Trump at Manhattan Campaign Office https://t.co/hg7lv5p9xP #MAGA #Trump2016
726556478589550592,Happy birthday brother @elias_salomon3 hope it's as great as America will be when Donnie T gets elected #MAGA
726558056331403265,@MissD4Trump @trump_world CNN hosts are baffled a lot. #media #corruption #MAGA #tcot
726555624604090369,Go Indiana Women For Trump #MAGA @realDonaldTrump https://t.co/Ar4lXlHntw
726559517987598336,"Make it Happen Indiana! 
üá∫üá∏üí´#Indiana4Trump45üí´üá∫üá∏
üá∫üá∏üí´#MAGAüí´üá∫üá∏
üá∫üá∏üí´#GameOverüí´üá∫üá∏
üöÇüá∫üá∏üí´üöÉüá¶Ô∏èüá≤Ô∏èüá™Ô∏èüá∑Ô∏èüáÆÔ∏èüá®Ô∏èüá¶Ô∏èüá≥Ô∏èüóΩüåüüáªÔ∏èüá¶Ô∏èüá±Ô∏èüá∫Ô∏èüá™Ô∏èüá∏Ô∏èüá∫üá∏üí´üí®üí® https://t.co/AIRsnnnSBe"
726558151932268548,"Trump doesn't want your $$ - just needs your vote.
Cruz doesn't need your vote - just wants your $$
#VoteTrump #MAGA https://t.co/fN3FOVA63K"
726561356632195072,I believe this election may have ruined @tedcruz 's career.  #ZodiacTed #Trump2016 #TrumpTrain #MAGA #GodEmporer
726557278023864321,GOP at Trump #NerdProm #trump #trump2016 #GOP #Republicans #MAGA #Cruz #INPrimary #IndianaPrimary https://t.co/Suk5spZzhP
726551560763920386,"@DanScavino @GiGiOnCall they need to find larger venues for these rallies, like The Donald's bathroom at Maralago. #trump2016 #maga"
726554257793515520,Girl Sad Her Trump Yard Sign Were Stolen https://t.co/c4wmOMj0Hk via @YouTube @realDonaldTrump #MAGA
726555328045678592,"#OnlyTRUMP Anti-trump paid thugs destroy police cruisers. A taste of Syria Thanks #Obama #USA #MAGA
https://t.co/SMSyvapTae via @YouTube"
726554453181095936,"@DanScavino @realDonaldTrump 
How do the latest polls in Indiana look for Mr. Trump?
#Trump2016 
#MAGA"
726558306467241989,GOT MY EYE ON AMERICAüá∫üá∏ #Trump2016 #TrumpTrain #MAGA  https://t.co/kVVjoW5Gmf
726514136838975494,"Trump locks down Delaware GOP delegates. #Trump2016 #MAGA 
https://t.co/sto7CYV1fw"
726558289626951680,@rusdolboy @realDonaldTrump THIS IS A LIE! https://t.co/cIJhDcdN4u #MAGA #TrumpTrain @JudgeJeanine @IngrahamAngle @AnnCoulter #TCOT
726553598000271360,"Eric #Trump: My dad‚Äôs immigration plan includes #amnesty after deportation
https://t.co/b96i1BVFHE
#NeverTrump #Trump2016 #TrumpTrain #MAGA?"
726555272865415168,You are very Welcome! #VoteTrump #OnlyTrump #MAGA https://t.co/OXh7FGRiqw
726554603177676800,Everyone declining but the Donald! #MAGA https://t.co/8ZKOFnYeHC
726558432719986689,"WE SUPPORT @realDonaldTrump ‚úîÔ∏è#VoteTrump üá∫üá∏
JOIN US ON THE #TrumpTrainüöÇ 
#Trump2016 #MAGA 
#INPrimary 
#CruzCrew https://t.co/qA6nvTbPC5"
726555329064919040,#MAGA just a matter of time...Islam in the West: Wrath of the Awakened Saxon https://t.co/0J1fNCRiUX via @YouTube
726558160849264640,@Always_Trump #Indiana is not stupid why attend a Cruz Rally he's been #EliminaTED Vote @realDonaldTrump lets stop #CrookedHillary #MAGA
726558234186813440,"#Vote2016 "" #realdonaldTrump  For You Americans https://t.co/j58e8aacrE #maga #Military #veterans #realbencarson https://t.co/j7X1Y5JFnJ"
726560072344678400,GOT MY EYE ON AMERICAüá∫üá∏ #Trump2016 #TrumpTrain #MAGA  https://t.co/BqQY2R7ISQ
726555254494355457,@realDonaldTrump @MikeOzanian @FoxNews veterans need to start coming before illegals!! #MAGA #onlytrump #veterans https://t.co/1WejTJAIM2
726560322031603713,"Nah, he started off that üëáway.  #MAGA https://t.co/niR84gQLQ7"
726551097708580865,#SMH @ this stupidity -&gt; @GeorgeWill : GOP Must Stop Trump Even if He Wins Nomination-The Hill https://t.co/RyoDzpp1SB #VETS #tcot #MAGA
726555891600756736,"#VoteTrump into the White House

#Trump2016 #CAPrimary #Election2016 #MAGA 

https://t.co/4QmrcWK6iB
BUMPER STICKERS https://t.co/W4Rh4Nclou"
726561465927274496,"@immigrant4trump

Help #VoteTrump into The White House!

#TrumpTrain #MAGA

https://t.co/4QmrcWK6iB
BUMPER STICKERS! https://t.co/S766AwJoQ9"
726560255442706433,And they say trump supports violence #maga https://t.co/TJe5Uq2Ziq
726554492527734784,Incompetent #Cruz can not pick #VP at #CrookedConvention. #CAGOP #Indiana #IndianaPrimary #TrumpTrain #MAGA LOL https://t.co/U9cSjJoHrl
726557415148113920,"235 more delegates and it's over,it won't be that hard and #Cruz will have to come back to reality. #CruzSexScandal #MAGA #INPrimary #Trump"
726555591485886466,Lol @tedcruz supports Kim Davis! Truth is stranger than fiction.  #Trump2016 #TrumpTrain #MAGA https://t.co/DBsoiVChm9
726555727511322629,"Let's be patient. We waited 30 years, really more like 80yrs for a President supporting  #America1st HE WILL&gt;&gt; #MAGA"
726551311668383744,Thank You for #MAGA  https://t.co/xGLnYitcRw
726553288280313856,"There's something fishy about Donald #Trump's charitable donations
https://t.co/78HpaXzmQA
#NeverTrump #fraud #TrumpTrain #Trump2016 #MAGA??"
726555039351869440,"#Trump Defended #Clinton During Lewinsky Scandal Against ‚ÄúMoralist‚Äù Hypocrites In Congress
https://t.co/XqL5KxHKFo
#NeverTrump #fraud #MAGA?"
726560221892587520,"Judith Miller: Senators Say Cruz 'Not A Man Of His Word,' Would 'Stab You In The Back' - Breitbart https://t.co/48BxuAp7XJ #NeverTed #MAGA"
726559697596096513,"Hillary for Prison! #MAGA  https://t.co/en9P5gc6nB https://t.co/RLKb7AMgRC"
726557372454326272,https://t.co/j2Tca7d3SF Cruz supports gang of 8 bill &amp; wanted to improve it to help the illegals #INPrimary #Maga https://t.co/JCoMpYjzeq
726546852607205376,Everyone should be interested in being interested in being @realDonaldTrump VP. He will be #MAGA and we will all benefit.
726549864218124288,"Everbody PLEASE listen to @Reince &amp; the @GOP! It's the only chance #CrookedHillary got!!
-mao
#CruzScrew #MAGA https://t.co/0rbMT0Vjj1"
726545937942736897,"George Will flexing his muscle w/GOP - since when did a journalist have greater power than WTP?! 
https://t.co/BinJ0nISCH

#Trump2016
#MAGA"
726547600674004992,"WE SUPPORT @realDonaldTrump ‚úîÔ∏è#VoteTrump üá∫üá∏
JOIN US ON THE #TrumpTrainüöÇ 
#Trump2016 #MAGA 
#INPrimary 
#CruzCrew https://t.co/AXElxExwnW"
726547931545755649,"73042016, #VoteTrump THE BEST #MAGA
protesters = illegals, liberal, blind, dumb, deaf, idiots, &amp; retarded in history
https://t.co/NV3R2FENwL"
815346243962634240,Question for @BarackObama Why is it that USA citizens need a passport to travel across borders? #AmericaFirst #MAGA https://t.co/QccYsl0aVG
726547700095848448,I hope you're right. There is what might be an outlier poll showing Cruz up 16. #maga https://t.co/ec9zw7hu4z
726546940884844544,#TrumpTrain #VoteTrump2016 #MAGA '@realDonaldTrump #IndianaPrimary #Indianaüá∫üá∏ AWESOME VIDEO WORTH WATCHING! üá∫üá∏ https://t.co/X75XsQwATn
726546243267207169,"A MUST WATCH, VERY EMOTIONAL TESTIMONY TO HOW REAL, GENUINE, CARING , BRAVE  @realDonaldTrump IS !! #MAGA #ONLYTRUMP https://t.co/jSZRRvu2sw"
726551769774432256,"No one knows what Donald #Trump did at Wharton
https://t.co/rgdbpIYrkV
#NeverTrump #Trump2016 #TrumpTrain #TrumpRally #MAGA?"
815216361932750849,#ItsTheEndOfTheWorldAnd wrong it's. new beginning. #MakeAmericaGreatAgain #HappyNewYear #maga
726546752224956416,"@Tayten5 @billmaher @RealTimers Marxist trash are running scared, I was at the rally. miles long lines of people who didn't get in. 
#MAGA"
815346752333213696,HAPPY NEW YEAR #MAGA STYLE
726550320411717632,"Trump knows whats up. He was tweeting about evil globalist Soros &amp; amnesty years ago. 

#MAGA #Trump2016 #TRUMPTRAIN https://t.co/NhxHFvULmf"
726551702380359680,Too bad murdering Hillary we are not going to forgetüá∫üá∏üá∫üá∏@realdonaldtrump #Hannity #MAGA https://t.co/D4pcGcK3Ee
726545749245227008,"Need to send every citizen of Mexico back home. DEPORT the invasion
BUILD THE WALL
ENFORCE OUR LAWS
ONLY ENTER LEGALLY

TRUMP
#MAGA"
726546765172846592,Things are getting heated! #Trump2016 #Trumptrain #MAGA https://t.co/GeBnZgIBk5
815346731680415744,"THANK YOU @realDonaldTrump FOR HAVING THE COURAGE TO FIGHT &amp; WIN FOR US!
#HappyNewYear
#MAGA @deplorable_left https://t.co/V5z7S2IZ9D #Ad"
726547968220868611,All who bleed Red White and Blue welcome! #MAGA AMERICANS FIRST IS THE GOAL! All else will follow https://t.co/VOF2oZOVd1
726548094691737600,"#Trump Must Disclose Profits From His 'University' in RICO Lawsuit
https://t.co/xAgzUrUidA
#Trump2016 #fraud #NeverTrump #TrumpTrain #MAGA?"
815346638562754560,"AMERICAN HERO-&gt; @RealSheriffJoe
60+ YEARS OF SERVICE
THANK YOU 
RT 2 SAY TY 2
#MAGA #Trump
@deplorable_left https://t.co/iSZ0sKLbfJ #Ad"
815346682166657025,"AMERICAN HERO-&gt; @RealSheriffJoe
60+ YEARS OF SERVICE
THANK YOU 
RT 2 SAY TY 2
#MAGA #Trump
@deplorable_left https://t.co/DCiP0AsmfG #Ad"
726549294224969728,"WE SUPPORT @realDonaldTrump ‚úîÔ∏è#VoteTrump üá∫üá∏
JOIN US ON THE #TrumpTrainüöÇ 
#Trump2016 #MAGA 
#INPrimary 
#CruzCrew https://t.co/cpVW2EvM8Y"
726547140240150528,"#Indiana

Liberals R funding #Cruz to divide #GOP!
NO to Puppet Cruz

#VoteTrump #INPrimary #IndianaPrimary 
#MAGA https://t.co/ReZAFehrVh"
726552069151182848,@TArmbands Thank you for the follow! Great armbands! #MAGA bracelets? üá∫üá∏
815346602089005061,"@WheredidMaGo Obama makes Nixon criminal activity look like cupcakes, with pink icing #MAGA"
726546125361152000,"#Indiana

Abandon Sinking #Cruz Ship &amp;
Jump on #TrumpTrain

#VoteTrump #INPrimary #IndianaPrimary
#MAGA https://t.co/zR4ZpegtTK"
726548216452272128,T. Boone Pickens is one smart cookie.  People should listen. :) #MAGA #TrumpTrain #tcot #jcot https://t.co/1EZt1IBk2L
726546799763316740,@bocavista2016 @CIndyStarbuck @mitchellvii @godblessameriga Soros voting machines rigged to match fake Cruz push polls #StopTheSteal #maga
815346732473028610,Hey Libtards. Its called #DrainingTheSwamp. #TeamTrump #MAGA #USSR https://t.co/fqE9HmG2TE
815346249180315648,"#DrainTheSwamp @realDonaldTrump was the only person w/GUTS to call out the SWAMP, RIGGED MSM, ETC. HE WILL #MAGA ! https://t.co/XFwvZHsYNM"
726546972203737088,#realdonaldtrump Build The Wall America First #greta #veterans #military #usmc #army #navy #airforce #maga #2A https://t.co/nAKObITxaA
726546948191326209,"#Vote2016 "" #realdonaldTrump  For You Americans https://t.co/j58e8aacrE #maga #Military #veterans #realbencarson https://t.co/yVJSASmw0v"
726549199010074624,"WE SUPPORT @realDonaldTrump ‚úîÔ∏è#VoteTrump üá∫üá∏
JOIN US ON THE #TrumpTrainüöÇ 
#Trump2016 #MAGA 
#INPrimary 
#CruzCrew https://t.co/N0mGcqhsvt"
726546953409036288,#veterans #Vote2016  #realdonaldTrump  Help is incoming https://t.co/j58e8aacrE #maga #Military #realbencarson https://t.co/0eNPHevEvs
726551559090376705,"Trump doesn't want your $$ - just needs your vote.
Cruz doesn't need your vote - just wants your $$
#VoteTrump #MAGA https://t.co/iMII1GCt5R"
726550640760074240,Job loss #realdonaldtrump 2000 to Mexico Carrier Air-Condition #VoteTrump2016 https://t.co/zLB6LQKqnO #Maga #Tcot https://t.co/T40SAoU0xl
815346547932033024,"@JackysBack3 and as winners that we are, #happynewyear #happy2017 !! ü•Ç#bestwishes üåüüòä‚úåüèº#MAGA"
815346293405089792,"As if @realDonaldTrump being elected prez wasn't awesome enough, son, @DonaldJTrumpJr has my daughter's same birthday. #MAGA #HNY #HBD"
815346775712141312,@botchford @amit_6150 David booth wants to #MAGA
815346684477640709,The 4 women who disgraced all women in #America and set Women's Rights &amp; Equality back 50+ years. Thanks A LOT you‚Ä¶ https://t.co/EO7YsejR7P
726545458970132480,"YEP &amp; Cruz isn't Romney; holding ones nose won't b enough to get one to vote #lyinTED. No dems will, for sure. #MAGA https://t.co/M1dz3ElVPT"
815346697073283075,@_Makada_ 2017 will be even better. :) #MAGA
726545865683423232,"Trump doesn't want your $$ - just needs your vote.
Cruz doesn't need your vote - just wants your $$
#VoteTrump #MAGA https://t.co/SorvJmwVAa"
815346279190564864,"AMERICAN HERO-&gt; @RealSheriffJoe
60+ YEARS OF SERVICE
THANK YOU 
RT 2 SAY TY 2
#MAGA #Trump
@deplorable_left https://t.co/0914TbAZYn #Ad"
726551196371013633,@FoxNews @realDonaldTrump So @tedcruz pretending to be an outsider thinks he's going to bridge this gap in subsequent delegate counts? #MAGA
726548186752532480,Like? He injected America with a cancer that is hard to cure but we will kick it's ASS &amp; prove him wrong! #MAGA https://t.co/uPr4YzghdH
726546912485236737,"They are an enemy militarily, politically, and economically. But BO will have a killer stand-up tonight. #maga https://t.co/EYh1XneZli"
726545648569356288,NEW #Trumpicon #tshirts #CrookedHillary #AmericaFirst added #TrumpRally  #Trump2016  #MAGA https://t.co/fgtaDxDvqN https://t.co/ZglDMQmCij
726549860447449088,I just love this graphic. @RepDelegate #TrumpTrain #MAGA https://t.co/FRTNqWuLOa
726549532796964864,#Tcot #TrumpRacist #KKKLovesTrump #NeverTrump #TrumpTrain #TrumpRally #Trump2016 #racism #RacistPrick #MAGA? No way! https://t.co/ygtgw6EVAO
726545203641769984,#Indiana #IndianaPrimary #indiana women #MAGA and #MSMLIES https://t.co/fraDLcR41t
815346609806573569,"THANK YOU @realDonaldTrump FOR HAVING THE COURAGE TO FIGHT &amp; WIN FOR US!
#HappyNewYear
#MAGA @deplorable_left https://t.co/Vfu7Y0Eb1h #Ad"
815346741864202240,"AMERICAN HERO-&gt; @RealSheriffJoe
60+ YEARS OF SERVICE
THANK YOU 
RT 2 SAY TY 2
#MAGA #Trump
@deplorable_left https://t.co/rMScxNeCSG #Ad"
815346763779416064,#HappyNewYear #MAGA !!! 2 terms for #Trump !!!! https://t.co/N9kPQKNwXj
815346205165293572,"@KathrynKemm üíú you are very welcome #CCOT #MAGA 2017 
#makeitcount #patriots ‚ú®üôè‚ú® https://t.co/Xc5r6sIfmo"
726545255961489410,"Partial List of GOP Never Trump Supporters #Trump #MAGA

Republicans who vow to never back Trump https://t.co/tbtCHSVzXy"
726550309137317888,"After Rocky Mountain Heist @sirtatters #PJNET #RNRColorado #RedNationRising #MAGA  #Trump2016 @Katey777L
 https://t.co/RhbZ5lWMvj"
726551830868713472,"@KatrinaPierson representing Mr Trump in her usual concise &amp; precise way . #ClassAct
#Trump2016 
#MAGA  https://t.co/ImxTGx9vEE"
726545656211333121,Cruz is outta cash. Campaign staff layoffs coming. #MAGA #INPrimary
726547039027220480,@realDonaldTrump I wonder if the California stores will run out of Mexican flags? #Trump #BuildThatWall #MAGA https://t.co/FPWcxIzOJd
815346512066539520,"@PJStrikeForce @realDonaldTrump @MikePenceVP Also my #BestMemoriesOf2016 and IF end of 2017 we'll even feel better, then #MAGA will save USA"
815346189331824641,I love this!  #tinyfingeredpuppet #maga #TheResistance #WomensMarch #StopTrump https://t.co/ZF5twV4Ckd
726549710522052608,"#Trump shatters the Karl Rove 'ceiling' but the GOP Establishment is tone deaf. #MAGA
#DropOutCruz https://t.co/ayMDzbVsO2"
726546889324126208,"@PattiSM74 

Stop #CrookedHillary At All Costs!

#WomenForTrump #Trump2016 #MAGA 

https://t.co/ymw4DMYar8
SHIRTS! https://t.co/15BIengBnc"
726545335376449536,@JandRHendricks @Madamtazzz @FriendlyJMC @realDonaldTrump #MAGA WE BELIEVE IN BORDERS! WE BELIEVE IN THE HOPE OF THE PARTY OF REGAN!!!! üóΩ
726548148211056640,#TrumpTrain #VoteTrump2016 #MAGA '@realDonaldTrump #IndianaPrimary #Indianaüá∫üá∏ AWESOME VIDEO WORTH WATCHING! üá∫üá∏ https://t.co/F9RMebfTD6
726550248076746752,"When Donald #Trump Praised Hillary Clinton
https://t.co/oYp7r3Hyg2
#NeverTrump #fraud #Trump2016 #TrumpTrain #TrumpRally #MAGA? LOL Nope"
726550156540141568,"@CBSNLive @KatrinaPierson I see pretty @scottienhughes in the background ole!!
#PresidentTrump #MAGA!!"
815346506563747841,#NOFascist2017 #FearNothing #ccot #tcot #maga #magax3  #FearNothing #ccot #tcot #maga #magax3 Bigger... https://t.co/0DNSb2W2iP via @nuzzel
815346543515602944,"2016, I began the beginning of the end (12th grade). I helped elect a President that will #MAGA. I turned 18, and we lost some great stars!"
726549419445735424,"@dawnellemurray @Rockprincess818 @Campaign_Trump @oreillyfactor This should b over by tuesday!!!
#Trump2016 #MAGA!"
726548553133363200,@GOP And they're REAL SICK of you and the  #RINO 's who did NOTHING to stop them. #Trump2016 #MakeAmericaGreatAgain #MAGA
726551351694598144,@AliceEngle3 @WGinetta @realDonaldTrump take their lifetime bennies away &amp; only those with true intention will get into #MAGA
726551127458758656,"@n_motojr
With the awesome @mishacollins at yesterday's #TrumpRally. #SuperNatural #Castiel #MAGA #Trump2016... https://t.co/yg7vsYZUwn"
815346285297418240,@zeroinscw you gotta like THAT !! #MAGA
726545353600847872,Can't get @realDonaldTrump in the WH fast enough‚ÄºÔ∏è #MAGA  https://t.co/B0odYoOfEg
726550246285672448,"Coming toüá∫üá∏AMERICAüá∫üá∏and YOURüá∫üá∏Home Townüá∫üá∏‚ÄºÔ∏è
#VoteTrump @ realDonaldTrump will keep USA SAFE‚ÄºÔ∏è
#Trump2016
#IN
#MAGA

 https://t.co/4cOBEX8Kc7"
726547815321718784,"Trump doesn't want your $$ - just needs your vote.
Cruz doesn't need your vote - just wants your $$
#VoteTrump #MAGA https://t.co/0lisgRrhCj"
726549681199669251,#DanaPointGrandPrix Celebrating and Supporting the #DanaPoint5thMarines #MAGA https://t.co/042K2noUN5
726546935943860225,Ted just can't stop lying about everything #INDPrimary #IndianaPrimary #MAGA #AmericaFirst #Trump2016 #TrumpTrain  https://t.co/pBOMB9D0CQ
726546958689665026,"#Vote2016 "" #realdonaldTrump  For You Americans https://t.co/j58e8aacrE #maga #Military #veterans #realbencarson https://t.co/opYnsa6s2Y"
726547215196397568,"Our country will WIN AGAIN with TRUMP
AGAIN AND AGAIN
AMERICA FIRST
#MAGA #Trump2016"
815346323763372032,"AMERICAN HERO-&gt; @RealSheriffJoe
60+ YEARS OF SERVICE
THANK YOU 
RT 2 SAY TY 2
#MAGA #Trump
@deplorable_left https://t.co/UtfDi5imbO #Ad"
726550436535144449,"The Brown Shirts Are Back: ""The angry mobs will not be satisfied until they burn it all down""
#VoteTrump #MAGA

https://t.co/nCjySSgfkB"
726547610098606080,https://t.co/HITbDTAPYg lol #cucks can't handle gun rights.  #2ndAmendment #Trump2016 #TrumpTrain #MAGA
815346694657191937,@asamjulian @LindaSuhler @realDonaldTrump The very best #Winning #BuildTheWall #MAGA
726549708492120064,"DanScavino: RT realDonaldTrump: Trump locks down Delaware GOP delegates. #Trump2016 #MAGA 
https://t.co/rGBC2KrlRY"
815346618971095041,"AMERICAN HERO-&gt; @RealSheriffJoe
60+ YEARS OF SERVICE
THANK YOU 
RT 2 SAY TY 2
#MAGA #Trump
@deplorable_left https://t.co/r6CaJsOZVS #Ad"
726548372409167873,"Trump doesn't want your $$ - just needs your vote.
Cruz doesn't need your vote - just wants your $$
#VoteTrump #MAGA https://t.co/SFlejx1Kt6"
815346211561607168,"AMERICAN HERO-&gt; @RealSheriffJoe
60+ YEARS OF SERVICE
THANK YOU 
RT 2 SAY TY 2
#MAGA #Trump
@deplorable_left https://t.co/qeLBr3al6n #Ad"
726546271813570560,"Illegals:Ur days in US r # rd.U worry abt ur contry,go bck &amp; DO somethin 2 help.Dont com hea demand WE DO wat urs wont do 4 othas #MAGA #USA"
726548369640804352,"Jon Huntsman adds to the growing list of GOP elite supporting Trump
https://t.co/qSYcFRBv8g @DanScavino #MAGA #Trump2016 @DiamondandSilk"
726551005546971136,"@newbloo73079352 @Rockprincess818 

72 DHS employees are on the ""no fly list"" WTH

#Trump2016 

#MAGA https://t.co/5I1jWzV5iK"
726548060810043392,"@1Barbara1 #thanks for sharing about #maga, have a great Saturday :) (Want this üÜì? &gt;&gt; https://t.co/Q6i8ZGXQ7S)"
815346304771571713,Happy New Year to my followers on Twitter 2017 will be Exciting with @realDonaldTrump The Deplorables Have Spoken A‚Ä¶ https://t.co/Mmg2xhNwOJ
726545717381107712,"73042016, #VoteTrump THE BEST #MAGA
protesters = illegals, liberal, stupid, disrespectful, uneducated, &amp; despicable!
https://t.co/DUu7wRYyfB"
726546977895399424,#veterans #Vote2016  #realdonaldTrump  Help is incoming https://t.co/j58e8aacrE #maga #Military #Wisconsin https://t.co/pUqzSRDb2B
726548130758447105,@realDonaldTrump Living the life of delusion #VoteTrump #MAGA https://t.co/fEbNiMuIPH
815346227554426880,Happy New Year !! Looking forward to a new chapter in the USA! #MAGA!! üéâüéâüá∫üá∏
815343711324348416,@ArthelNeville Your interview with the Captain about Russia highlighted your Liberal bent. Try to calm your demeanor. It's unbecoming! #MAGA
815345181578891266,#BestMemoriesOf2016 HILLARY LOSING/Hillary concession speech! &amp; #TRUMPWINNING! BEST NIGHT EVER! BRING ON 2017! #MAGA #PEOTUS #trump2017
815345580385898496,Such a 'Rational' Religion   #berlin #maga #isis #pjnet  https://t.co/EgQpyBp4m9 https://t.co/NbBgNoZJBN
815343688998068225,And on that we agree #MAGA https://t.co/bfObzv4xxq
815344949801717760,"#BestMemoriesOf2016
Hands down....
President @realDonaldTrump Winning...
Not 1X...not 2X...winning 3X !!! #MAGA https://t.co/cj1jpX0g9y"
815345253590953985,"‚òÖ2016 made white libs realize how unjust, racist, sexist America is - Liberty Unyielding‚è©https://t.co/ziltUG5NHB ‚òÖ#MAGA‚òÖ#CCOT‚òÖ#PJNET‚òÖ"
815345472663646208,"AMERICAN HERO-&gt; @RealSheriffJoe
60+ YEARS OF SERVICE
THANK YOU 
RT 2 SAY TY 2
#MAGA #Trump
@deplorable_left https://t.co/XpSu7bQHIM #Ad"
815343963926384640,Happy New Year! #MAGA
815345172733108224,"@actualjackhq I will sign and executive order for a rematch. For the record, I won Michigan by a LANDSLIDE.‚Ä¶ https://t.co/qJppr0WzEI"
815345818333052929,wittier Tank rolls over a bomb #klout cindycapo wittier9 #MAGA https://t.co/y6v5QTOtnG cindycapo edaccessible
815343505518329856,@treyyoung1123 I see a bright 8 years ahead of us #maga
815345546634244096,@uksailw @realricksparks @mmpadellan @realDonaldTrump and that's why trump won! Thank you! #maga
815345241125453824,"@seanhannity Keep fighting the good fight, Sean! Miss you!! Here's to a #HAPPYNEWYEAR for the first time in 8 yrs! #MAGA"
815344507524784128,WE NEED A Huuuuge WALL! #Trump #MAGA #TrumpTrain https://t.co/o5yQ9hKAwZ
815343745038254081,"@Cernovich Happy New Year to you and your family, Mike! Thanks for all of your hard work in spreading the truth this year! #MAGA"
815343876638732288,"Obama has 20 days left to try to thwart the transition &amp; stay in power. What will he do?

#breaking #BREAKINGNEWS #maga #ObamaOutIn20Days"
815344037116968961,"AMERICAN HERO-&gt; @RealSheriffJoe
60+ YEARS OF SERVICE
THANK YOU 
RT 2 SAY TY 2
#MAGA #Trump
@deplorable_left https://t.co/Jdk1kapxgZ #Ad"
815345136959889408,@toddwhaines @YouTube best line ever in a Presidential debate! #MAGA #HAPPYNEWYEAR
815344093530361856,@News_Daily_24 Trump sides with America against anti-Americans. We like Israel and would like peace with Russia but through strength. #MAGA
815345661092589568,HAPPY 2017 #wikileaks #NeverHillary #neverforget #DNC2016 #neverclinton #MAGA https://t.co/f5OtxagEVj
815345195034275840,@mike_pence Let's hope the liberals will stop crying    oh wait... #Maga https://t.co/8jdymGWuPc
815343710577815552,"AMERICAN HERO-&gt; @RealSheriffJoe
60+ YEARS OF SERVICE
THANK YOU 
RT 2 SAY TY 2
#MAGA #Trump
@deplorable_left https://t.co/RuCWMYI13a #Ad"
815344966700597248,"AMERICAN HERO-&gt; @RealSheriffJoe
60+ YEARS OF SERVICE
THANK YOU 
RT 2 SAY TY 2
#MAGA #Trump
@deplorable_left https://t.co/rb0v1UGubE #Ad"
815344887444996096,@ScottPresler @TruthIwant2 #2016TwitterChoiceAwards for your hard work to #MAGA #HAPPYNEWYEAR #PresidentTrump #respect #USA
815344523366821888,"#HAPPYNEWYEAR #Year2017
#AmericaFirst #MAGA #MASA 
""HOPE"" we can count on!
@munsue @arian0027 @PhdFor @ForColorado‚Ä¶ https://t.co/9xfPQq9uDZ"
815343870645039104,How great a year was 2016? Trump wins the election and Alabama goes undefeated! #MAGA üá∫üá∏ #RollTide üèàüåä
815345474530144258,Happy new year too all patriots and my Twitter friends üéâüéâüéâüéâüéâüéäüéäüéäüéä #brexit #maga
815345463075303425,@realDonaldTrump they're still toooo dizzy üòµ from the smackdown you gave em #POTUSTrump @realDonaldTrump MY NEW YEA‚Ä¶ https://t.co/p5chgt3lpd
815344455028862977,@mitchellvii Happy New Year üéâüí•üçæ from Texas‚ùó2017 is going to be one  awesome year‚ùó#MAGA https://t.co/1pFNy48AHa
815345831880622080,Happy New Year to all my followers and friends #GodBlessAmerica #Goodbye2016 #Maga
815345950843699200,Yes very GR8ful for the gift &amp; sacrifice of #PEOTUS @realDonaldTrump and his family from #GodAlmighty #MAGA Don't f‚Ä¶ https://t.co/6gROGDpZRE
815344198673113088,"@latinaafortrump Yes he does, as do we &amp; we will #MAGA together! Happy New Year Irma &lt;3 :)"
815345999786938368,@Jaxsaxman @JohnKStahlUSA I think this one looks better. #MAGA https://t.co/Y1ron7EVpQ
815345136204972037,"A happy 2017, indeed! #2A #guns #pewpew #NRA #MAGA https://t.co/T9HZoKb718"
815345495828742146,The Chinese declared 2017 the year Trump #MAGA #HAPPYNEWYEAR  @realDonaldTrump #Trump
815343631670222848,"Damn Straight!  @SarahPalinUSA, @realDonaldTrump needs to #DrainTheSwamp &amp; MOST OF ALL...the UN, as in #DaBoot from‚Ä¶ https://t.co/xJvHE2v0UE"
815345931335843840,Happy New Year to all my fellow #Trumpers out there! We changed the world in 2016! Can't wait to see what 2017 has‚Ä¶ https://t.co/c8tpAfm0Ur
815344794197233664,"AMERICAN HERO-&gt; @RealSheriffJoe
60+ YEARS OF SERVICE
THANK YOU 
RT 2 SAY TY 2
#MAGA #Trump
@deplorable_left https://t.co/5CzZm1mm8F #Ad"
815345570260905984,"Happy New Year you gorgeous creature. #maga

@HillaryClinton https://t.co/OBsFoHjSX7"
815345664645337089,@POTUS your 'Oh Shit' moment is fast approaching. #maga https://t.co/UH7OuDnLUr
815344841680830464,. @SupinoJr And then there's Common Core and Liberal Universities Indoctrination.. It's all coming to an end #MAGA #TrumpsArmy #TrumpStrong
815345707062349824,@kewilpee amen! Best part of the whole year! #MAGA #HAPPYNEWYEAR
815343681792278528,"Thanks Donald for giving us hope for the future. We know you love our country as much as we do. 

Let's #MAGA! üá∫üá∏‚ù§‚Ä¶ https://t.co/EkoxUMjSs9"
815345441776828416,"THANK YOU @realDonaldTrump FOR HAVING THE COURAGE TO FIGHT &amp; WIN FOR US!
#HappyNewYear
#MAGA @deplorable_left https://t.co/1nBc7ON84w #Ad"
815345620445761536,PODESTA &amp; CAIR WANT 2 SILENCE U.S. CITIZENS #MAGA @realDonaldTrump @mike_pence @LouDobbs https://t.co/zrbxuWhst3
815345440140820480,"Liberals are the new radical Muslims:

Intolerant and hateful of those with opposing views

#PresidentTrump #MAGA"
815345651743485952,Tonight's #NewYearsEve activities. #maga https://t.co/TCns6c2bDn
815343752709636096,@evepeyser without vaginas and melanin how will they #MAGA ?!?
815344096369905665,"So who is the better man? Looks like Putin, hm, #DrainTheSwamp @realDonaldTrump #MAGA #MASA #TrumpTrain #chocho‚Ä¶ https://t.co/2JPKtaTX5A"
815344802816462848,"THANK YOU @realDonaldTrump FOR HAVING THE COURAGE TO FIGHT &amp; WIN FOR US!
#HappyNewYear
#MAGA @deplorable_left https://t.co/xjpcO3tY75 #Ad"
815345209726947328,"AMERICAN HERO-&gt; @RealSheriffJoe
60+ YEARS OF SERVICE
THANK YOU 
RT 2 SAY TY 2
#MAGA #Trump
@deplorable_left https://t.co/oJc268EbOO #Ad"
815344235025145856,#2016TwitterChoiceAwards to @KellyannePolls 1st woman to run a presidential campaign and win! #GlassCeiling‚Ä¶ https://t.co/IFMT5noJ4h
815345713819353088,"This is an Epic tweet, the award goes to @bbidoill #2016TwitterChoiceAwards 
Awesome!!! 
#MAGA #CCOT #TCOT üá∫üá∏‚Ä¶ https://t.co/ccebRCmz6c"
815345642285527041,"@TheYoungTurks @realalexjones #maga #americafirst #triggered
The Young Turks Are Falling Apart LMFAO!

https://t.co/DQLyN7IoUX via @YouTube"
815344887419715585,"Franklin Graham: Donald Trump Won Election by the ‚ÄòHand of God‚Äô
#PresidentTrump #HappyNewYear #MAGA‚Ä¶ https://t.co/G6GJVP4BbY"
815344333796818948,"THANK YOU @realDonaldTrump FOR HAVING THE COURAGE TO FIGHT &amp; WIN FOR US!
#HappyNewYear
#MAGA @deplorable_left https://t.co/FRLxdqbZJ9 #Ad"
815345002461077504,"Citizens' Rights Matter

#PresidentTrump #MAGA"
815344047514681344,#GOP SC #Dixie flag defending pol beats wife while on 911 tape  #trump #maga #drainedtheswamp  https://t.co/KCLPuKpMKT
815345932879405056,@asamjulian Can't watch this without tears!! The good kind :) #MAGA #45 #TrumpTrain
815344878779564032,"If you refer to yourself &amp; your nazi buddies as ""goy"" to be ironic, just kys instead. #MAGA"
815345474739650560,"@IowaDawg Thank you ! Yes, very excited for the New Year too &amp; #MAGA üá∫üá∏üá∫üá∏üí™üèª"
815343682689925120,"AMERICAN HERO-&gt; @RealSheriffJoe
60+ YEARS OF SERVICE
THANK YOU 
RT 2 SAY TY 2
#MAGA #Trump
@deplorable_left https://t.co/hxn4YJadkz #Ad"
815345162947805184,"@steph93065 anyway, good luck with the #MAGA and get rid of warmongering people like McCain @CarmineZozzora @LoveDomine @MailOnline"
815345687973990401,Definition of risk: Hanging out in a gun free night club on New Years eve. #maga @HouseCracka
815345906241437696,"AMERICAN HERO-&gt; @RealSheriffJoe
60+ YEARS OF SERVICE
THANK YOU 
RT 2 SAY TY 2
#MAGA #Trump
@deplorable_left https://t.co/mncxgS8E3l #Ad"
815344455184171008,@hrtablaze That's right OT üëä we gotta shut dem liberal extremists down for good üëä #MAGA
815344034411581440,@Lynxie63 @JadedByPolitics @KoichicCheryl @blueskies6123 @lupash7 @WmScottBlair @usarubric @yrwol7 @sundoghigh Big‚Ä¶ https://t.co/lFPc60E6g6
815345250097070080,"AMERICAN HERO-&gt; @RealSheriffJoe
60+ YEARS OF SERVICE
THANK YOU 
RT 2 SAY TY 2
#MAGA #Trump
@deplorable_left https://t.co/PX8MQwEvSK #Ad"
815345827212185600,"HAPPY NEW YEAR
MY DEPLORABLE BROTHERS &amp; SISTERS
#MAGA #USA #NewYearsEve 
@realDonaldTrump https://t.co/tEnLxzyyuK"
815345986272972800,"AMERICAN HERO-&gt; @RealSheriffJoe
60+ YEARS OF SERVICE
THANK YOU 
RT 2 SAY TY 2
#MAGA #Trump
@deplorable_left https://t.co/d8XCA2GJs8 #Ad"
815345857964875777,@nia4_trump @bfraser747 Sand filled garbage trucks were #PEOTUS  Donald Trumps idea. #MAGA
815345521355325440,#MAGA! https://t.co/j5K7XNkets 100 years from now a researcher will be sitting in the Donald J. Trump presidential scrolling thru The_Dona‚Ä¶
815345255772016640,"THANK YOU @realDonaldTrump FOR HAVING THE COURAGE TO FIGHT &amp; WIN FOR US!
#HappyNewYear
#MAGA @deplorable_left https://t.co/nMsdTeJA1u #Ad"
815345524811370496,#MAGA! https://t.co/v1Ga3prtXU 'Many wounded' in Istanbul nightclub attack
815345859588042752,"One Under Each Arm!!!!!
#MAGA https://t.co/sRjFf8hb5o"
815345128487395328,Happy #NoObama New Year 2017!  #MAGA #Trump @realDonaldTrump #MNGOP
815345237526646784,"MT @JohnKStahlUSA: Few pictures worth 5,000 words, this is priceless. Valerie hates us so much. #tcot #maga https://t.co/Q1kU0WUo4z #PJNET"
815344350242684928,"AMERICAN HERO-&gt; @RealSheriffJoe
60+ YEARS OF SERVICE
THANK YOU 
RT 2 SAY TY 2
#MAGA #Trump
@deplorable_left https://t.co/A1AjZLTEXA #Ad"
815345698484981760,Tank rolls over a bomb #klout @cindycapo @wittier9 #MAGA https://t.co/PgDT5EFozF
815345882984026112,Game Time! @OSUCoachMeyer ready to take down @ClemsonFB on his way to showdown with BAMA! #O-H-I-O #MAGA #HAPPYNEWYEAR
815346086600736769,"AMERICAN HERO-&gt; @RealSheriffJoe
60+ YEARS OF SERVICE
THANK YOU 
RT 2 SAY TY 2
#MAGA #Trump
@deplorable_left https://t.co/QFUoZxb3kv #Ad"
815344077575225344,"@christeneliz  the world has enjoyed big talk for 8 yrs, but the Big Dog just woke up in a very bad mood! #MAGA cowering pup Obama is out"
815344202288508928,"""Make America Hate Again"" amirite? #MAHA #MAGA"
815345184112332800,I'm gonna keep talking about it. Don't come to my crib I ain't depressed or suicidal. I'm talking and I'm ‚Ä¶ #MAGA https://t.co/5UTzQBzQDB
815344050148667392,"AMERICAN HERO-&gt; @RealSheriffJoe
60+ YEARS OF SERVICE
THANK YOU 
RT 2 SAY TY 2
#MAGA #Trump
@deplorable_left https://t.co/O18w507SHF #Ad"
815345713202733056,#NOFascist2017 #FearNothing #ccot #tcot #maga #magax3  #FearNothing #ccot #tcot #maga Many wounded' https://t.co/mSEGcBthZv via @nuzzel
815346063158767616,"AMERICAN HERO-&gt; @RealSheriffJoe
60+ YEARS OF SERVICE
THANK YOU 
RT 2 SAY TY 2
#MAGA #Trump
@deplorable_left https://t.co/Tbn42EMtv0 #Ad"
815345628540784644,#happynewyear TRUMP fans! #trumptrain We are going to have a great 4/8 years! #peotus #trumpwhitehouse #maga #trumptransition
815344258098065408,"As president, I will have black ops teams secure @Snowden and take him to the prison at Gitmo. This is how we #MAGA, one prisoner at a time."
815345744525692928,@DonaldJTrumpJr @realDonaldTrump Family values America #MAGA our children must be protected from bad bad values
815344836119298050,#BestMemoriesOf2016 are the sore losers of the Obama Administration #MAGA #HAPPYNEWYEAR https://t.co/ys0fWfCZhK
815344509890375680,The magic wand is leadership. #MAGA https://t.co/0qOzFPwiFR
815344805106647041,British Prime Minister Publicly Scolds John Kerry Over Israel Speech - #tcot #MAGA #Trump https://t.co/EZPnYPsfUL
815345536429654016,Oh. Yes. We. ARE! #MAGA #TrumpTrain https://t.co/euRAvfGJMH
815344752627515392,"#HappyNewYearEveryone
Hope you all are prepared to #MAGA"
815345461712289792,#NOFascist2017 #FearNothing #ccot #tcot #maga #magax3  #FearNothing #ccot #tcot #maga The Hill https://t.co/GGeR5PmKAQ @nuzzel  @IRivello
815344137109118976,@kateengle67 No worries it's all good!!! Healthy Kids Very important Happy New Year!! It's gonna be a great year!!! 2017 #MAGA
815344467070877696,"Wishing all of our friends and followers a safe, healthy, happy, and prosperous 2017. #HAPPYNEWYEAR #MAGA https://t.co/KGrOuJ1OZR"
815344568287789058,#AltNews WHT: Do They Know the Current Year? https://t.co/zQxAprebsA #AltRight #MAGA https://t.co/Iw9DyfRKjd
815345522923995136,#MAGA! https://t.co/fHf73GStfX HAPPENING: Terrorist Attack on Turkish Night Club
