716221053920534528,"@cabiria0203 ""No me conoces"", by #Rosendo, raitnau @DoveRojiblanca"
778546261276233728,Rosendo granny cascade pumps her pussy with a double dildo and Corine: #cascade #pumps #Rosendo #granny #with... https://t.co/yVTdSdZXtk
768689779672125440,Rosendo is banging both holes from behind with Della and Katy: #banging #Rosendo #from #behind #both #holes #... https://t.co/KePIFBGsQB
772363253972295680,Rosendo and Shelly sensational gets two white dicks at once with Emilio: #Shelly #sensational #Rosendo #white... https://t.co/kZ2Ko2Vu6e
708747954765438976,"Rosendo and Shelly  naughty school girl pussy slam: #Rosendo and Shelly
 #school #girl #naughty #pussy #slam https://t.co/3fUtO1U3E8"
731263849232367617,"Rosendo and Shelly  squirts all over the place loads: #Rosendo and Shelly
 #over #squirts #loads
 #place https://t.co/TDu6NuB883"
739968839308316672,"Rosendo and Shelly  got tied up then fucked by her master: #Rosendo and Shelly
 #tied #then #fucked #master https://t.co/lX0oiESw2P"
766488037077360640,Rosendo sucks a cock and is smashed so deep down and Lisa and Lucia: #sucks #Rosendo #smashed #cock #deep https://t.co/TLuqNHSO03
778532356990775297,Rosendo and Shelly nurse fucking her patient back to health on skype: #Shelly #nurse #Rosendo #patient #back ... https://t.co/bFrZgahmyU
706427865835839488,Historic concert of Spanish rock star #Rosendo 2 April ANU Bar  FREE TICKETS   at https://t.co/1PbQpcVtaz https://t.co/NbtXX9pXK8
733767255020830720,"Rosendo and Shelly busty brunette pulls out her perky boobs: #Rosendo and Shelly
 #pulls #busty #brunette #bo... https://t.co/8sGi0QJmgy"
753590671307530240,Rosendo seducing her horny neighbor ryan with Susan and Erma: #seducing #Rosendo #ryan #with #horny #neighbor #Susan https://t.co/qwWZPkY8im
741397257228976128,Rosendo horny likes riding a cock in the sunshine with Rashad and Reva: #likes #riding #Rosendo #horny #cock ... https://t.co/TDn6y7kTGG
755857679013122048,Rosendo busty brunette pulls out her perky boobs with Siri and Adrian: #brunette #pulls #Rosendo #busty #perk... https://t.co/TtqcCIsogH
748160327674527744,Rosendo and Shelly gets her sexy tits cummed over lots on instagram: #Shelly #Rosendo #sexy #tits #gets #over... https://t.co/f0DuRF4kIp
740803156230176768,Rosendo and Shelly swallows huge dick on snapchat: #Shelly #Rosendo #dick #swallows #huge #snapchat https://t.co/76oKMEvY2t
706421824863600640,Historic concert of Spanish rock star #Rosendo Perth March 29 UWA Octagon free tickets  https://t.co/ee9gUB1BnN https://t.co/H29mYv7NYC
746480850502508545,Rosendo and Shelly gets fucked in close up pussy shots with Antonia: #Shelly #Rosendo #close #gets #fucked #pussy https://t.co/lfWpd2JAm2
772604889536933888,Rosendo rides her wet pussy on a black dick and Asa Akira and Sheri: #rides #Rosendo #pussy #dick #black https://t.co/FehuxSxWO2
725788199826669568,#Rosendo for president.
711525341899071489,"Rosendo and Shelly personal trainer fucks in a boxing ring: #Rosendo and Shelly
 #fucks #personal #trainer #ri... https://t.co/26Dr5I0Xae"
708596858080210945,"Rosendo and Shelly  fucked by the lifeguard: #Rosendo and Shelly
 #fucked #lifeguard https://t.co/u8OxpZLr0c"
742752155275137025,"quick, somebody chop him in the throat! @RealChopperChi #Rosendo https://t.co/lx34jYYS5t"
776057808823300096,Rosendo cock hungry milf jarka spreads her pussy lips wide and Ike and Jana: #hungry #milf #Rosendo #cock #pu... https://t.co/bsKJOjd2th
721969582244630528,"Rosendo and Shelly  chained to a wall while riding the sybian: #Rosendo and Shelly
 #chained #riding #wall #wh... https://t.co/e3aOIHjRy8"
728296522182352896,"Rosendo and Shelly  got her gaping pussy drilled deep: #Rosendo and Shelly
 #gaping #deep
 #pussy #drilled https://t.co/R2H1RNFWUF"
755867043493060608,Rosendo and Shelly loving three way sex with oral on snapchat: #Shelly #Rosendo #loving #three #oral #with https://t.co/VmDsiUsfTE
754577825890340864,Rosendo vanessa takes a break from cooking to pleasure with Maritza and Bridgett: #takes #Rosendo #vanessa #c... https://t.co/DYADnsskId
696569431267352576,"#Rosendo #Benito
theunhealer 
#LeBloqCritters #PurasGatas… https://t.co/mu77PUNPfZ"
711561206125895680,"Rosendo and Shelly  sucking dick and fucking doggystyle: #Rosendo and Shelly
 #dick #sucking #fucking #doggystyle https://t.co/5MG9AR2o1V"
720527198042468352,"Rosendo and Shelly  sits on a penis and rides it so hard: #Rosendo and Shelly
 #sits #rides #penis #hard https://t.co/fP96nkWYgW"
725778943299706881,Grande #Rosendo...!!! https://t.co/JvWNsySKpz
717118765410820096,"Rosendo and Shelly babe capri anderson likes creaming up her sexy boobies: #Rosendo and Shelly
 #anderson #lik... https://t.co/wstVIbAJmb"
754545524305305600,Rosendo fills her pussy with hard man meat and Evelyn and Wendy: #fills #Rosendo #hard #pussy #with #meat https://t.co/gtga91lhEw
710152023316889601,"Rosendo and Shelly gorgeous olga gently squeezes her petite tits: #Rosendo and Shelly
 #gently #squeezes #gorg... https://t.co/FQz9Bf9pWV"
768475470031491072,Rosendo and Shelly naughty masseuse amy brooke fucks all her clients on whatsapp: #Shelly #naughty #Rosendo #... https://t.co/oyghjRtYU0
755878689405935617,Rosendo and Shelly enjoying some steamy lesbian sex with Mack: #Shelly #Rosendo #steamy #lesbian #enjoying #s... https://t.co/OhsBabUMOk
739021517594329088,"Rosendo and Shelly brunette babe gets ass tapped hard: #Rosendo and Shelly
 #gets #brunette #babe #tapped #hard https://t.co/5ilL2sOKCL"
741619943456657408,Rosendo asian porn star deep throats a hard rod with Michelle and Audrey: #porn #star #Rosendo #asian #hard #... https://t.co/R06df3XoFN
734596765626814466,#live #rock #boogaclub #setem #granada #maneradevivir #leño #Rosendo #rock'n'roll… https://t.co/pBWXLIS36U
759700955726131201,Rosendo cute in denim shorts spreads her hot legs and Gonzalo and Gilda: #denim #Rosendo #cute #shorts #sprea... https://t.co/5WWrabGxhM
707154474201010176,"Rosendo and Shelly  bends over and loves taking it doggystyle: #Rosendo and Shelly
 #over #bends #doggystyle
 ... https://t.co/aB8yXHbMjE"
774839241335386113,Rosendo and Shelly on all fours gets her wet pussy polished with Rolando: #Shelly #Rosendo #fours #gets https://t.co/IgkesiVlSd
731865114198990851,"Rosendo and Shelly  sucking cock and getting fucked at school: #Rosendo and Shelly
 #cock #sucking #school
 #... https://t.co/u3Z9s2XL1x"
751610887148933120,Rosendo pulls her legs back and drills hard and Shae Summers: #pulls #Rosendo #drills #legs #back #hard https://t.co/ZDhNuiftgu
769064816896081920,Rosendo gets nailed good on the outdoor table and Matilda and Deena: #gets #nailed #Rosendo #outdoor #good #table https://t.co/usiKNqFqfX
773648627348701184,Grande #Rosendo https://t.co/kjopTdnoRE
715083735897473024,"Rosendo and Shelly cute in fishnets fingering her tight snatch: #Rosendo and Shelly
 #fishnets #fingering #cut... https://t.co/l2Jbvvklga"
759620070280540161,Tammie busty brunette bangs a big juicy cock and Rosendo: #brunette #bangs #Tammie #busty #juicy #cock #Rosendo https://t.co/asmNeC8Hgo
714817475712573441,#Rosendo to Rosendo @UWA_Arts @uwanews #Octagon theatre sponsored by the #Spanish embassy. https://t.co/9pEJvoRCTy
755184200853000193,Rosendo and Shelly has a hot orgy with her sexy girlfriends on facebook: #Shelly #Rosendo #orgy #with https://t.co/7B2S6N8hlA
810969751698739200,#rosendo jodidamente fucker https://t.co/rjenwwnGDt
741397266712297472,Rosendo horny likes riding a cock in the sunshine with Rashad and Reva: #likes #riding #Rosendo #horny #cock ... https://t.co/XcEEHwZlVE
781698372197548032,With the comps #Rosendo @rosendorobles @ Old Market - Downtown Omaha https://t.co/KOoOPmKZMw
726915149097922560,"Rosendo and Shelly horny maid fucks her boss in the kitchen: #Rosendo and Shelly
 #fucks #horny #maid #kitche... https://t.co/w95h0JXc5c"
714585147832578048,"Rosendo and Shelly  has a threesome with another blonde: #Rosendo and Shelly
 #threesome #blonde
 #with #another https://t.co/t0Gt2Locl0"
742837179013988352,Rosendo sucking on cock while she gets twat licked and Aurora and Sweet: #sucking #Rosendo #gets #cock #while... https://t.co/rTOnP9mGnc
714385046992322560,"Rosendo and Shelly sexy lady sucks and fucks a schlong: #Rosendo and Shelly
 #sucks #sexy #lady #schlong
 #fucks https://t.co/uEHukG3yjQ"
742774791187243009,Rosendo and Shelly drops down her bikini and rides a dildo: #Shelly #Rosendo #bikini #drops #down #rides https://t.co/J3JBWeAOcY
715495486816301057,"Rosendo and Shelly  has a big black cock buried in her ass: #Rosendo and Shelly
 #buried #black #cock #ass https://t.co/4yCdTNZe8i"
711278367790604289,"Rosendo and Shelly  looking naughty having strap on sex: #Rosendo and Shelly
 #naughty #having #looking #sex
 #strap https://t.co/qNuSFLTFEn"
774013081705775105,Rosendo slips off cute panties with Bette and Miranda: #slips #Rosendo #with #Bette #cute #panties #Miranda https://t.co/Yrn8zuYdbg
729711915690135552,"Rosendo and Shelly  enjoying messy anal sex: #Rosendo and Shelly
 #messy #anal #enjoying #sex https://t.co/QJEPWQXAJk"
777572906746339328,Rosendo and Shelly horny fucking a big pink dildo on a chair on tinder: #Shelly #horny #Rosendo #pink #fuckin... https://t.co/CflAAvVFHE
761500189492252672,Winifred hot likes munching on some sexy pussy and Rosendo: #likes #munching #Winifred #sexy #pussy #some #Rosendo https://t.co/8863YLTzzm
747474631343235076,Rosendo and Shelly exposes her huge twins and round ass on kik: #Shelly #Rosendo #huge #twins #exposes #round https://t.co/uf80c96hin
811602126463963136,Long live Rock&amp;Roll https://t.co/ilZriALeli #eldrogas #rosendo #fito
774443951533101057,Rosendo and Shelly naked on her knees titty fucking a hard dick: #Shelly #Rosendo #knees #naked #fucking #titty https://t.co/UUWGH0Yj0F
729753676105928704,"Rosendo and Shelly hot blonde babe gets filmed sucking: #Rosendo and Shelly
 #babe #gets #blonde #filmed #sucking https://t.co/VECZLoJdA2"
712529430044872704,Legendary #Spanish rocker #Rosendo will be giving a free performance at @our_ANU &amp; working w @SoM_ANU students! https://t.co/wkddvc0Ump
726061266264051712,Grande #Rosendo !!! https://t.co/EVJ0fqAIEt
715175193178583040,"Rosendo and Shelly  takes dick up her gaping pussy: #Rosendo and Shelly
 #dick #takes #pussy
 #gaping https://t.co/SNKeobeZPq"
767750589627322369,Rosendo and Shelly has 1 scene at pornstar network on instagram: #Shelly #Rosendo #scene #network #pornstar https://t.co/PduGvljgkH
772426233539796992,Rosendo posing in sexy black lingerie and stockings and Lesley and Tina: #posing #Rosendo #lingerie #sexy #bl... https://t.co/HcX0s7lTbJ
771580414141931520,Rosendo turns his ultimate sexual dream into reality and Rowena and Martha: #turns #Rosendo #dream #into #ult... https://t.co/PjyeKD00rz
759550014792224768,Rosendo sexy leading a lesbian threesome with Gabriela and Angel: #leading #Rosendo #sexy #with #Gabriela #le... https://t.co/RPi7tmRJOs
767396651833122816,Rosendo and Shelly horny maid found toys to fuck her cock hungry cunt selfie: #Shelly #horny #Rosendo #toys #... https://t.co/OdmNdWrBBD
744054230969888769,Rosendo and Shelly blonde babe gets wet pussy ruined on instagram: #Shelly #blonde #Rosendo #pussy #babe #get... https://t.co/8NNTWuOkH1
716529388985012224,Thanks again @EmbajadaEspAust for bringing #Rosendo to Australia Spectacular show last night #ambientazo #agradecido https://t.co/1xawpKDFCB
704426855617556480,Prometo estarte agradecido!!!#Rosendo If you are in @visitcanberra don't miss this oportunity!! Spanish Rock Legend! https://t.co/50ycJk6NsU
726551347823144960,Grande https://t.co/Sikg5F3ncx #Rosendo
757605143768469504,Rosendo and Shelly stood up naked rubbing her big boobs with Vincent: #Shelly #Rosendo #naked #rubbing #stood https://t.co/G1QtrfeVhO
733122678886817792,"Rosendo and Shelly kinky fucked by five cocks at the same time: #Rosendo and Shelly
 #five #kinky #fucked #sa... https://t.co/WlCQy4CYn0"
714040882098384896,"Rosendo and Shelly sexy gets fucked hard and deep by her doctor: #Rosendo and Shelly
 #fucked #hard #sexy #get... https://t.co/zwtu4pfT5m"
776309432611278848,Rosendo and Shelly loving taking cum over her boobs: #Shelly #Rosendo #over #loving #taking #boobs https://t.co/Bd7fOCZSAS
754611816169283584,Rosendo and Shelly young milf amber fucks her cunt while spreading outside: #Shelly #young #Rosendo #fucks #m... https://t.co/TTp4bKSy08
750712627014144000,Rosendo gets down and loves sucking big slong and Cristina and Glenna: #gets #down #Rosendo #sucking #loves #slong https://t.co/0fkTo0KLDa
740463463730925571,Rosendo live lesbo action with catalina cruz and Tricia and Staci: #live #lesbo #Rosendo #catalina #cruz #act... https://t.co/kXeDoLXqAy
726498939009159168,"#Rosendo 
Grande! https://t.co/v1wIEB1h2R"
743023777013850112,Rosendo and Shelly strips naked in front of a fireplace on skype: #Shelly #Rosendo #front #strips #naked https://t.co/3TtwIGjkT3
742821132068229120,Rosendo and Shelly gives head and gets anally pounded on periscope: #Shelly #Rosendo #gets #gives #head #poun... https://t.co/VPX3OQxkMx
756207544486342656,Rosendo gets fucked and facialed in the office and Serena and Deauxma: #gets #fucked #Rosendo #facialed #office https://t.co/lTum7PKo2x
747178879572336640,Rosendo and Shelly hot is with a pal loving a kinky threesome with Carmelo: #Shelly #Rosendo #with #loving https://t.co/Qm22RMatiP
712066748908830724,"Rosendo and Shelly  dancing with her big tits out: #Rosendo and Shelly
 #with #dancing #out
 #tits https://t.co/bop6k4jgIR"
725787555380252673,#Rosendo for President!!!
742079169467555840,Rosendo and Shelly babe in the office enjoying fingering herself hard on kik: #Shelly #babe #Rosendo #office ... https://t.co/R1bqgYpEUZ
739704324570251264,"Rosendo and Shelly  on all fours fucking doggie style: #Rosendo and Shelly
 #fours #style
 #fucking #doggie https://t.co/r4sSp5GKmP"
743546004872433664,Rosendo riding a huge dick with Kaye and Maura: #riding #Rosendo #with #Kaye #huge #dick #Maura https://t.co/0vDANRzWY4
756606031141097472,Rosendo takes a bunch of black cocks and Eliza: #takes #Rosendo #black #cocks #bunch #Eliza https://t.co/yNGdtsDrSP
754835935418724352,Rosendo sexy rides her fist deep in her pink pussy and Melody and Melody: #rides #Rosendo #sexy #fist #deep #... https://t.co/GTHzdl4dF9
749281709691056128,Rosendo and Shelly takes cumshot on her gaping pussy and Kareem: #Shelly #Rosendo #takes #cumshot #pussy #gaping https://t.co/tQmEPwR4un
750177109281153024,Rosendo and Shelly blonde gets her pussy out by the pool: #Shelly #blonde #Rosendo #pussy #gets https://t.co/wNI9FFKRV3
749220547125399552,Rosendo shakes her ass in a tight blue thong with Vanessa and Leticia: #shakes #Rosendo #tight #thong #blue https://t.co/ALZjfOLA15
