845701790821748736,I liked a @YouTube video from @styx666official https://t.co/c3tBhyCoR7 Trump May Purge Paul Ryan as Speaker of the House
845701791001952256,@FilthyDonald @SamanthaSJones4 The Clinton Foundation saved lives. Trump used some of his foundation money to buy a portrait &amp; pay debts.
845701791287300096,"The man who spends $3 million of OUR money every weekend to play golf is mad at his daughter/crush for going skiing.
https://t.co/MCjnRyq1Zg"
845701791362809856,This is one of the best documentaries available: Donald Trump: A True Narcissistic Sociopath (Full) https://t.co/JreEjGMqwa via @YouTube
845701791991975936,"@samsteinhp how hard Trump works for 2 whole weeks to get it done and failed, and somehow that's a good thing. Fell flat even in that room"
845701793115987970,@davidmackau Trump's Plan B is literally to make more Americans suffer and die so he can make the black guy look bad.
845701792352681984,"Yes, good, but can ya burn a Russian flag, maybe? That American one looks like it's next in line. https://t.co/SJt0xnQhDM"
845701793233457155,@NichtMich2 @FoxNews @VP hence why we need Trump to drain the swamp and that's the lack of ur vision
845701794374324225,@McScrewYou @scrowder lol. kingemperor trump and his obedient bottlickers.
845701804675485698,"""Talking media bias"" on a platoform that is about 95% conservativeâ€”AM talk radio. What a joke. #Irony #copoliticsâ€¦ https://t.co/WNWNUJJF4q"
845701808530042881,@Tombx7M @pewdrdad Yes they do &amp; when it crashes &amp; burns ðŸ”¥ðŸ˜˜ðŸ”¥it is on 'their' shoulders only. #MAGA #POTUS45
845701821255573504,"#America1st #BuildTheWall #No$4Illegals #2A #MAGA
@POTUS @realDonaldTrump @VP @mike_pence @SpeakerRyan @SenateMajLdr
https://t.co/ki4M6EYmff"
845701821431758848,"#America1st #BuildTheWall #No$4Illegals #2A #MAGA
@POTUS @realDonaldTrump @VP @mike_pence @SpeakerRyan @SenateMajLdr
https://t.co/CofNu34s1b"
845701821398167552,"#America1st #BuildTheWall #No$4Illegals #2A #MAGA
@POTUS @realDonaldTrump @VP @mike_pence @SpeakerRyan @SenateMajLdr
https://t.co/FVy238wQuh"
845701821356298244,"#America1st #BuildTheWall #No$4Illegals #2A #MAGA
@POTUS @realDonaldTrump @VP @mike_pence @SpeakerRyan @SenateMajLdr
https://t.co/C6OLHN6dHM"
845701821444296704,"#America1st #BuildTheWall #No$4Illegals #2A #MAGA
@POTUS @realDonaldTrump @VP @mike_pence @SpeakerRyan @SenateMajLdr
https://t.co/bLqgT4kBBu"
845701821398159363,"#America1st #BuildTheWall #No$4Illegals #2A #MAGA
@POTUS @realDonaldTrump @VP @mike_pence @SpeakerRyan @SenateMajLdr
https://t.co/tEBGnvRFoG"
845701821465329666,"#America1st #BuildTheWall #No$4Illegals #2A #MAGA
@POTUS @realDonaldTrump @VP @mike_pence @SpeakerRyan @SenateMajLdr
https://t.co/NMBZ4Lqb0u"
