637979000237916160,"Musique&gt; Album: Classic years of faron young, vol. 2 , nouvel album de Faron Young Album sorti le 30 ao√ª &gt;&gt; http://t.co/kbNdRRXQ8D #Artiste"
593178872725790722,@kevinpowers70 @wwebalor I say @JAMALIGLE vs @WWEDramaKing. #Artist vs #Artiste!
593813371297898496,Sweet Home... #house #paggarglesard #africain #artiste #frenchman #home #France #lillois‚Ä¶ https://t.co/Q7pFGN2Aap
638219619656929280,"RT dailyabuse RT ThappadApp #Ragheshwara #seer again accused of #rape; this time by an #Artiste.
#Religion #Godman‚Ä¶ http://t.co/QYWfrZDvcY"
593123360294469632,Selfie w/ mpofficial ! üòò #idole #Artiste #partage #Aventure #love https://t.co/mdGtCdH3I7
593344929197199361,Summer Rave Riddim | January 2015 http://t.co/FXEOvZokCN       #dancehall #newmusic #instrumental #artiste #beat #NY #Reggae #jamaica #party
637669861095809024,Vicky Lentz dans son studio #Entr'ARTS #RAFA #Banff #artiste https://t.co/DyJROket5B
593783683196317696,New Reggae  Recording #Artiste @Biggaton #Updates #2015 #Release @Sky1876ent http://t.co/akxakC8Jya
814654084645003264,Little brother... #Art #Artiste : https://t.co/vmirIhdwNe https://t.co/3qPvy30PBP
638082771022278656,"#Libra is his own greatest, living masterpiece. #artiste #libralove"
637666014692540416,#Aidez #Arts &amp; Production sur @indiegogo http://t.co/5nhrJw7Wsg #financement #funding #projet #project #reve #dream #art #artiste #artist
593361996596273153,#celebrity #makeup #artiste #PanchamHariharan will be teaching the secrets behind #gorgeous makeup‚Ä¶ https://t.co/zVhYrUGKzq
593857381811015680,"Projet portrait actuel :-) :-) #follow #followme #draw #artiste #like #love
page facebook :https://t.co/D3UKp8ytuM http://t.co/Li0OVWkTWV"
593753846326927360,#d√©couvrez Patrick Telot #new #artiste @kazoart #artenligne #achetezdelart #artabordable #contemporaryart Jump  http://t.co/HARXJ9niKO
638033079131590656,Bless up @itsjahmiel on ur strong bro! More life blessings! #jamaican #artiste #dancehall #reggae‚Ä¶ https://t.co/g3sE511DA5
815150751685234688,#31D√©cembre 1877 : mort du #peintre Gustave #Courbet ‚ñ∫ https://t.co/YxnV5XCyUO #Peinture #Art #Artiste #Biographie‚Ä¶ https://t.co/yifPYwGnNl
637642495132876800,LISTEN TO : BIG DREAMS POPPIN BY @8801DEEBOYFRESH -  via http://t.co/Hn0AhmKx9F #hiphop #Rap #Itunes #artiste #music #song #artist #musician
593329556771229696,"Morning les gars, ici on bosse.. #gym #music #gentleman #artiste #Qu√©bec #lillois #swagg‚Ä¶ https://t.co/bSgkw89O6m"
593436437850234880,#abstrait #artiste #art#star #gradur #kaaris #printempsdebourges #bourges #musique #rap #peinture‚Ä¶ https://t.co/pEIHJD7SN2
815098377335668736,Virah#art#artwork#artofday #artüé®#artbasel #artiste #artevisual #artevents #painting #paintings‚Ä¶ https://t.co/muO5mp6RYW
638376501801422848,"- Portrait / Dablaq.wonder 

#artiste #hat #fourEyes #accessories http://t.co/3QdL6U9a6b"
660566089097605120,"REPOST FROM @they_call_me_kc: ""#NewTrack #NewMusic #Music  #Track #IDontNeedYou #MyStory #Me #Artiste‚Ä¶ https://t.co/sYmxkQu5Ju"
814975504168194050,tableaux en vrac / just paintings and drawings... #Art #Artiste : https://t.co/aqPWuutJIO https://t.co/yiEOT8rjX8
593849390999175168,#Repost @luchalelo #CestTrop By @HighPMusic iblackymovic üëä‚úåÔ∏èüé§üé∂‚ò∫Ô∏è #CAPITOL #Universal #artiste https://t.co/vlFzeglMhn
815242782566715392,mc-olives... #Art #Artiste : https://t.co/oiKBQmuUYU https://t.co/4PqLlveyz5
593674093771280385,Shooting for la gazette magazine.. #swagg #music #magazine #artiste #Deewamstudio #lillois #mymusic‚Ä¶ https://t.co/WLJd8KmTzR
638368993821216768,#perroquet#abstrait #art #artiste #lucette #colors https://t.co/hsGwWg5o0X
814729342316118016,Les Expositions... #Art #Artiste #Exposition #Expo : https://t.co/tsOtcBZVyY https://t.co/eL3aauRgJt
637940632087076864,Proud to worked for @niellyfrancoise and to see her work in New York city this month #work #artiste‚Ä¶ https://t.co/5CPH2eM76r
815186939489951744,Croquis... #Art #Artiste : https://t.co/AC7nOcgzUJ https://t.co/PuyTt82Hnz
593584047655428096,So me lol #Nothanks #Veyron #natachaolivo #bloodedunicorn #Artiste #Activist #SavePitbulls https://t.co/6bpcQKXgqv
637682239745204224,LISTEN TO : BIG DREAMS POPPIN BY @8801DEEBOYFRESH -  via http://t.co/Hn0AhmKx9F #hiphop #Rap #Itunes #artiste #music #song #rapper
593891408529989633,#Conf√©rence Article 3‚Üíhttps://t.co/uqhvsqnLRp #politique #√©lections #vid√©o #journal #artiste #r√©f√©rendum #vote #d√©mocratie #France #th√©√¢tre
638208346449797120,"#Ragheshwara #seer again accused of #rape; this time by an #Artiste.
#Religion #Godman #Abuse #Women #BlindFaith http://t.co/IEEsL435MF"
815016261906296832,kery James... #Art #Artiste : https://t.co/SyQfE9NqH4 https://t.co/KRCgZEdFwq
638480304861282304,Dessin by @chloe_hogwarts #artiste http://t.co/N9S8nmL01t
637952533433032704,"„Ää va-t'en pas.. „Äã
#art #artiste #arte #personnage #emotional #emotions #lindavachon 
page facebook‚Ä¶ https://t.co/FAmvE4hesu"
660379149165535232,Threadbears #handmade #designer #artiste #bear #Byron #16inch #Christmas #gift @Xmas... https://t.co/OxB8W0ulUi
638206295745654784,The vibes were beautiful tonight. #clairerenee #soulmusic #vibes #goodenergy #artiste #NYC #namaste https://t.co/fNAu312qSf
593025542816804865,Summer Rave Riddim | January 2015: http://t.co/FXEOvZokCN     #dancehall #newmusic #instrumental #artiste #beat #NY #Reggae #jamaica #party
660520959774879744,Just taking things easy #AngeleSmith #incanada ÛæÄø #ontour #love #music #songwriter #model #actor #artiste... https://t.co/L5iIWM5rCm
593096713088335873,"Dancehall/Reggae Instrumental https://t.co/uWEV1S9EWJ #dancehall #reggae #newmusic #instrumental 
#beat #lease #DJ #Radio #artiste"
815256121757827072,"Reading, thinking. #picasso #johnberger #quiet #moreplease #art #artist #artista #artiste‚Ä¶ https://t.co/x7fVO2febG"
660579670149087232,He even whips with #style!.  He is #artiste https://t.co/UZEY2ymkEE
637555340540805120,"Are U an #Artiste ?
Here's a blog that deal with #RapBattles #Artist
Visit Here toüëâ http://t.co/LN18LWQ2qy Receive info to improve Yourself"
637580160250851328,"#art #artiste #phototexture #photographie #photo #po√©sie #lindavachon 
page facebook linda‚Ä¶ https://t.co/WUShTp7Vu1"
814699239636946944,"Collection ""Emotions de Femme"" pour Princesse.... #Art #Artiste : https://t.co/qo6M4z4HfX https://t.co/nh4BsLesRw"
815156691717197828,"""Woman 04-16""... #Art #Artiste : https://t.co/dUsY9Zv3XA https://t.co/gNZE9ru6db"
638213164841070592,"Drama is life with the dull bits left out.
#drama #movie #makebelief #film #artiste #entertainment http://t.co/fIe90GypEX"
593885056499875841,New Reggae  Recording #Artiste @Biggaton #Updates #2015 #Release @Sky1876ent http://t.co/akxakC8Jya
815267845437353985,annefoudral... #Art #Artiste : https://t.co/5ilflNhQ6t https://t.co/x66alu0dQS
660379145432670208,Threadbears #handmade #designer #artiste #bear #Byron #16inch #Christmas #gift xmas‚Ä¶ https://t.co/aNrPQzJFuT
815275724944896000,"Last record I made in 2016, I made this today... What a blessing üôèüèø #artiste #naija #african‚Ä¶ https://t.co/TgXgdKBDaU"
638044909203816448,THE PAINTER OF SONG STORY: http://t.co/59eiu5jbZg #Art #Artist #Artiste #Inspirational #Amazing #PHX #News
815307584466984962,"""Black Beauty""... #Art #Artiste : https://t.co/UYNpd85QZ6 https://t.co/F5fOH7UGEi"
593451064503959552,@shanequabigbum kool link up on watsapp 07833655650 #BlackdiamondzMusicGrp #Marketing #Distribution #Artiste #Worldwide
638407334327398400,THE PAINTER OF SONG STORY: http://t.co/59eiu5jbZg #Art #Artist #Artiste #Inspirational #Amazing #PHX #News
815282601216778241,one last one bfore we cross over to the next level #producer #drummer #drumpad #rapper #artiste‚Ä¶ https://t.co/th1puOwooS
593446693024182272,I'm back......#music #studio #newmusic2015 #artiste #frenchmusic #gibson #RnB #rwanda #brasil‚Ä¶ https://t.co/upaMnSAm5M
593605817707945984,Who's ready for a 'Taste of Summer'!?! #CTMH #cricut #artiste #scrapbooking #stamping #papercrafting #nsd... http://t.co/R882CY1YmN
637682532650196992,THE PAINTER OF SONG STORY: http://t.co/59eiu5jbZg #Art #Artist #Artiste #Inspirational #Amazing #PHX #News
815096190501089280,"Isafara, Very and Very and Very Nimportekoi... #Art #Artiste : https://t.co/XxdUduuKKd https://t.co/1QLLDaCCOz"
637565835184328704,"#art #artiste #photo #photographie #phototexture #photowall #po√©sie #lindavachon 
page facebook linda‚Ä¶ https://t.co/agyYuMBoXY"
593051170035396608,Photo: Remember the name. #artiste #rapper #Producer #art #typography #dailytype http://t.co/NPjn49hYbm
593451549269073920,@SUPACALA1 kool up.  WatsappMarketing #blackdiamondzMusicGrp #Artiste #Prod #DJs #Worldwide +447833655650
814618558684692480,"Artiste &gt; Major Lazer, Ariana Grande, Bruno Mars. La playlist S =&gt; https://t.co/ZEfkiG4JEz #artiste https://t.co/GRVW9mBNF1"
638321021154684928,"„Ää le casse-cou „Äã
#art #artiste #artist #artcontemporain  #contemporaryart #personnage #illustration‚Ä¶ https://t.co/4koWWaNGrj"
814804020250443776,"‚ùÑÔ∏è Snow time 

#Fiiireal #varskok #artiste #singer #musician #musicaddict #all #youngnigga #to‚Ä¶ https://t.co/1gnfsFCSkg"
637696477586960384,#portrait #nu#abstrait #artiste #art #lucette https://t.co/P2HHYezzkl
593199695578722304,Credit by http://t.co/Q1mLKFQ9S4 @01mademoisellek #graphiste #graphic #musique #fuck #love #art #artiste #photosh‚Ä¶ http://t.co/tizXJWcFSD
660441303096913921,Soundcheck soon !! üá≤üá¶üé§‚ù§Ô∏è #artiste #musicartist #microphone #singer #music #festival #happy‚Ä¶ https://t.co/H5ux1sX3lY
637656771440545792,#latetealulu#portrait #abstrait #art #artiste https://t.co/5A5o9YovBC
815311461304123392,@JLo if u doubt abt ths jst think that its perfectly logical 2 remember LatAm's mst prolific #Artiste y PUNTO! #JuanGa wud B #AuldLangSyne
593534721444851712,"#CALL to #ARTISTE #MUSICIANS #ENTERTAINERS,#MUSIC #PROMOTERS&amp; #MARKETERS-#StepUp InThe #Game! #Get #CAREER #Success #Magnate #Guru #Mogul101"
814785699035627520,Graff by Wise ! #wise #wiseoner #graff #graffeur #artiste #graffiti #tag #peinture #peintre‚Ä¶ https://t.co/XGVAvlV6G8
814702638763806720,"""One"" Acrylique #artiste #art #arts #artist #artistepeintre #artists #artista #artistic #artista #paint #painter‚Ä¶ https://t.co/6ZQH92zyOW"
593719452534988800,@ondamapmedia respect  #WatsappMarketing #BlackdiamondzMusicGrp #Artiste #Producers #DJs #Worldwide #Dancehallmusic +447833655650
638384678542700549,#Aidez Arts &amp; Production sur @indiegogo http://t.co/5nhrJw7Wsg #financement #funding #reve #dream #artiste #artist #ambition #canada #art
660336981935828992,Artiste&gt; Wiz Khalifa - Nouveau Son De Berner &amp; Cam'ron - Why Wait (Feat. Wiz Khalifa &amp; 2 Chainz) Extrait -&gt; https://t.co/lpdIeioqX1 #artiste
637958740491288579,LISTEN TO : BIG DREAMS POPPIN BY @8801DEEBOYFRESH -  via http://t.co/Hn0AhmKx9F #hiphop #Rap #Itunes #artiste #music #song #rapper
815286000415080448,"We published a new post: ""Tiny 2016""- #StudioXIII - https://t.co/vFsjuVtho1 - #2017 #Artiste https://t.co/bDNmri6wcU"
638400484454199296,"#CALL to #ARTISTE #MUSICIANS #ENTERTAINERS,#MUSIC #PROMOTERS&amp; #MARKETING-#StepUp InThe #Game! #Get #CAREER #Success #Magnate #Guru #Mogul101"
815010925023547393,Les Expositions... #Art #Artiste #Exposition #Expo : https://t.co/tsOtcBZVyY https://t.co/vowyXVz4Bm
814659599081099264,I intend to. Watch out 2017...#clairerenee #singer #songwriter #artiste #amplify #LA https://t.co/CXBDH1FNwD
593117311105642498,@TalOfficial sur France 5 juste sublime #StreetsOfPhiladelphia #artiste #love
814980070351769600,Ready 4 #Reveillon: Wham! - Club Tropicana (HQ STUDIO/1983) https://t.co/DUxefO0ucA #artiste #dance #funk #Legend #RIP
815111302565756928,"Terrible!!!! 
#Posca
#Artiste https://t.co/ANkGqkFNPv"
660501141151682561,"#Artiste: pink
#Song: Give me a reason 

I don't know why I'm posting‚Ä¶ https://t.co/mzsed5feCB"
814980070364344320,Ready 4 #Reveillon: Wham! - Club Tropicana (HQ STUDIO/1983) https://t.co/5tVWzilAtx #artiste #dance #funk #Legend #RIP
638214526350028800,"RT ThappadApp #Ragheshwara #seer again accused of #rape; this time by an #Artiste.
#Religion #Godman #Abuse #Women‚Ä¶ http://t.co/QYWfrZDvcY"
660505926139576320,#Baba Jung #residence #artiste #Hellemmes #MyMoneyHelp https://t.co/3nzjLKoCxa via @MyMoneyHelp
815288755602997248,#31D√©cembre 1877 : mort du #peintre Gustave #Courbet ‚ñ∫ https://t.co/clk3UEX1sR #Peinture #Art #Artiste... by #dfweb75 via @c0nvey
638046233307705344,Sketches by #skaiidevega feeling #happy all around and thanking life for its blessings;) #art #artist #artiste... http://t.co/QekB1TXMVD
660578882190491648,"NEW MUSIC!! 
Crescendo 'I Pray' 
#NowPlaying 
#Client
 #Talent
 #reggae 
#dancehall 
#artiste‚Ä¶ https://t.co/6TeuKsIctL"
814703759397912577,MON PROJET CRAZY BY NATH - Partie 1... #Art #Artiste : https://t.co/URByKO485h https://t.co/A6Qx5HSR3b
593713283594608641,http://t.co/QgDJRG8ddN #Conf√©rence Article 3‚Üíhttps://t.co/ywMT4URc4f #politique #√©lections #vid√©o #journal #artiste #r√©f√©rendum #vote #d√©‚Ä¶
593096509354213377,Summer Rave Riddim | January 2015: http://t.co/FXEOvZokCN      #dancehall #newmusic #instrumental #artiste #beat #NY #Reggae #jamaica #party
593097325075038209,Drunk Tonight Riddim http://t.co/HiQouL0IXq ‚Ä¶ #dancehall #reggae #instrumental #music #newmusic #instrumental #artiste #DJ #riddim #London
814617968244129792,#SoundcityMVP2016 #african #artiste of the year @wizkidayo #Daddyyo #entertainment #events #gistalways
593097080228315136,2015 Dancehall Instrumental | Chillax Riddim https://t.co/fJlfcqDuQ8 #dancehall #newmusic #artiste #jamaica #riddim #myflashstore #beats
682493575662284800,"#R2TVBreakfastShow with Afro Hip Hop Artist, Gerald Milton https://t.co/anSuJthDar  #Hiphop #Rap #Afrobeat  #Rapper #Artiste #Musician"
682211363398266880,#westartedfromthebuttom now we're here #shoutout to my#diehardfans whom made 2015#spectacular 4 me as an #artiste &amp; a #Brand #Bigthankyou 1‚ô•
682675167965917185,Kalash Ft. Scory Kovitch - My Son https://t.co/p7w2ZcZ8ZM #ARTISTE DE L ANNEE 2015 #REGGAE #DANCEHALL #MARTINIQUE #2015 H-1H30
659898935742496768,"New Art. 
#hundredacreworks #art #artoftheday #artist #artiste #la #losangeles #dtla‚Ä¶ https://t.co/xubWqZCQLz"
682064596140711937,"Need some brushes to complete your vanity, make sure these are the ones. #Artiste #ManicareSG https://t.co/nLdE8FzUu8"
571481249031725056,"#CALL to #ARTISTE #MUSICIANS #ENTERTAINERS,#MUSIC #PROMOTERS&amp; #MARKETERS-#StepUp InThe #Game! #Get #CAREER #Success #Magnate #Guru #Mogul101"
770700020991594496,#1 on The @WWEgames ia one half  of The #Vaudevillans The #Artiste @WWEDramaKing https://t.co/HNdmjyA348
682543045221416962,"Deep Obsession Riddim by [Jahlink Flyweh Records] https://t.co/AsPLZKx0Ta @RoyaL_Jahlink #capetown #artiste @djwardie @raggakaas"""
660507224893079552,"#CALL to #ARTISTE #MUSICIANS #ENTERTAINERS,#MUSIC #PROMOTERS&amp; #MARKETING-#StepUp InThe #Game! #Get #CAREER #Success #Magnate #Guru #Mogul101"
682567675025854464,The 9 #Artiste makeup brushes you should own... FOR FREE! #ManicareSG https://t.co/E44lB42PZI
682622167096246272,"Check out my new #artiste @soupscudda #mixtape #getemscudda üî•üî•üî•üî•üëäüëä
#lilaendorsed

#Repost‚Ä¶ https://t.co/kXNaTYAMrS"
570653613065945088,#MMA #pioneer @mayhemmiller is the original phenom of combat sports #artiste From one corner of the globe 2 the other http://t.co/tFxEwMHAeK
570957858583523328,Photo: #Nofilter #photoshoot with upcoming #Jamaican #dancehall #artiste #Konfydence #naturallighting http://t.co/LiTC6Dl50i
682493310263508992,GERALD MILTON - RAP SINCE | OFFICIAL VIDEO https://t.co/kOddxX82Sj #Hiphop #Rap  #Afrobeat #SlamEntertainment #Rapper #Artiste #Musician
571439209656897537,2015 Dancehall Instrumental | Summer Rave Riddim | January 2015: http://t.co/FXEOvZokCN  #dancehall #newmusic #instrumental #artiste #beats
660253898897256448,"#BrandNew ""Summer is Here"" by #dancehall #artiste @Villo_OO https://t.co/mGKj1YAmtr ‚Ä¶ @ReggaeRelease @torontoreggae @ProphecyEnt #SummerSlam"
682209968947245056,"A peek into the mind of a #female stand-up #artiste ‚Äî what makes Neeti Palta funny? Via @herstoryYS 
https://t.co/9LCZFoThWd"
570650921753059328,Photo: New works on the way from Yann Leroux‚Äôs Montr√©al studio #art #artiste #peinture ici: Catherine 2 http://t.co/zbfWhG26XF
659974067852877824,"New Art. 
#hundredacreworks #art #artoftheday #artist #artiste #la #losangeles #dtla‚Ä¶ https://t.co/I8ILfdu1RJ"
571719971895701504,"ComingSoon#HotTopic #Mixtape #Dancehallmusic#Exclusively #Female #Artiste@asasique @Sashaemusic @thee_neika http://t.co/2GZfbEcMG1"
659910384699183104,A few #items to get my 2 days started. #sunstone #artiste #biennacidovineyards #Koehler #foxen‚Ä¶ https://t.co/NiMyQvlsxf
570876064509132800,"#SocialMediaWeek: #SMWMusicDay: #Artiste, #CorporateWorld &amp; #TheTouringCulture featuring #EfeOmoregbe‚Ä¶ https://t.co/5aT6oNf08D"
770661400050098176,#NewMusic by my #Artiste #Soon #FiveStarsDawgs #iYanu #StayTuned...... #Youjustgonnalovethis cc‚Ä¶ https://t.co/6AfL8xfI0O
571338943465172992,Photo: #art #artist #artiste #abstract #abstraction #autoportrait #illustrator #illustration #oil... http://t.co/zRk3lZJVVk
682632347011969025,Repost from @lilalockdcity using repostregramapp - Check out my new #artiste @soupscudda #mixtape‚Ä¶ https://t.co/WkTBqnyOx7
660075937032216577,"Tout est dit .. 
#dream #magie #life #artiste https://t.co/9fAqPSCYlE"
659895775619645441,Premiere #ARTISTE on #SOMANYTEARS2K16.... #SINGER D.... https://t.co/HSjPP2MniM
571406052014592000,"""PARTY FREN"" ~ @Runkiehytz |Grafixx Riddim
https://t.co/YnZ891UiHS
#Reggae #Dancehall #Artiste #876"
682403431273869317,"Top 10 best Photoshop Tutorial Site - Photoshop a... https://t.co/T4rctvDkqo
 #Artiste #NewDesign #Photograhy #Photoshop #Simmyideas"
682549359892938752,This dog can paint his own name! Fun Video https://t.co/IYFf3h8cCl #smartdog #artiste
571822037435604993,#starvision #moshouseproduction Me bad chargie dem #realfriend #artiste Everything MH @iamdenogee https://t.co/wUvqP4tSx3
770816150775226372,Visit and like my fan-page facebook üòâüëç https://t.co/GZb5D4pnpW #artiste #hyperrealisme‚Ä¶ https://t.co/1FkIPXqeZ9
771091132310654976,"#CALL to #ARTISTE #MUSICIANS #ENTERTAINERS,#MUSIC #PROMOTERS&amp; #MARKETING-#StepUp InThe #Game! get #CAREER #Success #Magnate #Guru #Mogul101"
771057515991736320,"Recently confirmed #ARTISTE #DESIRE AND #BEEZSTINGA PRODUCTIVE ARTISTES FROM BUFF BAY,‚Ä¶ https://t.co/mpovro5sdD"
570655032934309889,Frm them days till now @raineseville 09 #raine #artiste slippery wen wet days. https://t.co/xA0iEp5AVq
571743096855113728,2015 Dancehall Instrumental Beach Vibes Riddim | http://t.co/s1UhNycAsv ‚Ä¶ #dancehall #instrumental #dj #artiste #beat #music
660043245624365057,#CivilSociety doesn't expect a government to ban any #artiste says #Maharashtra CM @Dev_Fadnavis on #GhulamAli @NewIndianXpress
659948424884854788,"RT Agent_Echilon New Art. 
#hundredacreworks #art #artoftheday #artist #artiste #la #losangeles #dtla‚Ä¶ https://t.co/VeQSh7UA2R"
659930976362057728,Visit: https://t.co/3Eb7mOKPAd #style #stylist #fashion #retrato #artgallery #atelier #artiste #art‚Ä¶ https://t.co/HhGUrPRzNz
770804748857536512,New Sketch 30/08/2016 https://t.co/s5O9mEw9aR #decoration #artgallery #decor #homedecor #artiste #arts #galerieart https://t.co/xfZqG45Jlt
571339173761814528,Photo: #art #artist #artiste #abstract #abstraction #autoportrait #illustrator #illustration #oil... http://t.co/IAulaXBydu
682412634826747904,"Song: #Jiggle it
#Artiste: rayza_saga 

#carnival is #coming. #trinidadtobago‚Ä¶ https://t.co/z7SoyB8u6e"
770968425577545728,"Stay tuned #Africa #music #film #fashion #catwalk #runway #set #actors #actress #models #artiste 
#myseenafrica https://t.co/wqupCRzqX0"
771070235784912896,#RIPMarcRiboud #MarcRiboud #photo #photography #folloback #follo4follo #folllowme #Noir&amp;Blanc #artiste https://t.co/2AOFRB0t04
660051944044670977,"Some  ghmusic #artiste ve fallen short/lost focus thru ill health ,alcoholabuse ,drugabuse what have we done abt it #positiverewards #guba"
571568784466698240,"""Eyesplosion"" #art #arte #arts #artfood #artiste #colors #canvas #acrylic #paint #paintmarker‚Ä¶ https://t.co/QNAcDqQ07c"
682493485572833280,GERALD MILTON - DEAR MAMA | LYRIC VIDEO https://t.co/X6MX98RYFa #Hiphop #AfroBeats #Afrobeat #SlamEntertainment #Rapper #Artiste #Musician
660289754529996800,Visit: https://t.co/3Eb7mOKPAd #style #stylist #fashion #retrato #artgallery #atelier #artiste #art‚Ä¶ https://t.co/1KuUkIDjF8
571651003734474752,#Repost iambenjaminlim with repostapp.‚Å∞„Éª„Éª„Éª‚Å∞With all the awesome ppl in the house :) #cny #artiste‚Ä¶ https://t.co/TUrDee9mKE
771094707086557184,"New Art.
#hundredacreworks #art #artoftheday #artist #artiste #la #losangeles #dtla‚Ä¶ https://t.co/UITNuJjOzG"
682531610227552256,HAPPY NEW YEAR 2016 üî•üî•üî•üî•üî•üî•üî•üòé#Sthyvel #Odilon #Sambissa #Murder #Artiste #Auteur #Interpr√®te‚Ä¶ https://t.co/OGto2n2aQY
682248376059060224,"Last  day  de l'exposition #johnnyclegg by #grems 
#fort  #artiste‚Ä¶ https://t.co/3XMO1Rws7M"
682506151410462720,Talent is fundamental &amp; matters in the music business so is building a systematized &amp; holistic approach/discipline to the #artiste's career
682238107677138944,"#CALL to #ARTISTE #MUSICIANS #ENTERTAINERS,#MUSIC #PROMOTERS&amp; #MARKETING-#StepUp InThe #Game! #Get #CAREER #Success #Magnate #Guru #Mogul101"
571391625349472257,"#Dubplates #Services#blackdiamondzMusicGrp#Marketing #Artiste@asasique inquiries @jahkooks1 #dancehallmusic http://t.co/8A1bZTAoO5"
770679835685335040,"""Forever trusting who we are
...And nothing else matters"" 
#kazodah #artiste #music #intothedark‚Ä¶ https://t.co/QcpPDpcPbK"
770745441956880384,Gothic Girl 2 https://t.co/aRO1BCQZsn #goth #gothic #gothique #transgender #transgenre #artiste #dancer #danseur #romantic #tango #queer #√¥
660549179341688832,üò´üò´üò´Upcoming #Artiste hustle https://t.co/SKkO5bgyZb
771068484784709637,"I say ""loved"" because his Music not as popular Therefore speaking of when he was putting out #Often Still like the #Artiste Richie Spice NPm"
660569642449113088,Happy Halloween üï∏ #pumpkin #artiste https://t.co/fyQ5rS4Ktm
660548913930334209,Pls show our @Official__OT some luv.He's been nominated again. Tnku for ur support. #music #naija #TNMA2015 #artiste https://t.co/t0kfU7yx8t
660546970851942400,AFRICA: ENTERTAINMENT: Are you #musician #artiste #producer #mixer #director #editor #lighting #booking #event #justBOOP US #onetime #AYHP
682442704882647041,End of the year #shoutOut to my #dayOne #homie and #fav upcoming #artiste of the year‚Ä¶ https://t.co/qKKLXHFvmh
682455729530388481,Riboud #photo # actusphoto #artiste #art https://t.co/M0074jOSfN
770815852522397696,Visit and like my fan-page facebook üòâüëç https://t.co/GZb5D4pnpW #artiste #hyperrealisme‚Ä¶ https://t.co/Lk2PiemPuQ
682049475578310656,Deep Obsession Riddim by [Jahlink Flyweh Records] https://t.co/AsPLZKx0Ta @RoyaL_Jahlink #capetown #artiste @djwardie @raggakaas
570863388227723264,"Grab your faves from @GlamByManicare, #Manicare &amp; #Artiste, they're all 30% off 'til 11/3  http://t.co/d51NdkipQY http://t.co/69IHoc7OIG"
681944613267963904,"#CALL to #ARTISTE #MUSICIANS #ENTERTAINERS,#MUSIC #PROMOTERS&amp; #MARKETING-#StepUp InThe #Game! #Get #CAREER #Success #Magnate #Guru #Mogul101"
660028838672494592,"https://t.co/T16PXaEMbqüíò #artiste üëåüé∏üéπüé∂
#BeautifulBoy 
LOVE YOU
üíï https://t.co/eUNooiXQHS"
682416082917953540,Deep Obsession Riddim by [Jahlink Flyweh Records] https://t.co/AsPLZKx0Ta @RoyaL_Jahlink #capetown #artiste @djwardie @raggakaas
570789292206899201,@mayhemmiller @CMPunk MAYHEM all the way!! #MMA #phenom #pioneer #artiste #humanitarian
681962521914388481,Suzy chilling after the Christmas rush #singer #tribute #artiste Full roast eh S? @Suzy_Hopwood ‚ò∫ Not moving after ‚ò∫ https://t.co/I2brRMFJVS
571339384412352513,Photo: #art #artist #artiste #abstract #abstraction #autoportrait #illustrator #illustration #oil... http://t.co/s7mOLIIbIM
571429157558738946,"3 #Artiste from Spanish town to watch out for ( #Gongoole , #Enestee , #Navino https://t.co/NINqiwqliT"
571335912686292993,"Expo ""Balthus"" #Artiste #exhibition #Repost @ Gagosian Gallery Paris https://t.co/EaKwPy3jTB"
682571572692037632,"@iamdbanj rides 2015 Porsche car
Big congrats to him 
#artiste #celebritylifestyle #nollywoodstar‚Ä¶ https://t.co/YGW3fkzTJX"
682202051200208897,"A peek into the mind of a #female stand-up #artiste ‚Äî what makes Neeti Palta funny?
https://t.co/IuWBnr8Szh https://t.co/xAW0oAjrpa"
571061939536683008,2015 Dancehall Instrumental | Summer Rave Riddim | January 2015: http://t.co/FXEOvZokCN  #dancehall #newmusic #instrumental #artiste #beats
571433350893854720,#Advice For My #Fellow #ARTISTE #ARTISTS Keep Applying #Pressure Until Someone #Discover Your #Craft‚Ä¶ https://t.co/4O0eyEBYBY
682587918154788865,#artiste#atwork#art https://t.co/F4mQs9wjyr
571363388028272640,#sound #Soir√©e #Orleans #Artiste #45CestNous #nigth #club mangprod en action ...... on ne se trompe‚Ä¶ https://t.co/LFh1yKc12d
770645669392551936,"A COLORFUL TRIBUTE TO WOODY ALLEN #collage #graphiste #artiste #woodyallen @hosgorselman
https://t.co/xa4ptDLV9Q https://t.co/GoHA2AsPir"
682508203515637760,It's never been a bad thing.....#pepperdem #pepperdemgang #westgod #africa #nigeria #artiste https://t.co/MknB06GPcr
571449934353997824,"Friday Favorite - Mixed Martial Artist - ""KING of MMA"" #Explorer #Artiste #ICON #Humanitarian #MAYHEM @mayhemmiller http://t.co/YIDozXLDnp"
570856990429327360,"Let me be a dinosaur. Or the dinosaur üêõ

#ÁéØ‰∏úÈü≥‰πê #easternworldmusic #È©¨Êù•Ë•ø‰∫ö #Malaysia #Ëâ∫‰∫∫ #artiste‚Ä¶ https://t.co/feqPw4t3tb"
771064373800382464,"New Art.
#hundredacreworks #art #artoftheday #artist #artiste #la #losangeles #dtla‚Ä¶ https://t.co/Cctz9IvasK"
770819762037395456,Beggars can't be choosers bitch this ain't Chipotle- Kanye üì∑ thirtythreefifteen #artiste‚Ä¶ https://t.co/eIqkjoPAlX
770700446436499456,"Still better than anything I could do! #talent #skillz #artiste

- @ComfyCrouch https://t.co/j1LmZ9arD3"
682055340133711873,"New Art. 
#hundredacreworks #art #artoftheday #artist #artiste #la #losangeles #dtla‚Ä¶ https://t.co/wxNDlznfm5"
571743024536895488,2015 Dancehall Instrumental | Summer Rave Riddim | January 2015: http://t.co/FXEOvZokCN  #dancehall #newmusic #instrumental #artiste #beats
770798365852377088,"Thou
#nyc #photographer #artist #art #kunst #selfie #selfportrait #wallpaper #bilde #artiste‚Ä¶ https://t.co/Y4EkV2oKnh"
571404914854891520,"Artiste - ""An artist, especially an actor, singer, dancer, or other public pe..""
http://t.co/FbNkPyrReK
#Artiste #spell"
660549929765572608,"Dablaq wonder and Zama. 

#styleandstuffsa and IstandOutVintage 
#dablaqwonder #artiste #vintage https://t.co/MLbaJW1k9K"
660538467588415488,"""PARTY FREN"" ~ @Runkiehytz |Grafixx Riddim
https://t.co/YnZ891UiHS
#Reggae #Dancehall #Artiste #876"
571425930138279936,#streetart #londres #london #lucette #lerest #star #art #artiste #angleterrre#france #tag https://t.co/yIuAjNIRzE
770955566072139776,"Draw fast...
#artistic #artiste #art #artwork #sketch #sketchbook #sketching #draw #drawing‚Ä¶ https://t.co/54rdlxnEOb"
660397616719634432,Saturday head Fever @marshallampsuk sovtekamps #artiste #mig #100 #plexi #vintage #guitar #music #amp‚Ä¶ https://t.co/fJZs9ogSCx
770651959124717568,- black brother #streetphotographers #streetphotography #dablaqwonder #nikonphotographers #nikonsa #art #artiste shot by  Ngeke Balunge
682469985067888640,"2015 artworks.
#pencilART #randomPortraits #pencilportrait #drawing #artwork #artiste, https://t.co/XZyW7dwrwh"
570899215360114688,matt corby? ‚ú®üëëüôä #mattcorby #portrait #moleskine #drawing #artiste #illustration #vscocam #vscodaily‚Ä¶ https://t.co/JBpEvlgBzS
726302926906368000,#Artiste [#JETAIME] https://t.co/3xjs5m7dMZ [Like Page Fb]‚Ä¶ https://t.co/dD7V8HoyG1
704388621739171842,beyonce @rihanna #Rihanna #Beyonc√© #2 #Artiste #Star #Monument #QueenBey #QueenRi #Love #Hello‚Ä¶ https://t.co/bJavFrkHJY
726249915794509825,üî•SHOW CASEüî• #Sthyvel #Odilon #Sambissa #Murder #Artiste #Auteur #Interpr√®te #Rappeur #Po√®te #Rap‚Ä¶ https://t.co/FaEeeh2N9c
615951256293638145,https://t.co/ogPxvrfXJD WHO EVER READING THIS THERES A LINK TO CLICK. NEW EVOLUTION #Toronto #Rappers #artiste
792869876763336704,mc-olives... #Art #Artiste : https://t.co/KNABJrnfnx https://t.co/n2w1RYNatQ
770627377563131904,#socialmedia : Comment communiquer sur les #r√©seauxsociaux quand on est un #artiste https://t.co/6ld5GfREy2 via @JennaCourtois
793182339346104321,La bicyclette... #Art #Artiste : https://t.co/jmSyzY4tWB https://t.co/SLR3MFk0Lx
704308533437853701,"I'm not crazy. I'm free. 

Hats available soon...
#clairerenee #nyc #artiste #goodmorning https://t.co/oldRCUrvMD"
703788466522329089,"New Art.
#hundredacreworks #art #artoftheday #artist #artiste #la #losangeles #dtla‚Ä¶ https://t.co/nHxi50F9OS"
726280737482280960,#Artiste [#JETAIME] https://t.co/MlrhTcmf6F [Like Page Fb] #Artist #terraindaventure #dada #streetart #artderue #g‚Ä¶ https://t.co/Q1ce7FC6vz
704350690110541825,"Work in progress.. 

#art #ArtWork #peint #peintre #artiste #acrylique #nature #tree #parisienne https://t.co/fMQWqElrI6"
726489833569419264,"Here is the link to my #free beat. Get it here. If u are an #artiste, you could jump on this. #bless.  https://t.co/OaF19hwQni"
704121425729294338,"New Art.
#hundredacreworks #art #artoftheday #artist #artiste #la #losangeles #dtla #downtownlosangeles #downtownla‚Ä¶ https://t.co/h4HsOCP1Ak"
704275128499109888,"#brake through #artiste of the #year2016
 JARIA awards Jahmiel for brake through artiste of the year CONGRATS TO JAHMIEL"
726302575490801666,#Artiste [#JETAIME] https://t.co/3xjs5m7dMZ [Like Page Fb]‚Ä¶ https://t.co/D2gmqBT1AJ
704370943465005056,"Le #concertquidechire: Avishai Cohen demain @newmorning / ""Dreaming"" Live at Nancy #Jazz Pulsations 2015 https://t.co/FYK8dYLDov #artiste"
704039473563086848,.Wonder Forever - Candice Tripp.‚†Ä‚†Ä‚†Ä‚†Ä‚†Ä‚†Ä     ‚†Ä‚†Ä‚†Ä‚†Ä‚†Ä‚†Ä‚†Ä‚†Ä‚†Ä‚†Ä‚†Ä‚†Ä‚†Ä‚†Ä‚†Ä‚†Ä‚†Ä‚†Ä‚†Ä‚†Ä‚†Ä‚†Ä‚†Ä‚†Ä‚†Ä‚†Ä‚†Ä‚†Ä‚†Ä#artup #tableau #artiste‚Ä¶ https://t.co/KR4KGQCZpr
792989480303095808,Hotel music #producer #proucerlife #artiste #beatsbydre #beatmaker #newmusicsoon #krkmonitors‚Ä¶ https://t.co/SseevwiBvI
704014529076846592,THE PAINTER OF SONG STORY: https://t.co/59eiu5jbZg #Art #Artist #Artiste #Inspirational #Amazing #PHX #News
726400446387113984,"test webworm to node #2 by admin //  VVFVE
 //  Didier  de Fays
 #photo # actusphoto #artiste #art https://t.co/9VBvybr51P"
726532550156509184,I milly rocked on this block. #clairerenee #adidaswomen #artiste #lategram üì∑| dniceh https://t.co/TrZ5lRL5bz
792704826186444800,"This is Andrew, our local #SriLankan #bathroom #artiste!All his own #design powered by more cups of #sweet #tea tha‚Ä¶ https://t.co/4in2SiBgOo"
704306616364048385,"https://t.co/xFqKra5Imo  
""Share love to everyone "" ‚ù§ 
#Tal #Paysage #Love #beautifulgirl #Artiste #Fan @TalOfficial"
704121443844550657,"New Art.
#hundredacreworks #art #artoftheday #artist #artiste #la #losangeles #dtla #downtownlosangeles #downtownla‚Ä¶ https://t.co/B3L3rD92x8"
703880801650348032,100x120cms. #peinture #painting #acryl #peintre #painter #artist #artiste #contemporaryart‚Ä¶ https://t.co/47oUZOpNkl https://t.co/dL0swaOaOM
615965712058843138,"woman 
#portrait #artiste #art #femme #woman #lucette https://t.co/5KIg3Prhw2"
704131469455699968,"New Art.
#hundredacreworks #art #artoftheday #artist #artiste #la #losangeles #dtla‚Ä¶ https://t.co/EnqQjvWboH"
726307746841133056,Gonna crush this week. #music #health #artiste https://t.co/WPCk0rzqxj
704390830371545089,"@ELrepGH thanks soo much for the cap!My new year resolution cleared.I love you.Dont let me burn
#Artiste of the year https://t.co/D4ZJuJyUZu"
726404493299060736,"Yesterday üíùüéπüé§
deschampseddie  üíùüíú
#love #live #music #guitare #basse #piano #justapic de #artiste‚Ä¶ https://t.co/MB34CND7tI"
726400444537384960,"test webworm to node #2 by admin //  saSA
 #photo # actusphoto #artiste #art https://t.co/OJV0p6w8y1"
793158014903652359,"Prune Nourry - Anatomical Chest #1, 2016  https://t.co/nl2FEf9Yab #artiste #artcontemporain @PruneNourry"
704440950198767616,Today #MCM our client @seanizzlemusic #90sdondada #MiaProduction #client #producer #artiste https://t.co/F70oiT8HhQ
726301952380801024,#Artiste [#JETAIME] https://t.co/3xjs5m7dMZ [Like Page Fb]‚Ä¶ https://t.co/ijPXWz59Ln
726287754406060032,Now up sick @smoocheskisses_april29_  out My #Party #artiste DM your #hook to us if  likes it we #record #now #newm‚Ä¶ https://t.co/45N4DrdUzX
793111063084601344,"Musique - Le Break:Halloween: Katy Perry en Hilarie Clinton, The..https://t.co/G8t0chwkiD #artiste https://t.co/MNncvhJ57P"
726307283379077120,Who's That Girl #art #artist #artiste #artwork #bodypaint #bodypainting #bodypainter #canvas‚Ä¶ https://t.co/r1FDeompp2
793038955155456000,"Good morning  #africa
#seenafrica #models #actors #actresses #artiste #comedians #africa #followforfollow #like4lik‚Ä¶ https://t.co/suuGwZeu6A"
793173220396376064,"""PARTY FREN"" ~ @Runkiehytz |Grafixx Riddim https://t.co/xdeGASdzyh¬†‚Ä¶ #Reggae #Dancehall #Artiste #876"
792736855817084928,Parisian artist in Montmartre #artist #draw #drawing #artiste #montmartre #paris #paristou‚Ä¶ https://t.co/rCCy14DL1W https://t.co/U0nCzKnj9I
726303048469880834,#Artiste [#JETAIME] https://t.co/3xjs5m7dMZ [Like Page Fb]‚Ä¶ https://t.co/ZSwmdlthzr
615792500448456708,.#follow for #follow The Afro Popular #Artiste @BittaSwitAfrica
793109632621416448,Pink //  https://t.co/sQXXLP4wDM  #graphiste #illustration #art #nantes #freelance #photoshop #illustratrice‚Ä¶ https://t.co/JxCHhUpvpo
726303561621987328,#Artiste [#JETAIME] https://t.co/3xjs5m7dMZ [Like Page Fb]‚Ä¶ https://t.co/hU3Loyqc4g
792745776262811648,The #beauty of #america #happy #halloween #party #unicicasa #artiste sweetmscandace #CandaceCane‚Ä¶ https://t.co/AtrfYeaRz1
703944977634742273,Streetart #streetart #streetarteverywhere #artist #graffiti #graff #paris #artiste @GoogleStreetArt @streetartnews https://t.co/StWFfuIlj9
792980933683077120,Ice Land ( 1985 - 45x89 )... #Art #Artiste : https://t.co/N11q01Qtjf https://t.co/u7ohQMwPAi
793165507163631616,"T H E   P H O N E C A L L
@Akinkoredephoto
feat.
chinkotiger 

#art #artiste #rapper #phone #naija https://t.co/4py4rT546Y"
726447211530358784,"Day 30 - üîòENDüîò for the FISHINK ‚úçüèæ 

#art #artist #artiste #draw #drawing #drawer #doodle #sketch‚Ä¶ https://t.co/5HyzuNtjDb"
793071399367835648,CAP SUR BREMERHAVEN ... #Art #Artiste : https://t.co/5TYhOTOqhg https://t.co/0UV2H8vQ1c
615853442414809088,@iam_Davido #who do you Think will win the @Headies Award 2015:#artiste of the year:@DAVIDO @WIZKID @Runtown @OLAMIDE @PHYNO @FLAVOUR. #OBO.
793009127890952192,üéßüé∂üî•üéºüéµüéπüé§artwork  #music  #paris #france #art #hiphop #workshop #danse  #remix #artiste #dj‚Ä¶ https://t.co/YxJ14PskW8
726280474792890369,#Artiste [#JETAIME] https://t.co/3xjs5m7dMZ [Like Page Fb]‚Ä¶ https://t.co/UyW0a81kyw
792693769439248384,Rout'Art 50... #Art #Artiste : https://t.co/iw2oNSu0Qf https://t.co/dmGti5ij1x
793086357463769088,giselemethot... #Art #Artiste : https://t.co/zcfJP2qdmc https://t.co/Wg7ADQvOTb
726286388694413313,#Artiste [#JETAIME] https://t.co/3xjs5m7dMZ [Like Page Fb]‚Ä¶ https://t.co/eR46hEDwEa
793152243688243202,Acrylique sur toile grand format.... #Art #Artiste #Toile : https://t.co/2HlMS9k9z6 https://t.co/mbdzfqNjgF
792708757323124736,"Exposition Paris, France... #Art #Artiste #Exposition #Expo : https://t.co/EvE9EnvqeP https://t.co/MLURw0xY5C"
793172421356425217,"""PARTY FREN"" ~ @Runkiehytz |Grafixx Riddim
https://t.co/YnZ891UiHS
#Reggae #Dancehall #Artiste #876"
793160629565751296,"Discover 4 Practical Tips to Being More Creative
#creativity #amwriting #artiste

https://t.co/rGb80nQzlQ https://t.co/x5zCLsWRjD"
704136499835576321,"New Art.
#hundredacreworks #art #artoftheday #artist #artiste #la #losangeles #dtla #downtownlosangeles #downtownla‚Ä¶ https://t.co/VHZEcxIa3c"
726406054238670849,Non mais juste wahouuu !!! #art #artiste #talent #bravo  https://t.co/sHuY99rSU5
726417019667644417,"Speaking with spirits.
#artiste #artist #painting #Spirituality #painter #france #french #photo https://t.co/2k9igxyxBM"
704361846732693504,MONSTRUEUX #Artiste #BRAV https://t.co/qijt8JGhhX
726302820098408448,#Artiste [#JETAIME] https://t.co/3xjs5m7dMZ [Like Page Fb]‚Ä¶ https://t.co/2C0KYUMRsx
615889822004191232,#LIMOGES Vernissage HuitSept // 01/07 // 18h30// Be there // NO CB // #artiste #createur #mobilier #photo #design  https://t.co/U8IarPKB5A
615947360364068864,"""Ibo Fire Cries, Tears of Joy"" Read the full story here ----&gt; http://t.co/1qCURaGRKk
@Dawdy_12to12  #reggae #artiste #Jamaican  #music"
704275906232262656,6 Mars #HommageAuxFemmes #Conf√©rences #Entrepreneuriat #FashionShow #Artiste #Musique #Montreal https://t.co/fCQ0vIE1sz
793055839359827969,"Don't Cry
Don't Ever let Go
Don't let them hurt you
You were born to be strong
As An #Artiste You were born to write your own songs."
726280660491476995,#Artiste [#JETAIME] https://t.co/3xjs5m7dMZ [Like Page Fb]‚Ä¶ https://t.co/Rw8Tg8D175
615968260861902848,Found Donut photo (not mine) .. enjoy #pixlr #Drawing #Chic #Girl #Girls #Chignion #Flowers #Art #Artiste #Hair #Lo‚Ä¶ http://t.co/afRy2JODlI
615968249411465216,Found Donut photo (not mine) .. enjoy #pixlr #Drawing #Chic #Girl #Girls #Chignion #Flowers #Art #Artiste #Hair #Lo‚Ä¶ http://t.co/mGpDoFlXz0
703803924168482820,"New Art.
#hundredacreworks #art #artoftheday #artist #artiste #la #losangeles #dtla #downtownlosangeles #downtownla‚Ä¶ https://t.co/wB5q3WGhJU"
704370943704039424,"Le #concertquidechire: Avishai Cohen demain @newmorning / ""Dreaming"" Live at Nancy #Jazz Pulsations 2015 https://t.co/dUVmsb9Oya #artiste"
704116409551355904,"New Art.
#hundredacreworks #art #artoftheday #artist #artiste #la #losangeles #dtla‚Ä¶ https://t.co/k2pnMwQbEW"
792691707439517696,Dummy plays Grand Piano. üéπüëåüèª#artiste #beats #bestsong #bumpin #favoritesong #genre #goodmusic‚Ä¶ https://t.co/KWgTmjzA66
726400447720869889,test webworm to node #2 by admin //  //  #photo # actusphoto #artiste #art https://t.co/WdR6R4qzZe
703788783943159809,"New Art.
#hundredacreworks #art #artoftheday #artist #artiste #la #losangeles #dtla #downtownlosangeles #downtownla‚Ä¶ https://t.co/zVrF6qew7H"
704407741792657408,"Top 10 best Photoshop Tutorial Site - Photoshop a... https://t.co/T4rctvDkqo
 #Artiste #NewDesign #Photograhy #Photoshop #Simmyideas"
615968214669991937,Found Donut photo (not mine) .. enjoy #pixlr #Drawing #Chic #Girl #Girls #Chignion #Flowers #Art #Artiste #Hair #Lo‚Ä¶ http://t.co/pMYeXhEMZ6
726304489871806464,#Artiste [#JETAIME] https://t.co/3xjs5m7dMZ [Like Page Fb]‚Ä¶ https://t.co/aNmd467vwr
703835950531502084,another lovely job.  #artiste #chanel #joyful https://t.co/liMy6joexL
704018237848231937,#traveling #airplane #tour #reggae #music # travel #virginia #jahdore #Artiste #show https://t.co/GHbGekAfZW
726303434324873216,#Artiste [#JETAIME] https://t.co/3xjs5m7dMZ [Like Page Fb]‚Ä¶ https://t.co/8HGQmgIwp1
704402819122642944,Our client prittishu passing through our office #MiaProduction #client #talented #artiste‚Ä¶ https://t.co/i3ZetsbkGU
703803909081591808,"New Art.
#hundredacreworks #art #artoftheday #artist #artiste #la #losangeles #dtla #downtownlosangeles #downtownla‚Ä¶ https://t.co/NzEdHapqQa"
792748917423243264,PRESENTATION... #Art #Artiste : https://t.co/pnmQZE0osH https://t.co/N37YE7Hwqi
793009092470018048,üéßüé∂üî•üéºüéµüéπüé§artwork  #music  #paris #france #art #hiphop #workshop #danse  #remix #artiste #dj‚Ä¶ https://t.co/KvkVaZ1TdH
726302469072908289,#Artiste [#JETAIME] https://t.co/3xjs5m7dMZ [Like Page Fb]‚Ä¶ https://t.co/PI5bXPii1T
615989719906820097,cube https://t.co/AjYhlk9Fsg via @YouTube #animation #espace #univers #tableaux #artiste #culture #spiritualit√© #philosophie
704218435585236992,#ShafqatAmanatAli : An #artiste is always #greedy https://t.co/4f0hf5pFsM
704404279868702724,Our client prittishu passing through our office #MiaProduction #client #talented #artiste‚Ä¶ https://t.co/NPI8wf4iH6
616008814618349568,"Lonely boy ¬©
#photo #photographie #photography #photographer #lonelyboy #artiste #artist #aesthetic‚Ä¶ https://t.co/NhywI9ltBK"
792846131403354112,Check out this #job: #Artiste #technique (jeu) at #PLAYMIND in #Montr√©alQC https://t.co/RlCehzhmCO https://t.co/yKxboIiLF8
726303298651746304,#Artiste [#JETAIME] https://t.co/3xjs5m7dMZ [Like Page Fb]‚Ä¶ https://t.co/2CMrY64oQU
793008800722620418,üéßüé∂üî•üéºüéµüéπüé§artwork  #music  #paris #france #art #hiphop #workshop #danse  #remix #artiste #dj‚Ä¶ https://t.co/hsR4Xh8wTp
726303175628578816,#Artiste [#JETAIME] https://t.co/3xjs5m7dMZ [Like Page Fb]‚Ä¶ https://t.co/GEZbBn56YD
770651194398154752,Blackstreet. #creative #graffiti #sydney #newyork #world #graffiti #artwork #artiste #vintage‚Ä¶ https://t.co/pNAViSq6wv
726302140256260096,#Artiste [#JETAIME] https://t.co/3xjs5m7dMZ [Like Page Fb]‚Ä¶ https://t.co/MyeaR2tbRv
726302294514397184,#Artiste [#JETAIME] https://t.co/3xjs5m7dMZ [Like Page Fb]‚Ä¶ https://t.co/SEIH4EAm52
