638500759579987968,@xpeaceminus sure oppanim! Just send us the verification format üòâ #young
638433377809395712,‚Äú@syrai_2015: ‚Äú@BigBooBzzz: Bend over backwards. #Sexy #Milf #Young #Cougar #Mature #Sex #Porn http://t.co/BlbMvNosCr‚Äù‚Äù
638488247438581764,Abdullah Ibn Umar was a #young Sahabi who became a leading #scholar of #Islam. Many of the Sahaba who became scholars were from the youth
638471364794576898,Abdullah Ibn Umar was a #young Sahabi who became a leading #scholar of #Islam. Many of the Sahaba who became scholars were from the youth
638483917805260800,#Sexy #Young #Brazilian #Chelsea #Kensington #InCall #London #Escort http://t.co/efTDWf6Ce8 BOOKING LINE 07500186151 http://t.co/TpreUM8fKB
638389524209516544,Look at Me... #SimonandMary #Fashion #Style #BlackBoysRock #NikeAirMax #young https://t.co/41jVCeXBKY
638463191647961088,Do you know Kaylee Overmyer? Watch the presentation of this #young #soccer defender playing for Kapaa‚Ä¶ https://t.co/UONK6IcocV
638466012212428800,"Without Sex Ed, #Young #Tunisians Have To Get By On Their Own http://t.co/mFsrHvkfm5 #ZippedNews http://t.co/lQGB6Yx291"
638457263263510529,"#Excursion ""#romantic Lviv"" And I‚Äôll tell you about moving fates of #young people, which still inspire artists and...http://t.co/NfH4hUrerE"
638364871180988416,@geeyeonn yes she is! #young üòâ
638439082318692353,Blowjobs 07 (HQ Porn) #sex #xxx #nsfw #porn #adult #sexy #young http://t.co/icvZInPFm0
638499548898455552,"#QMM...10x be to #God , i #made u wat u are now n see hw u are #paying me back. #Small #boiz are #young..."
638369568201699328,"#Exercise- it's part of what keeps you #young!
#Antiaging #health  #running #BEHEALTHY http://t.co/2AA7BaFJcl"
638403376481349632,Check out these great #conferences for #young #entrepreneurs. http://t.co/G8g1rcFRvl
638383553420599297,"See it widely, walk it carefully and take it wisely.
#ximending #commercial #young #crowd #japanese‚Ä¶ https://t.co/mGBpJc6EA4"
638488686678679553,Abdullah Ibn Umar was a #young Sahabi who became a leading #scholar of #Islam. Many of the Sahaba who became scholars were from the youth
638405099228954624,#Young in lead of @JohnKerry #Alaska Conference #GLACIER @UNEPAsiaPacific @Interior  https://t.co/bu6DVr9ni8
638393422479421440,Abdullah Ibn Umar was a #young Sahabi who became a leading #scholar of #Islam. Many of the Sahaba who became scholars were from the youth
638494040640614400,Abdullah Ibn Umar was a #young Sahabi who became a leading #scholar of #Islam. Many of the Sahaba who became scholars were from the youth
638383692424085504,IM BOUT TO REMIX DAT HOTLINE BY DRAKE üò© #YOUNG http://t.co/pEcdoR7ohH
638416898196115456,Avoid #cults like #mormon &amp; #JW #Jehovah #Witness #Smith #young #Russell http://t.co/mF6eE8ggPy
638372351277600776,More: [link removed] #lesbian #porn #hot #babe #milf #young #teen #nsfw #sex #sexy http://t.co/QjHCqJ70lQ
638492031996837889,"""I Just Wanna See My Nigga At The Top"" üíïüòäüíç ! #Young #Thug #Check #Freestyle - #Bravo @TheRealBravoCG  https://t.co/iTYcDieuGX"
638422236047781888,"&amp; THAT PUSSY, THAT SHiT MiNE; MiGHT AS WELL TATT' A #YOUNG NiGGA NAME ON IT. [Shit] @torylanez &gt; #Future"
638491986459234305,Abdullah Ibn Umar was a #young Sahabi who became a leading #scholar of #Islam. Many of the Sahaba who became scholars were from the youth
638371619052908544,#Coffee linked with increased #cardiovascular risk in #young #adults with mild #hypertension http://t.co/LcFl6nJcrV #MedicReS
638405696262832128,"My choice is what I choose to do üéπ
#instrument #playing #piano #hobby #music #sound #young #girl‚Ä¶ https://t.co/GTNAPWpQk9"
638365763082936322,PLEASE SHOUT OUT THE MEMBER NOW! #YOUNG
638453716270514176,#Sexy #Young #Brazilian #Chelsea #Kensington #InCall #London #Escort http://t.co/efTDWf6Ce8 BOOKING LINE 07500186151 http://t.co/KPg3k0hup0
638431838055350273,"@MattSteinSTF Looks like you got a dream gig man, #congrats on being #young  and #ambitious"
638436472295698432,Photo: #monday #bad #day #tired #exhausted #serious #tumblrboy #forever #young #love #gayboy #gay #gdl #bad... http://t.co/xP9DFnXSme
638392258480500736,When #family and #friends stand to #honor the #marriage of a #young #couple it's #amazing ...‚Ä¶ https://t.co/BDnsF2Lwbx
638381172796575744,"1 #killed, 2 injured in #Orlando #John #Young Parkway crash - Aug 31 @ 12:01 PM ET http://t.co/WzJ6ViBKTP"
638379649404375045,"Young Literature #best #young #literature #books #2015
 http://t.co/nocbgpr2EE"
638468863269707776,Photo: essexescortgirls: Ashley of Essex Escorts #English #young #busty #brunette #escortagency... http://t.co/XOWOfPJZPo
638491409675382784,My #mcm goes out to this wonderful guy. #baby #lovehim #firstboat #young https://t.co/0cd0WeSok3
638451210740199424,I'm feeling myself üéµüéµ #me #happy #young https://t.co/KUfN4qPT8C
638456254197731328,xAmandaElla - I love to watch my man stroke his cock and know he ...: #kinky #nasty #hot #naughty #porn #young... http://t.co/XSwRf8qCe9
638382218050605056,More: [link removed] #lesbian #porn #hot #babe #milf #young #teen #nsfw #sex #sexy http://t.co/m43b0kA6JM
638389528563175425,Photo: Look at Me‚Ä¶ #SimonandMary #Fashion #Style #BlackBoysRock #NikeAirMax #young http://t.co/XJGG6nCtlb
638374621725659136,"Piet Potter's First Case, by Robert Quackenbush HCDJ 1980 for USD2.28 #Books #Children #Young #Quackenbush http://t.co/ycyDO7MgAt"
638463670398267392,#jobs Cherry Workers #YOUNG #Australia #Public Employer http://t.co/LsodZdVtjM
638371178202054656,Finally 20 tomorrow. #young
638486516885393408,Abdullah Ibn Umar was a #young Sahabi who became a leading #scholar of #Islam. Many of the Sahaba who became scholars were from the youth
638496057735970818,Abdullah Ibn Umar was a #young Sahabi who became a leading #scholar of #Islam. Many of the Sahaba who became scholars were from the youth
638380493218693120,May your coffee be strong and your Monday short. #Young #Black #Educated #1L #MelaninMonday https://t.co/VOMGLP7B6B
638422017050415104,*New Music Alert* Jeezy - God #WorkNation http://t.co/iD1w7PXYOp #Jeezy #God #NewMusic #SnowMan #8732 #CTE #Young #VMAs #2015 #Today
638419664381575172,Check out Enjora's TEEN section here: http://t.co/zaLwWIJgYO - #Teen #Teenager #young #18 #College #TeenPorn #Porn
638394241983451136,"LI millennials decide where to live...http://t.co/CKkYJH9mrS
#housing #young #crisis #economy #braindrain #longisland http://t.co/240H0eD9dv"
638383636107145217,Playing 80's music takes me back to the days I used to drive around on Miami beach playing Vice City üòÇ #young
638462931932418048,üëçüòäEchoes of Andromeda: Zumi's Prophecy by Griffin Garcon http://t.co/jRNHYmXJ7a #Gay #SciFi #cool #book for #LGBTQ #Young #Adult #Forever
638423846190772224,"I'm vapor-ing n it's kinda fun.. üòÜüí®üí®üí®
#loveit #favourite #vape #vapor #glassesboy #young #lol #yolo‚Ä¶ https://t.co/br24TPpZd0"
638423513997533184,#Sexy #Young #Brazilian #Chelsea #Kensington #InCall #London #Escort http://t.co/efTDWf6Ce8 BOOKING LINE 07500186151 http://t.co/vQfT4GboLo
638363424888619012,"The Best Protein Shakes for #Young #Athletes #highschool #proteinshake #vitamix #GNC #shredz #protein #blender 
http://t.co/ile0AuTZva"
638500642927996928,@4thxMijoo yes she is dear üòâ #young
638375198547386368,#Young #engagement in crisis-hit countries like #Iraq: This is the true face of postive #change! #yesyoucan https://t.co/IgUGl2McdY
638406723842244609,RT AbbagaelDomoni: #young #lipstick #beverlyhills #FallRiver Fly #fishing #for #beginners: Fly Fishing for Beginne‚Ä¶ http://t.co/UlQNUq1nXc
638369373581914112,"Hola holaa! Feliz lunes! 
Hey, Hi! Good monday! üòÜüòÑüòâ #me #boy #guy #men #young #yolo #legs‚Ä¶ https://t.co/f743lX8LA7"
638401249201815552,"My choice is what I choose to do üéπ
#instrument #playing #piano #hobby #music #sound #young #girl‚Ä¶ https://t.co/GTNAPWHrIJ"
638496131538817024,WonderxBig - NA: #nasty #happy #porn #hot #wet #xxx #naughty #sexy #slut #horny #nude #kinky #shy #young http://t.co/uo9TFm5WpE
638434670129061889,"#tb Sun, Beach, and fun... Were my days consisted of. #young #little https://t.co/gsaRYnUjVt"
638488940551512064,Abdullah Ibn Umar was a #young Sahabi who became a leading #scholar of #Islam. Many of the Sahaba who became scholars were from the youth
638467699471880192,"People: ""omg!! My weekend was so amazing #party #live #young""
Me: http://t.co/P27DnUrw6D"
638381434261139456,sweetstan - The idea of fcking in public places makes me extre ...: #slut #young #naughty #happy #nude #hot #x... http://t.co/4L7yPBX43j
638473386646216708,Melissa will rock your world! #young #brazilian #escort #london #adult #sexy http://t.co/TwZX4A1vOO http://t.co/bIAvuNYDo1
638400676213714945,Monday bloody monday. #monday #lunedi #settimana #shit #doit #life #young #foreveryoung #ragazzi‚Ä¶ https://t.co/3VjSEZXo6j
638439192188489728,More: [link removed] #lesbian #porn #hot #babe #milf #young #teen #nsfw #sex #sexy http://t.co/N10iusvJAs
638462539026837504,To be young again #ifiknew #whatiknownow #young #olderwiser https://t.co/A4YvVXXoXb
638486764903075840,Red #tie day üòèüë®üèª #workflow #papichulo #leggo #elegant #youknow #young üòéüí™üèº https://t.co/WXxO7I528g
638497704230977538,Abdullah Ibn Umar was a #young Sahabi who became a leading #scholar of #Islam. Many of the Sahaba who became scholars were from the youth
638360831705645056,"Man I don't know where the time goes, but it sure goes fast #Young #KennyChesney"
638400916958380033,"@youngjeezy drops his new single ""God"" today check it out on #HHRFD #young #jeezy #youngjeezy #cte‚Ä¶ https://t.co/PDhmJqKz4K"
638397624836603904,Boy! This new @youngjeezy #god goes hella hard #YOUNG !! https://t.co/rf0JCDyKIC
638424217982246912,A #group of #young #boys #playing #soccer in front of an #old #building along the #streets of‚Ä¶ https://t.co/BEFEh9nWXh
638483622593449984,‚ú∫ SABRINA ‚ú∫ CALL 1-866-570-9595 NOW!! ‚ú∫ http://t.co/1KIicJHL9w ‚ú∫ #Taboo Phone Sex &amp; #Fetish #Phonesex Girls! #young #mistress #notaboos
638376471510274049,Being strong is a state of mind !!! #itrain #fit #fitness #fitfam #fitspo #instafit #instalike #young‚Ä¶ https://t.co/ht12f7EfCO
638401244881645570,"@Mufc4evaAndeva @doughyfex lol. Never known a bad united time then,#spoiled #young#icouldbeyourdad"
638488627299885057,Abdullah Ibn Umar was a #young Sahabi who became a leading #scholar of #Islam. Many of the Sahaba who became scholars were from the youth
638500907420770304,MORNING GUYS HAVE A NICE DAY XO #YOUNGüòò‚ù§
638470800580804608,This Spring '16 we bring #TheFrogPrince to valley schools via #Theatre for #Young Audiences? Learn more http://t.co/ouajVvP32p #FresnoState
638457067158679552,#tourist #abstractphoto #young #wedding Understanding self harm #and #how to stop it now: Find Solutions to STOP http://t.co/UolBpBsIpY
638482936195448833,"Hello you!
Cute &amp; Charming performer at last week's Dance for Unity Conference.
#DFU #DanceForUnity2015 #young... http://t.co/ntkXkceepb"
638468368899657729,"Bo Law Kung Fu Young Tigers Kung Fu Summer Camp....it's awesome!!!!! 
#young #kids #summer #camp‚Ä¶ https://t.co/ecpo0R8srS"
638456684357263361,@miltonkeyn_es by robinsean1995 #longhair #fresh #life #blue #eyes #blueeyes #piercings #beard #beardgang #young #l‚Ä¶ http://t.co/eXyaHxEHFz
638380380157005824,"'Young Rich Sexy &amp; Single'‚úå
Wow! üò≠üòÇüòÄ
#memories  #awesome #outing #friends #fun #amazing #young‚Ä¶ https://t.co/6hsiWpMYXy"
638387197482110976,Abdullah Ibn Umar was a #young Sahabi who became a leading #scholar of #Islam. Many of the Sahaba who became scholars were from the youth
638381413205602305,sweetstan - The idea of fcking in public places makes me extre ...: #slut #young #naughty #happy #nude #hot #x... http://t.co/TL8aaA7XsR
638362088419667968,Great advice for #millenials looking to become #productive #young #professionals https://t.co/vofE5mKPJN
638451151978004480,‚ù§ Happy 75th bday Grandma ‚ù§ #grandmother #nonna #big #mom #love #75yrs #love #you #still #young‚Ä¶ https://t.co/fUkn0mVrBQ
638437968219213824,More: [link removed] #lesbian #porn #hot #babe #milf #young #teen #nsfw #sex #sexy http://t.co/TY0eE64VFG
638425004556816385,"good night ^_^ ^_^

Real :)
stop skippinq :/
#young #money"
638383482574540800,More: [link removed] #lesbian #porn #hot #babe #milf #young #teen #nsfw #sex #sexy http://t.co/VKS1JsydEA
638415727528144896,"Fresh youth 
#fresh #young #ginger #gingerhair #redhead #redhair #freckles #stripes #white #black‚Ä¶ https://t.co/FVh8L7nFFB"
638499508008153088,Looking for a #Young #Talented Estimator Position #jobs http://t.co/9OC1unygtZ http://t.co/NvQxKwgZeM
638436603728408576,"Boy and Girl.
#instagram #iphoneonly #vscocam #vintage #couple #love #boy #girls #teen #young #flash‚Ä¶ https://t.co/SSLr7GaN53"
638380160215990272,10years ago #10yearsago #young‚ÄºÔ∏éÔºÅ https://t.co/a8qjKz9UZ3
638392091601670145,Abdullah Ibn Umar was a #young Sahabi who became a leading #scholar of #Islam. Many of the Sahaba who became scholars were from the youth
638401096197607424,To many niggas out here wit female tendencies üòÇüòÇ #Old &amp; #Young
638387653126299648,Photo: About today‚Ä¶ #SimonandMary #JohnyDeppShades #Iphoneography #Style #Fashion #BlackBoysRock #young... http://t.co/mNVr82kfhy
638387644993523712,About today... #SimonandMary #JohnyDeppShades #Iphoneography #Style #Fashion #BlackBoysRock #young‚Ä¶ https://t.co/CNCGw830li
638355005188276225,SALUTE üíÇ #hi #im #bonybones #young #czech #MC #straight #outta #bohumin #instamood #instalike #l4l‚Ä¶ https://t.co/tSmsuWf8ED
638364925165858817,@KASPERX417 yes she is dear! üòâ #young
836715622537003008,"üíì Best Sex Web Cams Curvy 2017 #gangbang #nasty #orgasm #young #girls

#LIVE  üìå https://t.co/vKsQ3VhSKz üíªüì± https://t.co/JvQenGQTWG"
836705415429779456,"#Mature,#Dogging,#CarSex,#HandJob,   #Slut, : #Young Freak Fucks Fat Dark Haired Mommy In Sideways Position https://t.co/OKhieBfydi"
836708699318124545,"#girl #young #familytime
Boys Elephant Sweater 3-7 years https://t.co/rfrrxRoAUa https://t.co/KrfO7X35tu"
836659876541661184,"#YouTube Career is Viable or Not for #Young Generations? https://t.co/2FD65t46zF

#socialmedia #digitalmarketing #videomarketing"
836690842958049281,"""It's just that its all so #tedious""-
-
#fashionable #young #dinosaurs
-.
-
-
#modernart‚Ä¶ https://t.co/7P3aOUQQfa"
836628397187031040,Now Playing on Vibe.#Young Lion - DRB Show #239 .#worldwide.#Global.LISTEN: https://t.co/N6vXKGdhXs
638364557694631937,Went Up This Weekend Like #fnia #pncintl #epicfest #LA #Music #young @caseyveggies @jay_shepp My 2‚Ä¶ https://t.co/UeUM1rUXvJ
836690001865945088,Did you know that every 100 minutes someone completes #suicide?  https://t.co/FamOdPeMVI  #teens #young people #Frankl #mentalillness
836633521368215552,#Young #casting euro beauty banging old dude https://t.co/iSssmzvSSG
836608116234010624,"#Mature,#Dogging,#CarSex,#HandJob,   #Slut, : #Young Freaky Stud Doggy Fucks Ugly Obese Mommy Hard https://t.co/CDahVO1vBG"
836641868465188864,17 Years Ago: AC/DC Bring Back the Grit on '#Stiff ... #Album #Angus #Ballbreaker #Band #Rock #Studio #Young #news‚Ä¶ https://t.co/40lgNbWlRe
836681474782838784,Win a #Kindle Fire and ANY #Young Adult Book You Want in this #Giveaway #amreading https://t.co/NUllMqVK6t via @InkMuse
638355444419792896,"Disappointing to hear #young, #gay, #Latinos on @NPR supporting the #GOP, who doesn't support them in return. #Latino #Democrat"
836667862811033600,#teen #cam #young webcam #camgirl #hotcam4 bigtits #masturbation #dildo #pussy toy https://t.co/yI9OcVBH0Q
836712948705951745,melodic hardcore punk #young hardcore tube https://t.co/IXhpwKOiIo
836641526839136256,What's 'normal'? UBC study on what works (and doesn't) for #young adult #mentalhealth treatment https://t.co/lIN3uckNm5
836711469496446976,@broni41 Perhaps mate of this convert in #Young born to Australian parents OK striking women with straw @RitaPanahi  https://t.co/1ezQyePyrG
836620381930811399,#cum #chaturbate #webcam cam #masturbating solo #young #camgirl orgasm #teen #homemade squirt exhibitionist college‚Ä¶ https://t.co/XG1haVmrQB
836705603632291841,"Billabong Men's Habitat Short Sleeve Knit Crew T-Shirt, Black, L https://t.co/BLSHCveLWB #Men #Apparel #Billabong‚Ä¶ https://t.co/Mmg31QNnGa"
836624762071838720,I need a #young #cumslut #cocktribute #slut #whore #cumtributeteens #teen #naughty  #pussy girl to dm and play with I'm horny and need someüòà
836681649265983489,"Thanks for putting me in the #young category, although I would  be considered #elderly by the media if I became los‚Ä¶ https://t.co/XueaXhsUGR"
836646261767839744,#Young Ontario mother who 'changed the face of lung cancer' dies at 27: 'I was just so close to that miracle' -‚Ä¶ https://t.co/Hbl5iaNon3
836631822549331974,"""#omg your neck frill is #socutethough""
-
-
#fashionable #young #dinosaurs
-
#chaos--
This‚Ä¶ https://t.co/waJWs9WS5J"
836611578099183616,"Volcom Men's Frickin Modern Chino Pant, Dark Khaki, 28 https://t.co/xquThcN0Zn #Men #Apparel #Volcom #Young #Mens https://t.co/dLjZi03rko"
836680712870715392,#4 #Cylinder #Young #Guns #Dirt #Track #Car: QR Code Link to This Post Turn key race ready 1993 cavalier dirt track‚Ä¶ https://t.co/rWzhkjaMkX
638354485056827396,"It's my 24 birthday. Im blessed to have so many amazing people around me 
#thanks #all ‚Äî feeling #young #day  #by... http://t.co/oq1twnpqwE"
836718065408581633,@kelliekelly23 @Oz566 @AlanThorold @g4gracie2 @c66557958 @w0tn0t @12StringMhz @BenMcNeillAC #Young There are 2 ISIS linked mosques in Young.
836662647856709632,#closeup #cams porn #po #ass sexy sex pussy beautiful webcamshow #young showpussy teen #babe #camgirl cam showass‚Ä¶ https://t.co/3pf3ndOuA0
638355603870609408,Only here for a little while especially while I'm young live life ppl #life #young #ize
638361194257059840,"#young ppl discontented with #politics, giving up hope #speakersconf to speak 4 youth @ForestWhitaker @IPUparliament http://t.co/25MPLXuawk"
638355119499837440,At [link removed] -- No filter needed #hawaii - a perfect #honeymoon spot for the #young and the #youngat‚Ä¶ http://t.co/BNHtI3MttF
638361783258980356,Bright . Happy . Fun by Kathi http://t.co/bs8Z4W36Zq via @Etsy #teamvam #allthingswhite #timandkimshow #young #youthfuldecor #colorful
836682112350601216,Win a #Kindle Fire and ANY #Young Adult Book You Want in this #Giveaway #amreading https://t.co/US2JATSgFg via @InkMuse
836621126440742912,#young woman sex vedio sexy indian back girls https://t.co/YW2fJX4cwH
638362535054450688,Foundation @ForestWhitaker show we can change #young ppl lives with attention &amp; care @IPUparliament #speakersconf http://t.co/kos8oWqQAO
638352324767916032,I'm a grown ass woman #young #independent
836616959924056070,"Don't miss #Young National #Chef of the Year, @ruth0310's second 'chef's diary' blog post on the site‚Ä¶ https://t.co/ZpgsuMft4q"
836666753644183555,#girl #young Cute Stuffed Animals https://t.co/50atsFONP7 https://t.co/GdgoIimVzJ
638351060482940928,#read Shadow and Bone http://t.co/8ayNsaJVzC by Leigh Bardugo #kindle #reading #freebooks #mustread #BestSeller #teen #young #adult #books
836723193184407552,#busty #young striptease solo #webcam teen cams boobs #camgirls #shaved #lingerie #amateur closeup #fingering pussy https://t.co/aGKYpRMmGV
836680186330509313,"Intense early abstract painting from Marcel Duchamp, A #Young #Man on a Train https://t.co/yAskjsDEwT"
638361757082353665,"Nurture #young men and #women, empower new generation of young #leaders @ForestWhitaker #speakersconf http://t.co/5PAzhpH67b"
836608112538722306,Chubby blonde teen tits first time Bring Your friends daughter to Work Day: #young Chubby blonde teen tits first‚Ä¶ https://t.co/eTYZYEg2XU
836628108954451969,'I Bought a Home in My 20s': 4 #Young #Homeowners Share Their #Secrets. https://t.co/P99wwgYPgG
836724774327853056,@John_Hanna @theheraldsun #faketradie identified as man near #Young accused of providing #ISIS with long range‚Ä¶ https://t.co/wa812kLESt
638364744982769666,READY TO SHOUT OUT THE MEMBER? #YOUNG
836693103469789184,Win a #Kindle Fire and ANY #Young Adult Book You Want in this #Giveaway #amreading https://t.co/ZQvxzMw98P via @InkMuse
836688013459587073,#horny #cam closeup #amateur homemade #gorgeous webcamshow webcam cams #beautiful #young sex teenie slut stockings‚Ä¶ https://t.co/xXySDttIoi
836671212705079296,"#Young adult aspergers, why is it so hard to find good support?"
836719193672278021,#pussy #teen #cam amateur #18yearsold #18yo webcam #ass #young #camgirl https://t.co/LJKQuGVdrx
836709551000932352,Great day of #teaching today. A #message I'd like to share with #young #musicians. #whatiship https://t.co/9AiKc4y69A
836628055691051008,"Bitch I use a walkie talkie just to get a beverage :) #NowPlaying #Trophies by #Young Money, #Drake #headz ‚ô´ https://t.co/LeBWbj63rA"
836726808187895808,#young mature sex videos bilie faires babes porn video https://t.co/7lqzRnHNpP
836659480771330048,#Kim Woodburn #child #sex #abuse claim on Loose Women: 'I was very #young' - Feb 28 @ 2:28 PM ET  https://t.co/mBJPgsx2ld
638351091743256576,üç∫üçª @OldShipW6 #young's pubs http://t.co/hy5PEFZTxT
836596679797276672,#young russian porno evangeline lilly naked pictures https://t.co/59zAKMaVV1
836597408658255872,#young adult fiction book jeramiha birthday sex https://t.co/lLALjhxkmS
836705556211634176,"üå∂ Free Sex Shows Curvy #hidden #french #tattoo #young #footfetish

#LIVE  üíØ https://t.co/EtO2eFv44H üíªüì± https://t.co/gD1lvBy4sv"
836627112157151232,pussy porn tits masturbation #amateur #teen tease hot #suck #young masturbate #webcam #lick cam #boobs #eat sucking‚Ä¶ https://t.co/1Z7FTeygGO
836620589930528769,"#Mature,#Dogging,#CarSex,#HandJob,   #Slut, : Booty Indian Mommy Rides Hard Cock Of Her #Young Boy Greedily https://t.co/YQjzkCp6kN"
836655221275308035,"üíï College Girls Webcam Porno Chat #petite #legs #Czech #young #porno #video 

#LIVE  üíØ https://t.co/tUiFF76ma1 üíªüì± https://t.co/WxeU2tg7Z3"
638361389195767808,"When i was young, seventeen years old, kurus xixixi #seniorhighschool #young #pic https://t.co/eCwBuTkRbD"
638352426093953024,"Partnership Working
#young workforce"
836626511276933120,"#Steelers  #Antonio.Brown
just signed , 4 year, 
$64 Million , Extension.
#young.dolph (voice ) 
Get paid Young Nukka get paid"
836641439354339329,#young #tennis client #crosscourt #training #totalfitness #workout @ Coach Ced Sports and Fitness https://t.co/MAtva6LbEj
836712059484110848,Don't understand girls who have a boyfriend then brag about boys messaging them #young üëÄüòÇüòÇ
836664250978471937,eat lick boobs #pussy sucking #amateur chick #hot #cam #masturbate #porn suck #young masturbation #teen tease tits‚Ä¶ https://t.co/0ePmdfTvgj
836656899512647680,Live @chaturbate ! https://t.co/9wTA1D4qjE #big #young #uncut https://t.co/J1K4woslhs
836656999425191936,SHOCK RISE IN #BOWELCANCER AMONG #YOUNG; #POOR #DIETS BLAMED... https://t.co/TIh1LWoTAu #news #health #diet #healthy #cancer #disease
638355833244545024,pleasealoha: At [link removed] -- No filter needed #hawaii - a perfect #honeymoon spot for the #young and the #you‚Ä¶ http://t.co/M8jYylzLJa
836667202849775617,"If u don't #do_stupid things 
while u are #Young 
U will have #nothing to 
#smile about #when u are #Old..üòÄüòÄüòÄ"
836607458483265536,spam charliegal16 with pics and vids now #kik #kikme #kikkik #cum #vids #pics #horny #rate ask to be rated #dick #pussy #lesbian #bi #young
836596979836805121,shyla #mature #taboo hannah foreplay oral cock #daryl #stepmom #young #big #vs stepdaughter blowjob teen #jameson m‚Ä¶ https://t.co/kOSU1L4zzU
836671700418744320,#young #assride #indian #nude sexy #pussy hostel #assfuck #aunty #blowjob girl https://t.co/wpQoMwVsLh
836718199227957248,#young cam #sex babe #beautiful ass hotgirl #webcamshow #camgirl #stockings cams showass webcam sexy showpussy #big‚Ä¶ https://t.co/KiLirB0hay
836631433095565312,"""I‚Äôve seen how much #young people can achieve when given the right support."" #youthwork #NEETs @Youth_Forum 
https://t.co/zqenqdUKp9"
836627791332446213,'I Bought a Home in My 20s': 4 #Young #Homeowners Share Their #Secrets. https://t.co/2GybbZXAj7
836679344705712129,cowgirl bigass #black #young students #blackcock bigbutt hidden #valentine bigdick amateurs cousin #amateur teen‚Ä¶ https://t.co/iwXcbZY8Lu
836618172396556288,#Colon and #Rectal #Cancers Rising in #Young #People https://t.co/IwZgVaigJd
836597749160243202,internet marketing tool c296 https://t.co/3hFoAH4KWy #italy #young #teachinglife
836692271881945089,"Cumtribute pleease and post it on my wall, I will dm you a nude of me ‚ù§Ô∏è‚ù§Ô∏è #cumtribute #cumtributes #cum #slut‚Ä¶ https://t.co/y5mV0CFAIz"
836655437168574464,Carousel rides &amp; cotton candies!üé†üé°üé™ü¶Ñüç≠To be #Young at #Heart! #Affordable #Fashion #Jewelry at‚Ä¶ https://t.co/092Xcjv9tQ
638353952623325184,@Saints #young #football player dies from #inhalant usage please help @CONCEALEDSERIES #spread #awareness on #dangers http://t.co/8lqPt1WXJ1
836642562748252160,Win a #Kindle Fire and ANY #Young Adult Book You Want in this #Giveaway #amreading https://t.co/TiPTaH0FYG via @InkMuse
836608083937779713,Chubby blonde teen tits first time Bring Your friends daughter to Work Day: #young Chubby blonde teen tits first‚Ä¶ https://t.co/Th2NYxky0H
836662547159867392,The process. #beardlife #nomore #young #clean #crazyeyes #process‚Ä¶ https://t.co/WdVt3dcN2S
836718624551362560,#young and old lesbian sex videos karolina porn https://t.co/2LQgF2TDN3
836597767313195008,"Kegging our batch n¬∞10 of #FiredUpDonkey üî•üê¥üî• 
We reached the #doubledigit üôåüòé #brewheadz #young #brewery #tottenham‚Ä¶ https://t.co/ZqIJwcgolv"
836716713836220416,"#soldiers of the #apostolate 

#respect #cyon #grace #commitment #youths #young #vision #pinnacle https://t.co/w18rwgproB"
836721430746316801,Back from #vacay and ready to #play play! @TinaHughesxo_xo #cumfindme https://t.co/3gZnTZaptc #hot #young https://t.co/Hm7wic1zbB
836708796038807552,#18yo #pussy #webcam #amateur 18yearsold #young #camgirl teen #cam #ass https://t.co/0DPiCol03g
836662506991017984,has recent sales on https://t.co/sDAdwgKHzF https://t.co/jSxwOsULIv #young  #brunette  #woman
836657806497431553,"The #Young #BuckIn the #Cheeky #Bastard‚Äôs #Catatoniahttps://t.co/OR2pKbx56Y"
638363481176084481,More: [link removed] #lesbian #porn #hot #babe #milf #young #teen #nsfw #sex #sexy http://t.co/JhmzXWWM0e
836721022372036609,"Stay #young, stay #hungry, stay #foolish, stay #curious &amp; above all, stay #humble. Just when you‚Ä¶ https://t.co/fyZJIm67iD"
836608144029593600,Chubby blonde teen tits first time Bring Your friends daughter to Work Day: #young Chubby blonde teen tits first‚Ä¶ https://t.co/lcoWgxxBzT
836664038083948544,"Watch katya_sofya18 on Chaturbate right now! Click here: https://t.co/tWFAbljKLB

#teen #ass #pu #deepthroat #young #dildo #curvy #lovense"
836662530655272960,"has recent uploads on https://t.co/sDAdwgKHzF https://t.co/m9v8b42ZEf #Young,"
858720600612900864,We've reached the half way point but we still need your support to empower #young voices &amp; make change in #Croydon‚Ä¶ https://t.co/bBV5eYWxIk
858693536711147520,#welkom #young #amateur flashing #nipples #hookups liveoncam #instahappy #latino gagging https://t.co/pMOVVqR0mM
858672400883474432,#mufc not sure I agree with #Darmian &amp; #Young statement. https://t.co/JwLi3tSHZH
836597770660249600,#young fucking movies hairless pussy girls https://t.co/63apcDkaaZ
858827310547558401,dee blowjob #young full porn https://t.co/ICnny4ygW6
858773997449867265,Sometimes the smallest things take up the most room in your heart ‚ù§  My #young #gentleman üòòüåº https://t.co/dxuosTb39c
836516005815922688,Our young #Gambia-n parliamentarians.. let‚Äôs support them in this endeavour #GambiaHasDecided for a #YOUNG and #NEW‚Ä¶ https://t.co/bnbW0rTkKr
836578253691314176,10 Great Cities For #Young #Entrepreneurs In #2017 - pg.1 https://t.co/szgrcpw0Sz https://t.co/NbOz31EiQk
836516486470594561,#NoMBe #Young Hearts new entries/playlist on #chillone CHILL ONE radio: https://t.co/Tz4ySGjtO9
858687093983371265,#bari #redhead #young mfcmodel #omg #alluring pussyfuck #yes #housewife small https://t.co/ki8BYcvH81
858756818532790272,porn malay girls #young adults diabetes https://t.co/s2S3grB2cs
836557085777281024,#young thailand porn sexy guy-on-girl sex https://t.co/0ZeD0HRhYx
858773920568225792,Sisters are the best of friends üë≠üëåüíò #kids #kid #instakids #child #children #young #sweet #pretty‚Ä¶ https://t.co/avJtu8ibaW
858672554348826624,"Banko got his parts for ""Kicking"" shot its lit this video is go be crazy #1992fromthego
#young"
858713419909931010,Old rare photoshoot pics of¬†#JeremyIrvine (2011)¬†#handsome¬†#hot¬†#young #suitup https://t.co/ibJ8dct5Ur
836577767395364865,"Excited on way to 1st official @SCPLondon meeting, 38 y &lt;avg age. Find out more about #young #trustee üëä‚Ä¶ https://t.co/pC4u0ySCvc"
836557212281679874,#young sexy gallery hairy moroccan chicks https://t.co/dFJqi5UYhM
858719861597450240,#etterbeek #instalike #fantasy sext #virtual #indian creampie #oralsex #young top https://t.co/lkpxCx2FMn
836561092042174466,"#NowPlaying: ""Measure Of A Man"" von #Young Rebel Set (#Sendung: MAGIC.FM Lunchbeats) auf #magicfm #lautfm - https://t.co/zIyfb1k6MR"
836526888533254144,#showpussy sexy webcam #cam #young cams hotgirl webcamshow pussy #beautiful #sex showass #teen #babe #camgirl close‚Ä¶ https://t.co/zRVPf86a9q
836557953524203520,#babe #sex cam sexy #ass camgirl closeup webcamshow #showpussy beautiful cams #pussy #young showass webcam teen‚Ä¶ https://t.co/SOPb4UW3gx
858696763389202434,#amateurs #toes #young fetish feet teen amateur #casting #babe #footfetish #foot brunette #sexy https://t.co/1mNryBP10e
836531419883192321,"Hey! beautiful_cleopatra is currently online: https://t.co/mJzcBNGFT0

#teen #ohmibod #lovense #young #fuck #tits‚Ä¶ https://t.co/Umta4KKUrd"
858802418368344066,"FREE Live show in https://t.co/qdIcwMzsLl ‚ù£Ô∏è By üòç #speedracerbabe8 üòç
#new #young #18 Promote:‚Ä¶ https://t.co/BsHsVqYzaS"
858673989006364673,"#football #livescore
GOL! ‚è±Ô∏è 85‚Äô
#St. Gallen 0-1 ‚öΩÔ∏è #Young Boys"
858695024883752962,#cumshots #teen #deutsch #young blasen #bukkake cum hardcore blowjob #facial german #gangbang #anal https://t.co/cX9gL2LIWM
836561956433768449,Chex out my #Young üêÉüêÉüêÉüòàüòàüòàüî•üî•üî• #Oms #chicago #youtube #Gwala #new #music #TOOD #T8keOvaOrDie #2017 #WestSide  https://t.co/MgBCmwIhVS
836565389370806272,"Don't miss katrin_kyti_hot on Chaturbate right now! Click here: https://t.co/uUfylRbKnZ

#cute #young #cum #boobs‚Ä¶ https://t.co/aMdRmsFSdm"
836519313238441984,Join 16 #Young Leaders invited to #Belgium all expenses by @Europeaid for #EDD17. Apply now:‚Ä¶ https://t.co/RkUleTaq75
836517195542843393,"Chilling with my guy O B O #young money, feeling happy https://t.co/qcfBGKT7Ji"
858712476296376321,#kuopio #putigolfas #sexyselfie chubby #myboobs #young twerk #relationship #rubbing sea https://t.co/VWIMsZtSqu
836526376631033856,#young men and older women sex dick in pussy xxx https://t.co/YonI3G6onq
836566999794864129,#lickingballs exgirlfriend #exboyfriend bubblebutt #teen teenager analsex #young amateur #handjob skinny #webcam br‚Ä¶ https://t.co/4d8IPDtrmW
836538846326185984,Original illustration - The First Kiss https://t.co/MVAB8aQhNh #art #fantasy #Young https://t.co/XN5LZ302VX
858682898689470467,#grahamstown #ass #relax tites #uniform #young pantyhose #putiesposa #worship chinese https://t.co/MVenNBHpXN
858667276702289921,Everything in my power not to put my fist through this fuckin television. Why #young doesn't even jump is beyond me
836562628537434113,Win a #Kindle Fire and ANY #Young Adult Book You Want in this #Giveaway #amreading https://t.co/tM0jOSpkVu via @InkMuse
858825934195097600,I would like to say I'm extremely #proud of all the #young #filmmakers for the‚Ä¶ https://t.co/BxXJ924UAg
858690348960362496,#babe #young #footfetish #casting feet #toes #amateurs fetish teen #foot brunette #sexy amateur https://t.co/PnNGi4Dfph
836526525688201217,Horny young girls with strapon on couch https://t.co/22Hlfc3Ujm #young #horny #this
858695796920913920,#shaved ohmibod #camgirl homemade #masturbating #webcam cam teen #college amateur masturbate #young squirt orgasm‚Ä¶ https://t.co/0Z7E8MqqfT
858668769085992960,"#football #livescore
RED CARD 64‚Äô
#St. Gallen üî¥ 0-0 #Young Boys"
836594990411362304,"#Mature,#Dogging,#CarSex,#HandJob,   #Slut, : #Young Unskilled Stud Ass Fucks His Sexy Brunette Chick In Mish... https://t.co/SlKCvQRiJN"
858776614146113536,Who will be coming down to support us? #teamignite #young #enterprise #smallbusiness
836593829344133120,#young russian porn videos improve your sex https://t.co/TBO9G1ZItF
836561632365010944,"üåÇüí¶When I was #young , I used to #watch two #drops of #rain #roll down a window and #pretend it‚Ä¶ https://t.co/OZXNyDuhxk"
836559499884396544,"https://t.co/vPoBdn4UJc#guardian #opinion #marmalade #young The future‚Äôs less bright, less orange, due to marmalade-shunning young people"
858674555543588864,"Today #Grasshopper takes on #Young Boys in the #Super League, Zulubet #Tips:X2. Game start at 16:45(GMT). Details https://t.co/mtkwwbRB96"
858727887624687617,"-&gt; https://t.co/J8bwgjwdUH &lt;- 
#teenie #teens #young #freeporn Pissing on Her Face https://t.co/qOyd0VoxGF"
858727956071542785,#saarbrucken #putipobres #young interracial #solo #kik tattoo #vietnamese #martesdetestas straight https://t.co/lva4z7KVJj
858695439926927360,#YPFP Vision: to be the premier #global #organization that turns ambitious #young professionals into  impactful‚Ä¶ https://t.co/P6W5ITLtmC
858825439795720192,Tonight we are young #young #butterfly #kid #felizdiadelni√±o @ Nuevo‚Ä¶ https://t.co/WHsao5hpaK
836594088921161728,YOUNG GIFTED &amp; BLACK #blackhistory #middleschool #goldenbear #sylvan #apsupdate #aps #young‚Ä¶ https://t.co/h4m44R8Bye
858711812510015491,Shafic still #young Lilfiq https://t.co/qLo51mbldL
836561132051640320,send a video to talk #kik kik:charliegal16 #kikme #horny #lesbian #young #teen #cum #cumtribute #taboo #wild #dirty #video #vid #mustbevid
836562293085388801,"#UK #Young #Drivers Check Out Our Amazing Offer:
#ToyotaAygo #CarHire! Debit Card + No Extra Fees + Low Deposit‚Ä¶ https://t.co/WYzSgQLfkQ"
858727931186753536,#natural #threesome #ass #tits gettinghard dirty grey #trios dp rough penetration #fuckass sasha pussy #young‚Ä¶ https://t.co/BZvuNNrkZ0
836559698602127360,#young women engaging in sex fuck amateur videos https://t.co/8VfGURq29K
836516628896567296,"-&gt; https://t.co/J8bwgjwdUH &lt;- 
#teenie #teens #young #freeporn Hardcore in High Heels https://t.co/V8RD2uW7IN"
836574210927562753,"Check out our new YouTube channel, featuring vids from our amazing #young #ambassadors! #itsoknottobeok https://t.co/TWOroIIM3X"
836530569685127168,#young women having sex with old men fat dripping pussy https://t.co/Fm2k1YwCc7
858692430358564864,#booties #young dress #naturalboobs #webcamshow halle #usa #amateure analgape https://t.co/pb4Cp3UtCy
858673990310785025,"#football #livescore
GOAL! ‚è±Ô∏è 85‚Äô
#St. Gallen 0-1 ‚öΩÔ∏è #Young Boys"
858727433104756736,#girlfriend #boyfriend #young #teens #fuck #homemade #nudes fucking #spycam https://t.co/csp9cglNzF
858727707609190401,Check out a little bit about my upcoming #mg #Stem #book for #young #readers #parents should enjoy this #fun‚Ä¶ https://t.co/BnJSOUxDpt
858703154023739392,#young #pussies uncircumcised #nanj analtube #clips4sale madison https://t.co/V35IxYqVJC
858828453390536705,#masturbationg shaved masturbate college #young cam squirt teen #ohmibod #orgasm homemade #amateur masturbating‚Ä¶ https://t.co/Oqi0dAWKhC
858702194102743040,"Never forget Kang Kino did this........
#pentagon #pentagonmaker #young #kino #kanghyunggu https://t.co/y2OgvKVjhw"
858693598736302080,Unlocked #star #Orlando Bloom fears #Isis attacks on theme #park trips with #young #son - Apr 30 @ 10:44 AM ET  https://t.co/TgqaH7BfHB
858779238404632577,"Inspite of his disability,this #young man from #Gaza defies his #disability through making #funny movement in Gaza‚Ä¶ https://t.co/wdmACUPGS1"
836526393760628736,#young black pornstars www english xxx com https://t.co/tzcJvneBI2
858683001798086657,"""Life without #health is like a #hell !"" Wishing you a #happy #sundayfunday #healthy #young #confidence... https://t.co/Se7Z0PeHOz"
858832121254772737,hardcore #cumshots #facial cum #gangbang german #young blowjob #bukkake #teen blasen #deutsch #anal https://t.co/T1flTqGFMD
836566474198298625,"#Mature,#Dogging,#CarSex,#HandJob,   #Slut, : #Young Thirsting Couple Has Dirty 3 Some With Brutal Bisexual Dude https://t.co/OERmed8BWz"
836516490098667521,#Sleep üò¥ how does it impact #young people? Join the @JamiPeople Think Tank on 7 March. E: headroom@jamiuk.org for more info üí§
858716497392406528,#harrismith #passion #love beautiful #canadian #puticalzon punishment #young #dorm german https://t.co/Txqdb4Di34
836578730831065088,#swinging couples #couples #swinging parties #swingers #swinging #swapping #auckland swinging #masters games #young‚Ä¶ https://t.co/SYGGn6q24e
858809768714129410,#vaginalsex #masterbate swingers #young #woman vibrator #blondes teenfucking https://t.co/je5TN8TyJ3
858801862727921664,Looking like goals #relationship #goals #couple #coach #coachkaur #support #young #forever https://t.co/zkCzpZ7GyO
858792452739801088,If you are #young register to vote and help make a positive change #scraptuitionfees #endhomelessness #livingwage  https://t.co/IQ7FiqgsYm
858672449692368896,"Butt I Love You! üòä
#Asian #Pinoy #Philippines #Manila #Ph #Filipino #South #Teen #Young #Fresh‚Ä¶ https://t.co/ZCPgAZhzjD"
858671176725430272,Check out director‚Äôs details for Michael Young. https://t.co/XEnYbOXqqj  #BUCK  #CONSULTANTS  #HEALTHCARE  #MICHAEL  #YOUNG
858809944283299840,"There #young #girl making wa  wa  waaaa #Indian noise, and boys #spiting and #screaming fuck you in the field behind my house
 #A+parenting"
858757432381550592,Any horny girls/boys want to sext I want to do a periscope show later and stroke my cock üòè #horny #naughty #cum #sexy #young
858715992616206337,#Pissing Girls #Lesbian #Teen Sex https://t.co/643FbTxuJh #teenpiss #teenager #young
858776184062185474,Old mature with #young guy #Old John firm plow youthful Anastaisa https://t.co/jFHsFiY5iZ
858720230696263680,#amateur #homemade #porn fuck #webcam #teen #hardcore #young #cam https://t.co/6exuFDMJCK
858823500169084929,german blowjob #deutsch hardcore #teen #gangbang #anal blasen #bukkake #facial #cumshots cum #young https://t.co/az2H2GZsFZ
858801112773734402,#bd #analfeet bealight #kings wobble #young #footjob upskirt https://t.co/IWWFSnxXb6
858829936915877888,Lean &amp; Molly #Young Buck
858792484465508352,#me #young #youngthug üò≥üòäüòú my #hallandoates look üòú https://t.co/iZzO6001ju
836561490337464321,#eat teen #young chick #cam #otocams porn hot masturbate ass #webcam #anal masturbation tits #pussy boobs lick teas‚Ä¶ https://t.co/5M8ZqWsIi2
836516290735005698,#Young #old #hentai and super old man and old mature with young guy and old: The post Young‚Ä¶ https://t.co/5m8LRvaNmk
858785618712817665,#homemade #porn #amateur fuck #teen #webcam #hardcore #cam #young https://t.co/kUorrgVOeO
836577508359200769,TBT 2003 beyonce @beyoncetribe #beyonc√© #behive #memories #young #boy https://t.co/HY0NDUNiQ8
858682751058366464,Sexy Slow Motion ‚Ü∫RT‚ù§Ô∏èÔ∏è https://t.co/g137OwQhya #sexy #young #funny #slow #motion #fail #girls #pretty #hot #school
858667377533341696,"If you listen to this track you may be #Young forever!
https://t.co/g1DUyrjTIA #FrankWalker #AndrewJackson #EDM‚Ä¶ https://t.co/fuVWkwFhIB"
858826579132207105,#fortbeaufort #young #culos shaved #believe #assfuck moaning #jamaican #swallowcum wank https://t.co/rpch1u0hCH
836561729010159616,webcam camgirl #young cam #stockings closeup pornstar sexy #lewd #ass #webcamshow pussy cams #porn sex #breast‚Ä¶ https://t.co/oepQZGvR2d
836561506359717890,#young adult bible asians having sex by pool pictures https://t.co/y13qDWCmw4
