788097135615049729,#Judaic scholar #JacobNeusner dies at 84 - more on JBS #News tonight at 6:24 ET Watch at 3:13 mark: https://t.co/HCLRzHEEW9 @BardCollege
776097390633725954,"First week into school, you can get a good look at our new #learningstudios for 1-2 #Judaic studies! https://t.co/EnXJvyzPZM"
740818633618825217,Are #Orthodox #Judaic Scholars against the State of Israel? If anyone can answer back I'd #AppreciateYa !!!
648606991875706880,LIVE on #Periscope: #scopewithcl  Designs shipping today #Judaic theme #winestoppers #customgifts  https://t.co/e6l3pjsmi4
649369457282949120,"Hidden during #WWII, these #Judaic objects were given to Nowalsky for rebuilding the 1st synagogue in postwar Berlin http://t.co/67QIVicF2R"
743865551282274304,#Judaic Art - #Rabbi Praying at Western Wall - Original Painting https://t.co/WFr6Jxu38g via @Etsy
776796759326613509,Why Pay More?Original #Art? #Judaic #BBW #Landscapes Seascapes #Tuscany #Watercolors https://t.co/ddHCFiPH2u ‚Ä¶ https://t.co/y4AFynJMFI
656902190624342016,"@vocativ @censorednewsnow ...he never had a mind to lose! This ""pig"" defiles everything #Jewish &amp; #Judaic, hence, he's inhumane! @jvplive"
784483662997909504,#Judaic Jewish #Art- #Jerusalem Stunning Architecture #Urban #Landscape https://t.co/nv3BAZtHyU via @Etsy
775891754574897152,Original #Art including #Judaic Seascapes #Landscapes #BBW #CaribbeanArt #Streetscapes https://t.co/GxEBmD8Xtr https://t.co/lK4Tlkv0W3
648608832302784512,|REPLAY| #scopewithcl  Designs shipping today #Judaic theme #winestoppers... #katch #Periscope http://t.co/XQrXMUiapI http://t.co/LUeX9Vsvbu
781496188172431361,#JUDAIC Jewish #Art - Talmudic Scholars -ORIGINAL #PAINTING not a print- a unique #gift https://t.co/6AUCGZ1h4Z via @Etsy
786595801669611520,The #Judaic Tradition of Ethical Wills #judaism #jewish #EOL https://t.co/sJW0wZ0p6X https://t.co/EImZiuBSdF
657128103207014400,If we don't want to allow the #Judaic #Jews to build their lives in #TomsRiver #Jackson #NJ then they must be allowed to do so in #Judea.
811270796798636032,"@jonathanglennie Without God there is no #Christian #Islamic #Judaic or any Holy Book story.
Evidence of #politics but no evidence of #God."
663682220536664064,Check https://t.co/AXzvLYVrDI Be #positive or be silent #Judaic
669468165693415425,We need #Judaic Studies in #Europe now more than ever @PaideiaUSA #BarbaraSpectre #terrorism
649586503664971776,#Judaic #artist and #educator has taught nearly 400 b‚Äônai mitzvah students to weave their own #tallits. http://t.co/hfbCXqqhgJ
802529776309272577,"$88 - #Judaic #Jewish #Art -  ""Bless This Day"" - Original # Goodluck #Mazeltov #Painting https://t.co/UwNz8Ut6gn via @Etsy"
807374119880769536,"""Americas a christian country"" nah b, issa #Judaic #Kabbalistic #Corporation #Chabad #Mafia‚Ä¶ https://t.co/3CT8PxmsJc"
786386577744392192,@NFLWooGuy As a #hebraic (but not #zionist or obviously #judaic) #atheist I am triggered at this #racist's juxtaposition of atheist &amp; #jew.
657124523997720577,If we don't want to allow the #Judaic to build their lives in #TomsRiver #Jackson #NJ then they must be allowed to do so in #Judea. #Reason
794571242254856192,"#Judaic #Jewish #Art - ""Bless This Day"" - Original #Painting- Picture Frame Included https://t.co/UwNz8Ut6gn via @Etsy"
791159219995209728,"We are all racist, Alyssa. Proudly so, too. Good to see you acknowledge your #judaic ethnicity is indeed racial. Oh‚Ä¶ https://t.co/aOz2FlwUwH"
676783325202268160,"#Judaic #Art  - ""Bokar Tov -Good Morning at the #WesternWall in #Jerusalem "" #Original #painting via @Etsy https://t.co/9TKUh1VcF7 via @Etsy"
744889927381426177,Original #ART - Affordable #LANDSCAPES Seascapes #Caribbean #Judaic #BBW #Italy #France #UK https://t.co/xO8Mkb016H https://t.co/0hpWpWtnw4
791700020131004416,"#Judaic Studies Lectureship welcomes its first guest of the 2016-17 season, Dr. David Hollenberg, on Nov. 3.‚Ä¶ https://t.co/6GCFPT0OqU"
804526822767480832,"CyberSale Bonnie SROLOVITZ MENORAH ACRYLIC by vintagesouthwest https://t.co/kS1HPfhfCD via @Etsy
#Menorah #BonnieSrolovitz #Judaic #Hanukkah"
746209845984952320,#Judaic Jewish #Art -Holy City of #Jerusalem &gt;&gt;100% Original #Architectural #Landscape https://t.co/nv3BAZLiqs via @Etsy
793862916051263488,"(Hanukkah Kids Sweatshirt ""Hug Sameach"") #Chanukah, #Children, #Hanukkah, #Jewish, #Judaic‚Ä¶ https://t.co/I3pNpdigfs https://t.co/LyAl46AIp5"
656111945272004608,#israel keeping bodies &amp; demolishing their homes. Someone remind me HOW this is a democratic people/society. It's not #judaic either. #JSIL
674301112426434560,Tree of Life Pendant Spiritual Pendant #Judaic by creationsbylr https://t.co/Y66ptsR2ce via @Etsy @lindarubin1
809415204085923840,"#JUDAIC #Jewish #Art - ""Talmudic Scholars"" - ORIGINAL #PAINTING in picture frame https://t.co/6AUCGZ1h4Z via @Etsy"
806155201438744576,#Judaic Jewish #Art-Holy City of #Jerusalem Stunning #Architecture Original #Urban #Landscape https://t.co/nv3BAZtHyU via @Etsy
776456475606654976,Original #Art including #Landscapes Seascapes #Watercolors  #Caribbean #BBW #Judaic https://t.co/ddHCFiPH2u https://t.co/7Uei0hlKpD
786589520338702336,#CaribbeanArt #Judaic Seascapes #Landscapes Pastels #BBW #France #UK #USA #Tuscany #Greek #Village Scenes‚Ä¶ https://t.co/gxRLzpaShz
663040501298438145,No further proof need to demonstrate #Zionism has destroyed #Israel's #Judaic principles.  https://t.co/NU2DASubcp
809656914418290688,#CaribbeanArt Seascapes #BBW Watercolors #Village scenes in #France #UK #Tuscany #Venice #GreekIslands #USA #Judaic‚Ä¶ https://t.co/OXDWA6YMp5
648687710455115776,#Wahhabi &amp; #Zionist mentality not that different. Insular &amp; limited. Not reflective of #Islamic or #Judaic thought. https://t.co/p0rcEV3YWU
791289502828339200,"Vintage Dayagi Judaic Candle Holder Pair by vintagesouthwest https://t.co/aFd9D2GFXN via @Etsy
#Dayagi #Judaic #CandleHolder #Pair"
672250391174623233,"#ChildSex, an epidemic of #Catholic #pedophilia, is a #Judaic tradition, justified in the #Talmud"
664125266382315521,There is no moral equivalent between #Islamist #PA society and civilised #Israeli society - rooted in superior morals of #Judaic principles.
812775922545868801,"#Judaic Jewish #Art - ""Contemplation"" - $88 - Original Oil Pastel #Painting - Picture Frame Included https://t.co/1nDxmXXdDg via @Etsy"
669176401283584000,Looking for a more efficient way to research #Judaic Studies @upennlib? Check out this guide! #FindItAtPenn https://t.co/Tuxj80YIE7
659992371803779072,If we don't want to allow the #Judaic to build their lives in #TomsRiver #Jackson #NJ then they must be allowed to do so in #Judea. #Reason
668450608383451136,"If u confuse #Islamic #Judaic #Christian etc. w #terrorism ur either stupid or lack education. That means 99,9% of mainstream #media."
795499724874911744,Insightful interview with eminent #Indo-#Judaic Studies Scholar and #Intefaith #Relations Activist Dr‚Ä¶ https://t.co/3Qrf6ZGjbY
808047019956781057,#CaribbeanArt #BBW Watercolors Pastels #Judaic Streetscapes  #Village scenes #Tuscany Greece #France #UK #USA‚Ä¶ https://t.co/wpezSwtMAo
656814392806277120,Dr Aafreedi's #lecture on #India and the #Jews on #Sun 1 Nov @ #Bondi #Sydney (#IndianJews #Jewish #Judaic #Asia) https://t.co/KuzUyLKRtt
674038075765469185,@jeremyjacobite If we're going to buck this #Judaic Yoke the last thing we need is The Right copping some Trotskyite materialist moral trip.
666293839871778816,Complexities of #torah #abstractpainting #judaic https://t.co/fyDF9gYmcb
741363659230871553,"Clay's #funeral ought 2've been days after pfft, not a wk later, per copied #Judaic law,aped by muslims. Also,the ceremony reeked of racism."
806657747882110976,My Hanukkah Bush &amp; little helper üòÄ#judaic #hannukah #jewishart #mezuzah #jewishgift #batmitzvah‚Ä¶ https://t.co/v5Fs47wGLa
805068596133171200,"$88 - #Judaic #Jewish #Art - ""Bless This Day"" - Original #Painting not a Print -Picture Frame Included https://t.co/UwNz8Ut6gn via @Etsy"
658660016988270592,"All major #religions require the giving of alms. 

What is the #Judaic law? Read here: https://t.co/Tp486lZKEW"
803602330524483584,"#Judaic Jewish #Art - ""Bless This Day"" - Original #Painting ready to hang and display in picture frame https://t.co/UwNz8Ut6gn via @Etsy"
667360257996414977,#Judaic Rupert Murdoch &amp; his fellow tribal columnists Aaronovitch &amp; co want you to ostracise George Galloway. It's b/c Israel wants war!
650709770912067584,Encourage creativity in #Judaic studies with JI Studio App from @JewishInteract  https://t.co/IPSzjEdEeW #JewishEd #Jed21 #EdTech
664625824360976386,Exclusives #PFALTZGRAFF #Hanukkah #Platter and #Lenox #Judaic Blessings #menorah buy at: https://t.co/v6ZDjtud56 https://t.co/EtyDDUOX7Z
781860166249517056,#Judaic #Jewish #Art - Cantor in Synagogue during Yom Kippur - Original #Painting https://t.co/bJZHllYmzF via @Etsy
655486523702312960,#Tagore's association with #Jews (#Jewish #Judaic #Bengali #Bengal #Literature #SouthAsia) http://t.co/0ip9Ctmdx8 http://t.co/ZoULJvmGem
778600681238331392,#Landscapes Seascapes #BBW Pastels #watercolors original #CaribbeanArt #Judaic #Italy #Villages streetscapes‚Ä¶ https://t.co/lkfmBOLbNm
654185322612305920,"#Settlements. There is a #PriceTag. #Judea belongs to the #Judaic, yes, but what of #Foreigners? Look the word up in the #StrongsConcordance"
672155999067725824,#JUDAIC PENDANT NECKLACE  #StarofDavid on Stained by creationsbylr https://t.co/rtWyp8Op4Y via @Etsy @lindarubin1
802722847881838593,"#JUDAIC Jewish #Art - ""Talmudic Scholars"" -ORIGINAL #PAINTING ready to hang and Display in Picture Frame https://t.co/6AUCGZ1h4Z via @Etsy"
781477894090620928,#Judaic #Art - #Rabbi Praying at #WesternWall - Original #Painting ready to hang in picture frame https://t.co/WFr6JxLEwQ via @Etsy
812769348934832128,"#Judaic #Art  - ""Bokar Tov - Good Morning at the Western Wall"" Original #Painting $88 plus S &amp; H https://t.co/9TKUh1VcF7 via @Etsy"
782134214892269568,The #Catholic and #Judaic faiths have both tolerated and supported gambling in the past. #GamblingTwitter
813606837052317696,Jewish by Jewish MOTHER.#Research I said #HAPLOTYPE #Research #Jewish &amp; #Judaic not the same. #Research #Study‚Ä¶ https://t.co/879fpqeWDd
657274799593562112,I just added a new piece of #art to @SaatchiArt! https://t.co/AFHByYA9BI #newwork #originalart #judaic #painting #buyartonline #artforsale
649586503656558592,#Judaic #artist and #educator has taught nearly 400 b‚Äônai mitzvah students to weave their own #tallits. http://t.co/QyFDCfk0ou
661941062848651264,Blend your #Judaic studies classroom w/ this week's featured #BlendedLearning resource - Practical Halacha https://t.co/HNaY9zzmFK #JewishEd
787171449962389504,"#Judaic theology = dead. Eschatology based on genetics, master race. Almost no genetically ""#Jewish"" exist; ashkenazis are white converts"
666712307167268865,Green spaces still conform to original principles drawn from elsewhere in the world. #Roman #Egyptian #Islamic #Judaic #Versailles
782820334298861568,"#JUDAIC Jewish #Art - ""Talmudic Scholars"" -ORIGINAL #PAINTING in Picture Frame https://t.co/6AUCGZ1h4Z via @Etsy"
648605033945264128,Join me on #Periscope in 10 Minutes and see what is shipping today!   #judaic Theme #winestopper http://t.co/XM5t5DE9Nj
777516907670990848,"#Judaic #Jewish #Art  - ""Farmgirls of the #Village"" Original #Painting ready to hang in picture frame https://t.co/8pOJEPG4fG via @Etsy"
778970808161013760,#JUDAIC Jewish #Art - Talmudic Scholars -ORIGINAL PAINTING https://t.co/6AUCGZ1h4Z via @Etsy
784767479100866560,"#JUDAIC Jewish #Art - ""Talmudic Scholars"" -ORIGINAL #PAINTING https://t.co/6AUCGZ1h4Z via @Etsy"
783863673202671616,#CaribbeanArt Seascapes #Landscapes #BBW #Judaic Pastels #Cityscapes #UK #France #Greece #USA #Tuscany‚Ä¶ https://t.co/4984uubhs9
802897658037858304,"#Judaic #Jewish #Art - ""Bless This Day"" - Original #Painting in Picture Frame - Ideal #Holiday #Gift $88 https://t.co/UwNz8Ut6gn via @Etsy"
812374008679239680,new calendar coming next week pm me for details on how 2 get!! I'm so excited #judaic #hannukah #jewishart‚Ä¶ https://t.co/qvsnCFGI9Q
745612952816992256,Original #Art Direct from #Etsy Gallery #Watercolors #Landscapes #Caribbean #Judaic #BBW  https://t.co/3Qzuus7ekZ https://t.co/tK4UjC7HUh
659440518724583424,Where the #judaic or #black twitter baddies at lmao
774964691688841216,Original #Watercolors Pastels #Landscapes Seascapes #CaribbeanArt #Judaic #BBW streetscapes https://t.co/ddHCFj7hU2 https://t.co/dezZTxJNNg
654027102426165248,Teach #Judaic studies &amp; prayer w/ these online recordings from Virtual Cantor http://t.co/B1HPmtl1Nv #Jedlab #Jed21 http://t.co/KJH41BfwQs
805069996909088768,#CaribbeanArt Seascapes #Landscapes Watercolors #Judaic #BBW #Divas #Village Scenes #UK #France #Greece #Italy #USA‚Ä¶ https://t.co/jDistgRh2P
784744246855303172,"#Judaic #Art  - ""Bokar Tov - Good Morning at the #WesternWall"" Original #Painting- Picture Frame Included https://t.co/9TKUh1VcF7 via @Etsy"
814858987560640512,"#Judaic Jewish Art - ""Bless This Day"" - Original Painting $88  https://t.co/UwNz8Ut6gn via @Etsy"
778963483618574338,Original #CaribbeanArt #Landscapes Pastels #Judaic Streetscapes #BBW #Watercolors #Village scenes -Visit &gt;&gt;&gt;&gt;‚Ä¶ https://t.co/AgSOLIJI5s
664056334170615808,#Judaic Blessings Metal #Menorah by #Lenox &gt; https://t.co/0qjUEw6H7O. A truly elegant expression of faith.
663767145139019776,Lenox #Judaic Blessings‚Ñ¢ Metal #Menorah | #AvonOnlineExclusive! https://t.co/drbDtCVlGE. Bring shine to your #Hanukkah celebration.
673904921952051200,ARTIST REDISCOVERED. SAMUEL ROTHBORT 1882-1971. VIEW COLLECTION AT https://t.co/9JHqCa4bNP #judaic #judaica https://t.co/rYwXAVxlUO
787041299279048704,"""Introduction"" - straightforward approaches to scholarly: https://t.co/8k4bvfT8OE #Jewish #Jews #Judaic #Shoah‚Ä¶ https://t.co/CE1lgIRMqu"
740173088797511680,Original #ART #Watercolors #Landscapes #Caribbean #Judaic #BBW #UK #Tuscany #USA #France https://t.co/3QzuurPCWp https://t.co/Gv44CsEhgq
776282217966297088,#Judaic #Jewish Art-Holy City of Jerusalem Stunning #Architecture #Urban #Landscape https://t.co/nv3BAZLiqs via @Etsy
793184903382773761,GERMAN guesthouse turns away#Israelis: 'Our apts.NT4thm'! are they for jihadi instead?#Jews #Jewish #Judaic https://t.co/zvkZ4v8yhD
671744659379642368,#Benaroya‚Äôs #Judaic still life paintings are filled with Tradition and Holy symbolism #InternationalArtAcquisitions https://t.co/vIBqCGAB5N
784222102589177856,"#JUDAIC #Jewish #Art - ""Talmudic Scholars"" -ORIGINAL #PAINTING ready to hang in picture frame https://t.co/6AUCGZ1h4Z via @Etsy"
810451821776998401,"Having just visited the stunning  @BelzMuseum (#Asian &amp; #Judaic art) Main St #Memphis, I'm doing the math here‚Ä¶ https://t.co/SqPthLGrdr"
626889565333233664,How to use #BlendedLearning for #Judaic studies http://t.co/mqfndVJ8ly  #Jewish #Jed21 #Jedlab #EdTech http://t.co/uqfcRmpGKB
836940910860578816,#Judaic Jewish #Art-Holy City of #Jerusalem Stunning #Architecture #Urban #Landscape https://t.co/nv3BAZtHyU via @Etsy
709734696020787200,#Judaic ornament a #Rabbi reading a book a fantastic piece by #Nao standing 12 inches high https://t.co/jSp9HGp66M https://t.co/drVi9zh5JT
859066171508830210,"""Its correct description would be 'the Levitical law; or 'the #Judaic law'."
638382056419000320,Blend your #Judaic studies class w/summaries of every #parsha from @TorahSummary http://t.co/SKJYiedVXw #Torah #Jewish #JewishEd #Jed21
632568429581611009,"#Judaica #Jewish #Art ""Talmudic Scholars"" unique 100% #original #painting in frame by noted #Judaic #artist https://t.co/sT6IkZM3bt"
727703904142532613,Always be #happy #Judaic https://t.co/XyKarBMx5Z
695795472028561409,"SHEMA PRAYER PRINTED ON FABRIC, WALLPAPER, GIFTWRAP MANY COLORS https://t.co/PpxirU46s4 #LUBAVITCH #JEWISHGIFTS #JUDAICA #JUDAIC #JEWISH"
744885013921968128,"#Judaic #Jewish #Art - ""Bless This Day"" - Original #Painting https://t.co/UwNz8UbuRN via @Etsy"
733635049946390528,"Spare the Rod,
https://t.co/RpEVsymfzW
Spoil the Goy!

'Western #Law' is #Judaic Rule

#BustTheLawSociety #FreeDumb https://t.co/MHTeyAJfgl"
710848933174616064,This expandable hoope bracelet is available @JewishGiftPlace https://t.co/fuzRa6zWoG #Judaic #gifts https://t.co/YDqlKVv22e
701383301014097922,"The origin of the Lord's Supper found in Genesis

#yeshua #messianic #israel #jewish #judaic #batmitzvah #torah... https://t.co/Xfy5eDahXX"
713323151216742401,"A test of Police leadership &amp; #Faith, to apply #antisemitism to #Judaic converts who belong to #fascist grps like #edl, who target #Islam."
623912534588813312,New #Podcast from Kehillah HaDerech YHVH starting 22 Tishrei 5776 (5 October 2015)  ALL #JUDAIC &amp; #Biblical http://t.co/6EIVePu0Ia
713348278017007620,"How is it made ??
==============
80 Kg #Colonialism
+
10 Kg #Judaic-flavour
+
10 Kg #Biblical-colouring
=
100 Kg #Israel"
712172742443929600,"#Biafrans are from Hebrew Origin,We shall never accept #Islam over our #Christian and #Judaic religion,#BiafraOrDeath"
710836526884790273,Celebrate Purim with music from the Recorded Sound Archives Judaic Collection. https://t.co/wJrWvD4gAr #music #vintage #purim #judaic #LPS
846029386574958592,#Judaic #Jewish #Art-Holy City of #Jerusalem Stunning #Architecture #Landscape #Cityscape  https://t.co/nv3BAZtHyU via @Etsy
830979263679578112,#JUDAIC #Jewish #Art - $88 -Talmudic Scholars -ORIGINAL #PAINTING not a print - Picture Frame Included https://t.co/6AUCGZ1h4Z via @Etsy
699814844468477957,#Judaic #Art - #Rabbi Praying at #WesternWall - Original #Painting in Frame https://t.co/WFr6JxLEwQ via @Etsy
742915857127460864,This #Judaic Studies teacher flips his classroom for teaching #mishnah https://t.co/xI8zQCMr5m #flipclass #jschat https://t.co/5SlHTtq54S
738082018731270144,#Rabbi at #WesternWall - Original #Judaic #Art https://t.co/w3m8Cpi5DR Painting in F by Artististique  https://t.co/WFr6Jxu38g via @Etsy
742725576247496704,Original Affordable #Art -#Landscapes Seascapes #Caribbean #Judaic #UK #France #BBW #Italy https://t.co/GIW6zbZAiU https://t.co/T2HtmKLGEz
834079997941907460,"Members of the #Judaic faith, if the #POTUS wont listen to you , the rest of us will. We are sorry. https://t.co/SxLwTQO4xF #TheResistance"
690303550392553472,we are looking for #judaic #artists for our Buffalo Grove Art Festival. please contact elana@amdurproductions.com for more info #artfest
636477278608822273,A Commonality of #Islamic #Judaic &amp; #Christian #Fundamentalism: #Extremism &amp; #Misogyny! http://t.co/99lrNL3P9f
743489152679878657,This #Judaic Studies teacher flips his classroom for teaching #mishnah https://t.co/EnEi2X1nst #flipclass #jschat https://t.co/QwRSHvUd9A
696148918237843456,"KOTEL PRINTED ON 16 DIFF FABRICS, WALLPAPER, GIFT WRAP #westernwall @westernwall @kotel #kotel https://t.co/YCCNIzq1mU #judaica #judaic"
719157644615880705,#judaic #acrylicpainting #art  #clevelandart #god #jewishart  #title ..and placed him in the garden https://t.co/7OP22oOkbQ
855518547581304833,#CaribbeanArt Seascapes #Landscapes #Judaic Pastels #UK #USA #France #Tuscany #Italy #GreekIslands #Streetscapes‚Ä¶ https://t.co/tIqUVK7CJe
732937645102235650,100% Original #Art #WAtercolors #Landscapes #CaribbeanArt #Judaic #BBW #UK #Seascapes Visit: https://t.co/3QzuurPCWp https://t.co/bSRN3kb8IT
853119208355274752,"Apologize for declaring that the children of #Israel shall live in #Samaria? That the #Judaic shall live in #Judea? 
#BalfourDeclaration"
743130320967393280,"#Judaic Jewish Art -""Silent Devotion"" Original #Painting in picture frame with #AuthenticityCertificate https://t.co/EwjO4esnfS via @Etsy"
832316980191432705,"#Judaic Jewish #Art ""Farmgirls in a Shtetl #Village in Eastern #Europe Circa 1890"" - Original #Painting https://t.co/8pOJEPG4fG via @Etsy"
744603805392732160,"#JUDAIC JEWISH #ART - Portrait of #Rabbi Weiss"" Original Painting https://t.co/JWZxyLY8l2 via @Etsy"
828678793392852992,"Joint stmt on #TrumpBan exec orders on immigration &amp; refugees, from @UofDenver #Judaic Studies &amp; @JewishStudiesCU: https://t.co/hLZQvGkchn"
849977040862314496,#Judaic Jewish #Art-Holy City of #Jerusalem https://t.co/nv3BAZtHyU via @Etsy
837075356498587653,Original and vary Affordable #ART Watercolors #Landscapes #Cityscapes #Judaic #Caribbean #BBW #Tuscany #UK #France‚Ä¶ https://t.co/xhbDxVll1p
849929415182123008,#UK #website publishes #animated #cartoon promoting #Judaic #terrorist #rabbi Meir Kahane to #indoctrinate‚Ä¶ https://t.co/UC3UJvCu11
713719516870615042,"#Judaic Jewish #Art - $88 -  ""Bless This Day"" - Original Painting  https://t.co/UwNz8Ut6gn via @Etsy"
624420957495529472,#Australia #Lecture #Tour of an #Indo-#Judaic #Studies #Scholar (#Jewish #India #Sephardi): https://t.co/BN2NXuvoTC http://t.co/iOuBIvdgW1
741788309668528128,#Landscapes Original #Art #Caribbean #GreekIslands #Tuscany #BBW #Judaic via #Etsy #gallery https://t.co/GIW6zbZAiU https://t.co/oCU9wsPr7T
704380809776656384,Why you'll want to use #BlendedLearning for #Judaic Studies https://t.co/SdUgnSAAIV #Jewish #Jed21 #Jedlab #EdTech https://t.co/kCSBRaJ3ah
727884101571710976,"Just released a new catalog in #Syriac, #Biblical, #Judaic, #Islamic Studies and more! https://t.co/Wmz43bkAG2 https://t.co/avbHMxmgqx"
630772110802055168,My latest discovery on Keep https://t.co/A91cNv27uC #KeepShopping #vintage #jewelry #judaic #jewish #pendant #necklace
718879747913203712,"THE RECIPE  :

90 kilos of #Colonialism
+
5 kilos of #Judaic-flavours
+
5 kilos of #biblical-colouring
=
The State of #Israel"
843512271057960961,"#Judaic Jewish #Art - Title: ""Contemplation""  Original Oil Pastel #Painting ready to hang in picture frame https://t.co/1nDxmXXdDg via @Etsy"
833734643333611520,"Considering #Islamic &amp; #Judaic principles of the #Holy with @sof #99Namesbook https://t.co/wMeKpOeZuD  
@abrahamicallies @__Interfaith__"
702121205923508224,"When #Jesus was born , 
#Palestine was occupied by an Imperial-power 
with a #Judaic-local-government.
Today it is the same"
741786046854111232,"#Judaic #Jewish #Art - ""Shmuel the #Village Tailor"" - Original #PAINTING  https://t.co/wz6z3PWRJA via @Etsy"
717797127624110082,"Listen to Marc Caplan, ""#Yiddish Modernity in Weimar Germany"" by UM #Judaic Studies #Jewish studies on #SoundCloud https://t.co/IleKffW9G9"
846698646225739776,April 3rd is the deadline to sign up for #JSAT 5th grade #Judaic studies achievement test #JewishDaySchools https://t.co/QZPuob2Tmj
837726787144679424,"Man arrested and positively charged in #Missouri over bombard threats against #Judaic centres, US prosecutors say https://t.co/N347b1PXjl"
858308810477371392,Original #Art including #Caribbean #Judaic #BBW Seascapes #Landscapes Streetscapes #UK #France #Italy #USA  #Greece‚Ä¶ https://t.co/yw3g8dgExv
852021695774826498,"So where does Moonman come in then lol? Agree, Pepe is just a cartoon. But Moonman provides some light relief on th‚Ä¶ https://t.co/rM2ZwI7CSm"
725341216460673025,"#Judaic #Jewish #Art - $88 - ""Bless This Day"" -  Unique 100% Original #Painting  https://t.co/UwNz8Ut6gn via @Etsy"
859066836217999360,"""which again gave birth to those ""commentaries"" and commentaries-on-commentaries which together constitute the #Judaic ""law""."
848906765924261892,Affordable #Art including #Caribbean #Judaic Seascapes #Landscapes #BBW #Village Scenes #France #Tuscany #UK #USA‚Ä¶ https://t.co/c8cd6Pje8q
622141210157838338,NEW Garnet Hamsa Earrings! https://t.co/CH5AaSigYN #shoppershour #hamsa #handofgod #boho #earrings #jewelry #judaic http://t.co/fXp1d03LBT
696246176602001408,THE SHEMA ON FABRIC https://t.co/w7bJlgItsq #JEWISHFABRICS #JEWISHDO #JEWISHCRAFT #JEWISHSEWING #JUDAICA #JUDAIC https://t.co/JdUS8KiFee
684866272476135424,"Yeshua - The ""Jonah"" sent to Israel

#israel #jewish #jewnoh8 #jewishgirl #judaic #batmitzvah #torah #HaShem... https://t.co/TJ0QVgj1hU"
694893291880337409,#judaic Shalom 9 - Jewish Hebrew Peace Letters' - https://t.co/r8IFBMv55m
736182755046785025,@nevillechmbrln I would have to hate half my family by your measure. Don't conflate violent #Zionism with #Judaic philosophy &amp; spirituality!
725296036332318720,#Judaic #Halacha &amp; #Islamic #Sharia: 2 serpent heads on one #Leviathan Beast #bbcdp https://t.co/IdPRjvje1A https://t.co/CilRTVlYyg
714901803863830528,#pagan #judaic Asherah and the God of the Early Israelites El https://t.co/3pFBNgvWK2
689925945445203968,#Rabbi Praying at Western#Wall  in #Jerusalem- #Original #Judaic Painting in Frame. A nice #gift via @Etsy https://t.co/WFr6JxLEwQ via @Etsy
850359353236389890,"Jesus ATE the #TRUE PASSOVER!
So
NOT weekly sabbath
but ANNUAL #LATE
#Judaic Passover sabbath
#followed
Jesus' death as Passover Lamb of God"
858479964060045313,Joyful! Morris Katz Instant Art Miniature of two Chassidim dancing https://t.co/eSbvMWuIns via @Etsy #judaic #wallart #vintage #gifts
701103765131280385,The new Frankely #Judaic Podcast from @UMJudaicStudies features Guy Stroumsa on #Jews the Abrahamic Religions https://t.co/BPwEYq0TqS
745325781199491073,Original #Art -#Watercolors acrylics pastels #landscapes #BBW #Judaic #Caribbean #Europe https://t.co/3Qzuus7ekZ https://t.co/3SYvC66LTI
732204089933737984,#Rabbi Praying at #WesternWall - Original #Judaic #Painting  https://t.co/WFr6JxLEwQ via @Etsy
690609805157863424,"@OccPalGaza @CelestineBee I believe that #Israel considers itself a #Jewish state not #Judaic , but use their #Jewish #history 4 #propaganda"
857200826842054657,@martinbott75334 Correction It's Ger-lose-money to the Jew-doe-ic #monsters! #Germany #Judaic #schweinehunde https://t.co/Eewgp5lgOn
851802843656933376,Coinciding of #Judaic &amp; #Christian holidays: Jwsh lunar calendar deliberately coordinated w Chr solar - fraternatizing 2 societies in #West
852864849281417217,#Babylonian #Talmud #Demonic #Possession [NOT #Judaic #Torah] just like the #Christian #Evangelical #Mafias &amp; pseud‚Ä¶ https://t.co/yrDNDogeH3
724304768034693120,@etraditionalist @amerika_blog And lacking the tradition &amp; context of #Canaan meant that it was rarely understood in a #Judaic manner.
853744865443799041,#JUDAIC #Jewish #Art - Talmudic Scholars -ORIGINAL #PAINTING ready to hang in picture frame https://t.co/6AUCGZ1h4Z via @Etsy
714765462295429121,@hemantmehta alright then : how does your #foreskin feel about #Judaic #circumcision? # TooLate #lulz #childabuseprevention
716321636744630272,"#Judaic #Jewish #Art - $88 - ""Bless This Day"" - Unique 100% Original #Painting ready to display in frame https://t.co/UwNz8Ut6gn via @Etsy"
839708968066895873,"#JUDAIC Jewish #Art - ""Talmudic Scholars"" -ORIGINAL #PAINTING in Picture Frame https://t.co/6AUCGZ1h4Z via @Etsy"
721363199396720642,@HikindDov @Jerusalem_Post Rabbis worldwide agree: #Zionism betrays #Judaic values. Shame on you for corrupting what should be pure.
740641550095392768,Wonderful 100% #ART Paintings #Watercolors Seascapes #Landscapes #Judaic #BBW  #UK #Italy https://t.co/GIW6zbZAiU https://t.co/4nrVVoCQp3
714163705055997955,"#Judaic Art  ""The Agenda"" Original Painting in Picture Frame https://t.co/3h24S3LhVl via @Etsy"
694163470942625793,Check out the voice and recordings of Cantor Shloimele Rothstein. #cantorial #music https://t.co/e9K5Zryf2I #judaic
631925852721295360,Seeking donations of #Judaic themed books and frames pictures for Reena's residences. Connect with us if you can help.
742114405114990592,The fewer than 10 #scriptures about #Homosexuality are #obsolete #Judaic #Law as is the #denigration of those w/ #Handicaps Lev 21:17
747795331107065858,"#Judaic #Jewish #Art - #BuenosAires#Argentinas #Rabbi ""The Storyteller""-Original #Painting  https://t.co/mRlhx4HchW via @Etsy"
625742553955061761,Why you'll want to use #BlendedLearning for #Judaic Studies http://t.co/fiFT1oHXu3 #Jewish #Jed21 #Jedlab #EdTech http://t.co/QbEYRufPwk
694217898051670016,A personal favorite from my @Etsy shop #Chanukah #Hanukkah #wine #winebags #giftbags #Israel #judaic #Messianic  https://t.co/cHZtvfQ30G
747672510922096640,Original #Art #Paintings Watercolors #Landscapes #BBW #Divas #Caribbean #Judaic #Italy #UK https://t.co/3Qzuus7ekZ https://t.co/pdOJL5putY
712735410322063360,"$88 - #JUDAIC Jewish #Art - ""Talmudic Scholars"" - ORIGINAL #PAINTING in Frame. An exquisite #Gift https://t.co/voEPd7FP8s via @Etsy"
857227590918172673,#CaribbeanArt Seascapes #Landscapes #BBW Pastels #Judaic  #Village Scenes in #UK #France #USA #Tuscany‚Ä¶ https://t.co/I15ZkDJ88o
691106918899781633,Join my new #group on @FineArtAmerica: https://t.co/7OGQqmqWBi #Judaism #Art #color #images #Judaic  #artforsale  #artgallery #prints
702192281957175296,"add value by offering ways to infuse #Hebrew, #Israel and #Judaic into your early childhood #classroom."
848907294985379840,#BBW #CaribbeanArt Seascapes #Landscapes Pastels #Judaic #Art #Streetscapes #Tuscany #France #GreekIslands #USA #UK‚Ä¶ https://t.co/3IDVtQmaaN
626222919983591424,"Unexpected impassioned student of #Indian #Jewry (#Jews, #Jewish #Judaic #Studies): http://t.co/Bmnl6o5ez2 http://t.co/uJZy24QjnL"
695790178103926785,Jewish Valentine - To My Lokshen Cuddle x - winterblossom - Spoonflower https://t.co/qcJTPPeQBo via @spoonflower  #judaica #judaic #lfabric
833673468524773377,Reflections on al-Quddus with @sof considering #Islamic &amp; #Judaic principles of the #Holy in #99Namesbook‚Ä¶ https://t.co/c8TDMx76hi
718883544622317568,"THE RECIPE  :

90 kilos of #Colonialism
+
5 kilos of #Judaic-flavours
+
5 kilos of #biblical-colouring
=
100 kilos of State of #Israel"
624456326354079744,#Chutzpah comes to #Bollywood (#Hebrew #Yiddish #Jews #Jewish #Judaic #cinema #film #Haider): http://t.co/Es7vWJwiFW http://t.co/PaZ18DcYFv
605700836338110464,"@kwakuanansee @TakeThatDarwin _ #Islamic or #Judaic concept of #God is that #God is well beyond mortal comprehension. 

God is simply: #AWE"
610712719801622528,#Fascinating: Some Y-chromosomes of #SouthAfrica's #Lemba tribe have #Judaic origins http://t.co/pxPBixiVEy
586906954691387392,#StarOfDavid #Coffee Mug 20oz #Judaic #Jewish Mosaic Blue White Cup Gloria Design http://t.co/T7Zgi1VE4C @eBay
568952942939676672,"Satanically Evil Funded,Armed and State Sponsored #JUDAIC Terrorists must be addressed in the @WhiteHouse Summit on Violent Terrorism"
760212122655612929,"#JUDAIC Jewish #Art - ""Talmudic Scholars"" -ORIGINAL #PAINTING https://t.co/voEPd7odJS via @Etsy"
584047066919350272,"#Havdalah #Candles, blue &amp; white braided from #Israel http://t.co/cbvfgTcgy7 #Shabbath #Judaic #Passover #NoDa #Charlotte #Judaica #Prayer"
568642973086453760,"At the Heart Of Evil,Violent #JUDAIC Extremists and their Terrorist Actions are 3 Jewish Mafia Don's located in Tel Aviv, Apartheid Israel"
586109655891501056,Nothing beats our hybrid #culture Ûæ¨î‚ù§Ô∏è #morocco #east#west#andalusia#berber #arab #judaic #colonial#maroc#holidays... http://t.co/MQQDacc6JO
608619814710575105,"@JWTorg More #LateAntique #medicalmagic! ""#Pagan"" / #Christian / #Judaic symbology cures ills http://t.co/FkJLV3OczM http://t.co/HkxtEnGdpa"
590707950987177984,"Sick ""#Judaic #Muslim Hatred: It's in the Torah""...o  nm, actually other way around...had me riled up 4 a sec https://t.co/wERDBvVJwM"
565418209126649856,"@kettlechipsyum &gt;For further research: Russians Probe #Judaic #Hate Speech Available on DVD: 53min docu., ""BloodyHell: #Kosher Slaughter""&gt;"
613742683681632256,Sara Beames beautiful #mezuzahs make a great addition to your home. #sarabeames #judaic #jewish #judaica http://t.co/IEqX96jCRQ
764917395605495808,"#Judaic Jewish Art - ""Bless This Day"" - Original #Rabbi 'Good Luck' - #Painting -A  #gift of REAL art https://t.co/UwNz8UbuRN via @Etsy"
584956143174361088,http://t.co/Xpy6EDlhnc #earrings #Seeka #Judaic #David I've bought similiar earrings before &amp; they always seemed ‚Ä¶ http://t.co/TYKl4CQc5E
770969394738401281,Eat. Sleep. Judaic. #Judaic
771003142125137921,"#JUDAIC Jewish #Art - ""Talmudic Scholars"" -ORIGINAL #PAINTING  https://t.co/voEPd7odJS via @Etsy"
760683593811103744,#Judaic Jewish #Art-Holy City of #Jerusalem Original #Architecture Urban #Landscape  https://t.co/nv3BAZLiqs via @Etsy
574707938796814336,Judaic Art of Week: Filmmakers bring different offerings to Film Festival http://t.co/TN3iKforlb #Judaic #Art http://t.co/IwEstWPs2w
601052689364029440,#Jewish history &amp; #Judaic studies buffs out there: who can speak to me about Tadmor and the Talmud?
610136434008301568,#DuggarScandal #Orthodox #Judaic #pederasty is a massive #scandal which the #establishment #media covers up. http://t.co/lddgofD3qP
761934348534689793,"#Judaic Art  - ""Bokar Tov -Good Morning at the Western Wall in #Jerusalem"" Original #Painting in frame  https://t.co/9TKUh2cNwF via @Etsy"
588065343253442560,#Judaic programs would love this https://t.co/erJcZp05HO
576490169001463809,http://t.co/Xpy6EDlhnc #earrings #Seeka #Judaic #David I've bought similiar earrings before &amp; they always seemed ‚Ä¶ http://t.co/RYCQabvSJ7
565416106236858368,"@kettlechipsyum &gt;Here is the #Talmudic #halakha par
excellence, as exhibited by the #Judaic
journalist #Sheleg::&gt;"
568617849180127232,Evil #JUDAIC extremists are now actively threatening OBAMA with another 'JFK' referring to their Jewish Mafia link to JFK Assassination.
766640862231076865,Why pay a fortune for #Giclee #Prints? Original #CaribbeanArt #Watercolors #Judaic Seascapes https://t.co/3QzuurPCWp https://t.co/TH7CUqRh1p
575262985943384064,http://t.co/eVSZJN4ovO #earrings #Seeka #Judaic #David I've bought similiar earrings before &amp; they always seemed ‚Ä¶ http://t.co/4Lr97ZuMx6
568144670934458368,"Silver Jewish holiday charm bracelet
18% off
http://t.co/tmWoWOw4sI
#jewish #purim #judaic #judaica #jewelry #grogger http://t.co/PYRfE7j0Ri"
605478481267445760,#Talmudic #Scholars 100% #Original #Judaic #Jewish #Art- #painting in frame by noted #Judaica #artist http://t.co/2lOYqxO3VH
560796191899017216,"Though so &amp; so can be #Jewish #Christian #Muslim or...,&amp; follow a different belief in #G_d ,we nevertheless are all #Judaic by #birthright !"
585577021595656194,$5 #auction #StarOfDavid #Coffee Mug 20oz #Judaic #Jewish #Israel Mosaic Blue White Cup Gloria Design  http://t.co/fsmZtQkLJk via @eBay
585238106837749762,99cent #auction #StarOfDavid #Coffee #coffeeMug 20oz #Judaic #Jewish Mosaic Blue White Cup Gloria Design  http://t.co/fsmZtQkLJk via @eBay
588260378364223491,http://t.co/eVSZJN4ovO #earrings #Seeka #Judaic #David I've bought similiar earrings before &amp; they always seemed ‚Ä¶ http://t.co/Fyzi0Shs4u
592769825551843328,http://t.co/Xpy6EDlhnc #earrings #Seeka #Judaic #David I've bought similiar earrings before &amp; they always seemed ‚Ä¶ http://t.co/xPBBOcU6LH
770258316635234305,".
 The #Judaic worship #harp can be used in Klezmer #music. 
 https://t.co/9qmKVziRG7‚Ä¶/lyre-harp-mid-east-10-string https://t.co/s0Rvmz8mEu"
565468132916338688,"Once a #Jihadi has proven to be #trustworthy &amp; #human s/he becomes #Judaic again &amp; no Jihadi, but otherwise falls in the pit of #Korach !"
762138762168012801,.@Amareisreal 's #spiritual journey sends him down #Judaic path. https://t.co/DjTXdrFLeH via @SunSentinel #Jewish #Israel #NBA #Basketball
770699581214617600,Hand Made #judaic #art being uploaded to my #etsy shop soon? Maybe! Also will be adding a #vintage marriage set in Orange. Shop is in my bio
601198458289135616,My #painting of #Shavuot part of #series of #Judaic #jewish #holidays #artgallery #artfair #art‚Ä¶ https://t.co/Wh40PIWkza
769020266764730372,"#JUDAIC Jewish #Art - ""Talmudic Scholars"" -ORIGINAL #PAINTING ready to hang and Display in Picture Frame https://t.co/voEPd7FP8s via @Etsy"
568615868323598336,Well over 50% of ALL the new-age Jews on Earth directly supported or took part in the Gaza GENOCIDE. #JUDAIC Extremists are Terrorists
759761523648507907,"#Judaic Jewish #Art -""Bless This Day"" - $88 - Unique 100% Original #Painting in picture frame https://t.co/UwNz8UbuRN via @Etsy"
565447982490058753,Our #universal #Judaic #faith teaches by way of the #Exodus that we all are under #G_d 's #wings = in our #beliefs with the right to live!
573252457754578945,"Take 18% off any order of $50 or more: 'ADAR18'
http://t.co/0Ovddqn2Pc
#jewelry #jewish #israel #judaic"
610135794943172608,#Orthodox #Judaic #pederasty is a massive #scandal which the #establishment #media covers up.
592769793104678912,http://t.co/OyZkpRraRM #earrings #Seeka #Judaic #David I've bought similiar earrings before &amp; they always seemed ‚Ä¶ http://t.co/nvh5FAovzn
579450536191266816,http://t.co/OyZkpRraRM #earrings #Seeka #Judaic #David I've bought similiar earrings before &amp; they always seemed ‚Ä¶ http://t.co/Kf1V5nm6T7
767577528328392704,"(Hebrew Letter ""Ayin"" Shirt) #613,#Ayin,#Bar,#Bas,#Chasuna,#Hebrew,#Israel,#Jewish,#Judaic‚Ä¶ https://t.co/sRMQ6Dit9X https://t.co/J23Fi3Du0O"
577550327051747329,"#God, #Judaic and #Christian, created us in an environment of #freewill. In other words life is not fair so get over #socialism."
610129921109790720,"add value by offering ways to infuse #Hebrew, #Israel and #Judaic into your early childhood #classroom."
626440004332490753,"A #Muslim's Unceasing Search for his #Jewish mother: http://t.co/WNZHPSJAng (#JewishMuslimRelations, #Judaic) http://t.co/EAGXrIxGz3"
764464096271937537,"Shabbat Shalom &gt;&gt; #Judaic #Art  - ""Bokar Tov - Good Morning at the Western Wall"" Original #Painting  https://t.co/9TKUh2cNwF via @Etsy"
568642190328643584,"Satanically Evil Funded,Armed and State Sponsored #JUDAIC Terrorists must be addressed in the @WhiteHouse Summit on Violent Terrorism"
568619022444580865,Evil #JUDAIC extremists planned to BLAME Russia for the Assassination of JFK and tried to ignite WW3. The false claim fell apart and exposed
579450529857859584,http://t.co/Xpy6EDlhnc #earrings #Seeka #Judaic #David I've bought similiar earrings before &amp; they always seemed ‚Ä¶ http://t.co/zeAG5oA9Yp
576488383846944768,http://t.co/eVSZJN4ovO #earrings #Seeka #Judaic #David I've bought similiar earrings before &amp; they always seemed ‚Ä¶ http://t.co/J099GgRSsD
567426519706767360,"Free shipping now at http://t.co/6VOVkkjp4z
Use coupon code 'FREESHIP15' 
#Jewish #Judaic #hamsa #starofdavid http://t.co/4Ze3XweE85"
568616439067709440,Evil #JUDAIC Extremists are recruiting in many of America's Colleges and Universitys fueling racism and hatred of non-Jews
565410880775811073,"@kettlechipsyum &gt;in certain circumstances during times of #Judaic supremacy,&gt;"
576490236538138624,http://t.co/OyZkpRraRM #earrings #Seeka #Judaic #David I've bought similiar earrings before &amp; they always seemed ‚Ä¶ http://t.co/zSBMLqfenW
764896439684083712,Original #CaribbeanArt #Landscapes #BBW #Tuscany #Judaic #Watercolors Why Pay More?Visit.. https://t.co/3QzuurPCWp https://t.co/D7ENwvl2jz
607949520899436545,AN ART DISCOVERY. SAMUEL ROTHBORT 1882-1971. VIEW PHOTO &amp; WEBSITE AT http://t.co/9JHqCalMFn #judaic #judaicart http://t.co/SXVO1oRSiD
770674997429956608,"#JudaicTourism // ‚ÄúIf you will it, it is no dream‚Äù. SHARE //
#Judaism #Judaismo #Jewish #Comunidad #Hebreo #judaic https://t.co/FrPGOptaUl"
570768375493873664,'They are not #Islamic criminals and #Judaic criminals.' http://t.co/wdWLZQfmL7
768377572556234752,"Isn't true? üòî
#Islam #Christ #Judaic 
#ISIS #PrayForTheWorld https://t.co/K1OzM5TLz0"
764462851436130305,"#ShabbatShalom #Judaic #Jewish #Art - ""Bless This Day"" - Original #Painting a wonderful #gift of Judaica https://t.co/UwNz8UbuRN via @Etsy"
565411168471506944,"@kettlechipsyum &gt;and
treated them almost without
exception during times of #Judaic
subjugation. &gt;"
631556580543229952,How #Rabbi Emily Meyer uses #BlendedLearning in her #Judaic Studies classroom http://t.co/kCTpohzJk5 #Jewish #Jed21 http://t.co/fJYjQcvxBM
595606297023746048,#gotMilk @PriceChopper #kosher #celibate 100%hetero #KJV #Judaic #faith #gentile wit @State_DRL #passport @VirginiaDMV[#GERKEN] #LNG #UDHR
565414038763737089,"@kettlechipsyum &gt;but 4
gentiles 2 critically examine the #Judaic
law &amp; call 4 an end to anti-#gentile incitement in #rabbinic holy books,&gt;"
561468609235808256,http://t.co/CUhA6aea7H #earrings #Seeka #Judaic #David I've bought similiar earrings before &amp; they always seemed ‚Ä¶ http://t.co/z9weFCWi7P
769337544399986688,"#Judaic #Art  - ""Bokar Tov -Good Morning at the Western Wall"" Original #Painting in picture frame https://t.co/9TKUh2cNwF via @Etsy"
761388727474135040,"#Judaic Jewish #Art - ""Cantor in Synagogue"" - Original #painting in picture frame https://t.co/bJZHllYmzF via @Etsy"
590709868081844225,"#retweet: Sick ""#Judaic #Muslim Hatred: It's in the Torah""...o  nm, actually other way around...had me riled up 4 ‚Ä¶ https://t.co/moIVyizsz1"
769569220631797760,#Judaic #Art - Shmuel the #Village #Tailor - Original #Painting https://t.co/XknaQXVuiI via @Etsy
568617224656670720,The Norway serial killer of 80 leaders children was actively RECRUITED by evil #JUDAIC extremists angry at Norway supporting Palestine
608804097811054592,A Real #Judaic #greetingcard that you can add a message to-This is a real card (not an e-card) shared from Sendcere. http://t.co/hEtnQnwhdm
588262516687556610,http://t.co/OyZkpRraRM #earrings #Seeka #Judaic #David I've bought similiar earrings before &amp; they always seemed ‚Ä¶ http://t.co/UdvwUjbFs6
760859444812984320,"#Judaic Art  - ""Bokar Tov - Good Morning at the Western Wall"" Original #Painting https://t.co/9TKUh2cNwF via @Etsy"
626226891565891584,"Endeavour to introduce #Jewish #Judaic, #Holocaust #Shoah,#antisemitism #Studies in #India:  http://t.co/DGCX1q1OgW http://t.co/oQF2ozLfNV"
588262413390196736,http://t.co/Xpy6EDlhnc #earrings #Seeka #Judaic #David I've bought similiar earrings before &amp; they always seemed ‚Ä¶ http://t.co/6xfbP3bSWo
589713201769644032,"Read ""#Juda√Øc Park - Chap 8"" #wattpad #adventure http://t.co/K9PTseZN3h"
760372922183737344,@luxury_rabbi Doesn't that define the #Judaic way of living? I know what you mean. But their innately corrupt souls beget shameful conduct--
568947182998413312,Evil #JUDAIC extremists are now actively threatening OBAMA with another 'JFK' referring to their Jewish Mafia link to JFK Assassination.
611889755903492097,"Our new website !!!

http://t.co/q8iMCE2cPD 

#jewelry #jewels #diamonds #fortlauderdale #miami #bridal #watches #necklaces #rings #judaic"
770363745121947648,"#Judaic Jewish #Art -""Silent Devotion"" Original Painting in Picture Frame   https://t.co/EwjO4esnfS via @Etsy"
575264848872869888,http://t.co/OyZkpRraRM #earrings #Seeka #Judaic #David I've bought similiar earrings before &amp; they always seemed ‚Ä¶ http://t.co/Qa4RZQkAIi
765895148676849664,#Judaic Fabric Michael Miller Shalom  Festival By the Half Yard by @GoofingOff Sewing  https://t.co/NYHbhrEjiH via @Etsy #EtsyChai
760998729746935809,"#Judaic Jewish Art - ""Bless This Day"" - Original #Spiritual #GoodLuck #Rabbi #Painting in picture frame https://t.co/UwNz8Ut6gn via @Etsy"
769671060086222848,#Judaic #Jewish #Art-Holy City of #Jerusalem Stunning #Architecture #Landscape https://t.co/nv3BAZtHyU via @Etsy
760917731038420992,"I've never seen anything like this #vintage #Judaic brass 'branched coral'  dish., marked #Jerusalem. Have you?' https://t.co/v5pgLVsWUs"
591341506151260162,so fucking true. #talmud #jewish #veryjewish #jewishwisdom #jewishthought #judaic #gemara #mishnah https://t.co/LUn1PjPscc
766393720300265472,"#JUDAIC #Jewish #Art - ""Talmudic Scholars"" - $88 - Unique ORIGINAL #PAINTING in picture Frame https://t.co/voEPd7FP8s via @Etsy"
584956149646098432,http://t.co/OyZkpRraRM #earrings #Seeka #Judaic #David I've bought similiar earrings before &amp; they always seemed ‚Ä¶ http://t.co/c4QOwCQMrO
584093710436212736,New Post: #Judaic Studies and Hebrew Teacher ‚Äì K-5 (ingleside / SFSU / CCSF) #SanFran #SFO #Hiring #Job http://t.co/LZrmg7x9XI
584954139433705474,http://t.co/eVSZJN4ovO #earrings #Seeka #Judaic #David I've bought similiar earrings before &amp; they always seemed ‚Ä¶ http://t.co/S8paKCAGWF
627663254433738752,"#Judaic #Jewish #Art "" Talmudic Scholars"" 100% original #watercolor #painting in frame https://t.co/sT6IkZM3bt"
768900773186940933,"My 10,000th tweet! I re-affirm my stances against #Israel, #Judaic policy, &amp; for #Whites. @Kurisu_Kitsune! @KasGikes! Thx for being great--!"
565466340467933186,"In a #Judaic world a #Jihadi &amp; its supporters has to proof upright,not #deceptive ,to be #Enlightened while we try not to fall in their pit!"
592771793431179264,http://t.co/eVSZJN4ovO #earrings #Seeka #Judaic #David I've bought similiar earrings before &amp; they always seemed ‚Ä¶ http://t.co/eWtJyI7GyN
