860610257504088064,Run in the rain. Get wet. #exercise #nj #weather #spandex https://t.co/Xk4BmP5owa
725867457831903232,RSVP! You'll be missing out! @messqueen_newyork Ûæå≥Ûæ¨ëÛæå≥ #sewing #learning #spandex #overlock #howto this Saturday!!!!... https://t.co/kJlBeGqyrW
861335472018272258,#spandex fuck sexi shemale https://t.co/TUZBLo5E60
726395409984196608,#spandex and #bondage...what a lovely combination! #Findom #paypig #bdsm https://t.co/NrQxoEzDD0
861361561927069696,#spandex drunk girls xxx porn tank https://t.co/2fY0kogtxn
703986820506382337,#Sale #SJK St John Sport #Pink Ankle Stretch Pant Cotton #Spandex 14 #StJohn #AnklePant https://t.co/ezTtmCfBkM via @eBay
704247272117239808,#Space #Cadet Motif #Spandex #Thong #Apparel Cotton #Briefs https://t.co/vqq3l8Lq7m #red Latest Design
725544099546157057,"@noxy_key Obviously, I'm overweight and out of shape, but the point is the mystifying sense of arousal this shirt invokes. #spandex"
615906462091620352,"""#justSaying... People should dress as they wish but, for sake of #safety, shouldn't #spandex be sized by lbs per square inch?"" 3"
704248256641892352,#leather &amp; #spandex pants for sale March 1st 7pm uk time https://t.co/hhCEmnMFr3 #goth #gothic #metal #heavymetal https://t.co/mgFuvRxsFl
704005862004645888,‚ùù‚úî #Champion womens #fitness yoga gym workout #spandex grey gray pink shorts | S  https://t.co/fHK5xgmyz7 https://t.co/55hmCKHt34
860240160541290496,Beautiful @EnchantressSahr  gets hogtied in spandex in heels today at https://t.co/5SRlMrvKUn #bondage #spandex‚Ä¶ https://t.co/UPH7281UNW
724999343078559744,"@ewaste_panda I tried on my moms swimsuit, decided I liked the feel of the material, and went looking for more coverage #spandex"
725614511978213376,#thirsttrapthursday #alc2016training I ride because I look AMAZING in #spandex https://t.co/f4Fr5vFhR6
859124392110018561,#spandex #leggings #blonde #yoga ass leggins bigass #latex #calzas #mallas #pants https://t.co/uKHV1M2ePp
861184051889270784,#spandex teen anal porn girls castings https://t.co/2BMUVXzq5Y
703758281995644928,"Admit it 
üòÇüòÇüòÇüòÇüòÇüòÇüòÇ
#onfleek #sexy #sexyfeet #myfeet #onlyme #betterthanyours #sockswag #spandex‚Ä¶ https://t.co/klFRq4Ht0l"
616024332591071232,#SPANDEX #clips4sale Dakota Charms Tickles the Russian Spy - IPAD http://t.co/RXPMjHK4vt via @clips4sale
725835057466892289,Our #bodysuit on #tropicalprint #spandex we are ready for The summer and you? #shoppinonline‚Ä¶ https://t.co/JvEcJQTcGD
704129391211782144,"Arcteryx
RN. 03100387-14
Size Large
92% Nylon 8%Lycra #spandex
Made in Canada

Good Condition https://t.co/CSZT38MBVb"
726161652115103745,#Spandex Covered Yarn #Lycra Twisted Yarn #Elastic Yarn #Spandex Yarn #Covering Yarn Spandex Covere...https://t.co/U53zoWHFoO
703854701754732544,‚àÇ‚ùÉ #Champion womens #fitness yoga gym workout #spandex grey gray pink shorts | S  https://t.co/fHK5xgmyz7 https://t.co/aAkcvTn0Cs
615936657305563136,"""#justSaying... People should dress as they wish but, for sake of #safety, shouldn't #spandex be sized by lbs per square inch?"" 4"
615909088984064000,Tight #Latex Hotpants - http://t.co/15wmryFs3N #Nylon #Softcore #Spandex #Stockings
704256800502194176,#Space #Cadet Motif #Spandex #Thong #Apparel Cotton #Briefs https://t.co/vqq3l8Lq7m #black Latest Design
726375512633831424,Grab your cape and #Spandex as DC Universe Online comes to #Xbox One: It‚Äôs a great day for all you wannabe Su... https://t.co/LnXDx8o55p
704391186069348352,‚òæ‚ù£ #Champion womens #fitness yoga gym workout #spandex grey gray pink shorts | S  https://t.co/fHK5xgmyz7 https://t.co/jA2w9YxMU0
704350521382010880,#Space #Cadet Motif #Brief #Boyshorts #Apparel Cotton #Spandex #Briefs https://t.co/vqq3l8Lq7m #white Latest Design
860318207479099393,Beautiful @EnchantressSahr  gets hogtied in spandex in heels today at https://t.co/5SRlMrvKUn #bondage #spandex‚Ä¶ https://t.co/Af2sWVVsw3
859075323224358912,#calzas #leggings ass leggins bigass #yoga #latex #pants #spandex #mallas #blonde https://t.co/eknIsdU7Fs
704255217282338817,‚òæ‚òæ #Champion womens #fitness yoga gym workout #spandex grey gray pink shorts | S  https://t.co/fHK5xgmyz7 https://t.co/YLgFnzEQeQ
703641073994829824,Costume progress on my Speed O' Sound Sonic #cosplay !!  #onepunchman #anime #model #spandex‚Ä¶ https://t.co/dnVswNnEe8
704323196414078976,‚ôØ‚ô° #Champion womens #fitness yoga gym workout #spandex grey gray pink shorts | S  https://t.co/fHK5xgmyz7 https://t.co/e3KBnlpRt0
725638193161199617,"@DweezilZappa will ""D.L.Sloth"" be sharing his #spandex &amp; vocal skills with us on the #ViaZammata tour? Let's hope so https://t.co/bqRiZdur3p"
726012128293982208,#spandex morning #bulge https://t.co/zYveVI8sCQ
615857683644710913,IG - ketlyd #ketlyd #booty #bootyselfie #bigbutts #assrate #spandex #leggings #yogapants #sitonmyface #culo http://t.co/NPa0EnLrTK
616027226111352832,"""#justSaying... People should dress as they wish but, for sake of #safety, shouldn't #spandex be sized by lbs per square inch?"" 7"
860554987679690753,Addition to Spandexbyyard Line : SP-1701#new #fabric #spandex #spandexbyyard #sublimation https://t.co/Gf6yWVCIlJ https://t.co/OvR67JdEmB
859097660690767873,"Spandex by Yard offers a wide range of high quality stretch #fabrics
https://t.co/AH9EB5DgCs

#MadeWithFabric‚Ä¶ https://t.co/AgZ57u5ueg"
725378626661785602,@_TheRickster lol fuh.. take good notes #spandex
860549228103442432,I'm also questioning my decision to run the Tough Mudder course head to toe in Lycra. #spandex
859129819434557446,ass #spandex #pants #yoga #blonde #calzas #mallas #latex leggins #leggings bigass https://t.co/IZmxxwpeSy
859107284542205955,#blonde ass bigass #calzas #yoga #latex #pants leggins #mallas #spandex #leggings https://t.co/BM2o4gBHrT
860909346166886401,Unisex Olive Rasta Turban | Headwrap | Rasta Hats https://t.co/PoDHLgudxU #KanhaiRastaBoutique #Spandex https://t.co/iECGBgQDmp
860250612436545537,"Gemma Atkinson üòç#bum #arse
#fitness #spandex üëåüíóüëè
Working that booty üí™üòàüëç https://t.co/gjB8fFynvp"
861265862707302400,"Very #sexy #Asian with #shiny #leather #leggings and #highheels
#wetlook #spandex https://t.co/O8QDe7vDje"
725424506936823808,"Loretta and Brandie  has the tight spandex peeled off: #Loretta and Brandie
 #tight #off
 #spandex #peeled https://t.co/utvzDnujyQ"
703983179447664641,‚úø‚ùÄ #Champion womens #fitness yoga gym workout #spandex grey gray pink shorts | S  https://t.co/fHK5xgmyz7 https://t.co/x9IuZC3iR4
704297515080749056,What did women work out in before spandex tights? #spandex #bringbacksweatpants
726434785661444096,Gutted I'm on air on .@965RadioWave when I should be at .@PCW_UK watching the bestest-meat-mountain .@Shasamuels #blackpool #spandex
704073844886089728,‚Äû≈ë #Champion womens #fitness yoga gym workout #spandex grey gray pink shorts | S  https://t.co/fHK5xgmyz7 https://t.co/lyLeFngNls
860565623797108740,"Kate Beckinsale üòç#bum #arse
#leggings #spandex üëåüíóüëè
Milf material üòàüëç https://t.co/Jbi69Pp40j"
726020401697021952,Laundry time! I gotta get my @Zensah Well Rounded Shorts ready for their 1st long run tomorrow‚òÄÔ∏èüèÉüèº #running #withoutlimitz #spandex #bibchat
861232208857714688,#Spandex Hood W/padded #Eyes and #Open #Mouth https://t.co/ekQKMpKq3H https://t.co/jqPrei0Azp
704268352160604160,"For clothes which last and stretch, switch to Inviya Freedom Fibre! 
#isupportinviya  #spandex https://t.co/hLiqkzVXC9"
725409492138102784,100% this. My favourite as a kid was the X-Men and I've never liked how they've been portrayed on film. #spandex https://t.co/XBy1whpgrB
726114720923717637,Actually re: #Spandex https://t.co/GEJ64OoQDo
860187302328487942,"F-ZK42 Color Card
https://t.co/4EqsyLy3HF

Flash #Yoga Nylon #Spandex Tricot Cere #Fabric #Textile #sports... https://t.co/wTe6XVHGtJ"
704134281287700480,‚Üí‚òæ #Champion womens #fitness yoga gym workout #spandex grey gray pink shorts | S  https://t.co/fHK5xgmyz7 https://t.co/LeFe3x4kVr
726039698158673921,"Worth knowing: NoNetz are #ChlorineProof, no #lycra or #spandex 
#NoNetz #BestSwimSuitEver #Swimmers #MadeInUSA #USA https://t.co/l3663Te3dI"
704060505481158656,#dresses https://t.co/0YdVerlhbl #Micromesh #Nylon #Spandex Micro-mesh Long Sleeve Button-up https://t.co/nOk8TLqPrm
726125285922447360,"GOTTA FOLLOW @yungbbygirlll #Doable 
#beautiful #girl #girls #pagemodel #model #teengirl #addme #snapcode #spandex ‚Ä¶ https://t.co/Q62wAqO3HN"
859170882178232320,ass #blonde bigass #latex #yoga #pants leggins #calzas #leggings #spandex #mallas https://t.co/4w388mETiK
725580399246614528,Get this hot clip and treat yourself to my sexy #bigass in #spandex! https://t.co/dGCZ2Bbbsl https://t.co/vSUxX4VgtF
703869832534446080,Œ©‚Ä° #Champion womens #fitness yoga gym workout #spandex grey gray pink shorts | S  https://t.co/fHK5xgmyz7 https://t.co/gcBzq8OFmH
725564921900097536,Get best #wholesale price rate for black #spandex #tight fit #girdle from ASG Sports. Visit: https://t.co/YFdwM05YnB https://t.co/8FNdUQSDVG
615859894751662081,"#Spandex Market #Report, Subscribe Now !
http://t.co/oStpwQENmG http://t.co/GuAPudSh3C"
704218337820221440,#Space #Cadet Motif #Brief #Boyshorts #Apparel Cotton #Spandex #Briefs https://t.co/vqq3l8Lq7m #pink Latest Design
704013190447759361,Her First White Dick: I have several times complained about the seemingly distinct lack of hot... https://t.co/YVVVvLbK5U #spandex #shiny
615856409624887296,IG - ketlyd #ketlyd #spandex #leggings #yogapants #assrate #culo #booty #bootyselfie #sitonmyface #latina http://t.co/7ONQJo46X1
860292440405585920,‚ô™‚àû #Champion womens #fitness yoga gym workout #spandex grey gray pink shorts | S  https://t.co/Hf7LNi1b4F https://t.co/X1dUKi6HpM
725698112065441792,Mens #zebra print #spandex #pants! One of a kind from https://t.co/hhCEmnMFr3 #glamrock #glammetal https://t.co/kQCIamOH8o
859169617582968833,Lycra clad legs for you. Skin tight and ready for play #spandex #lycra https://t.co/O3lW7LyE47
725400741536501760,Milkshake Hearts Print #Swimsuit https://t.co/m8a09vFeVR via @Etsy #monokini #swimwear #hearts #milkshake #heartprint #spandex #onepiece
859790949999890432,#speedclothes #metalgirls #metalbabe #metalhead #selfie #fun #spandex #summer #bikini #tsjuder #bloodfeast Buy your‚Ä¶ https://t.co/kgmnubfD2L
726239778950250496,when the whole squad's possessed @mmmeurer22 @lillymariegough #trackallstars #spandex https://t.co/htOTz8Cb5a
615876262372995072,"""#justSaying... People should dress as they wish but, for sake of #safety, shouldn't #spandex be sized by lbs per square inch?"" 2"
859402927600836613,Remember the 80's? #spandex #shoulderpads https://t.co/Eh9gymfejy
704437798871408644,üì∑ https://t.co/TDw3IGqsof Photo:50600 #spandex https://t.co/Dqx7XbQ5U2
860618261695791104,"@azulbuho Sinister Threat -reforming for a one-off 30th anniversary gig at Fiddlers, York 16th June. #spandex"
703733836148924416,‚úø√∏ #Champion womens #fitness yoga gym workout #spandex grey gray pink shorts | S  https://t.co/fHK5xgmyz7 https://t.co/SeW1pNiUEA
704436528022462464,‚úØ¬ª #Champion womens #fitness yoga gym workout #spandex grey gray pink shorts | S  https://t.co/fHK5xgE9XH https://t.co/b0QDXMmOaD
615966858915774464,"""#justSaying... People should dress as they wish but, for sake of #safety, shouldn't #spandex be sized by lbs per square inch?"" 5"
860632172302127105,Flash Sale on SP-X1 #sale #flashsale #spandex #spandexbyyard #fabric #jersey #sportswear https://t.co/ygwxL7kyAu https://t.co/OIBYHluhuE
725655980655140864,#FLEXXFITUSA #WOMENS #HARDSTAYHUMBLE #SPANDEX order today flexxfitworld247@gmail.com https://t.co/O5sAhTQoGz
859054481274785793,"Website up date live! 
#hairylegs #spandex #sportswear #gay #gayart #illustrator #illustration‚Ä¶ https://t.co/SxDNTDv66s"
703729834980196352,"Just watched my first #ufc fight: It's just professional wrestling without the #bighair, #spandex &amp;#hulkhogan"
726378708790067200,"Fairly confident everyone assumes I'm doing a walk of shame, but I really just enjoy black spandex. At 8am. #nycproblems #spandex"
860902979024674817,Have you seen our latest news?#sale  #spandex #spandexbyyard #fabric #jersey #sportswear https://t.co/ygwxL7kyAu https://t.co/aPQiXzjtBs
861358814712516608,pamela anderson gallery nude #spandex girls fucked https://t.co/LlhDSNdQmC
704001345058172928,üìπ Me rubbing my dick with spandex feelings‚Ä¶ #ZENTAI #Morphsuit #Spandex #Lycra #Cub #WOOF https://t.co/GOayxgGKna
704251032138878976,#Space #Cadet Motif #Spandex #Thong #Apparel Cotton #Briefs https://t.co/vqq3l8Lq7m #pink Latest Design
704236188442435584,#Space #Cadet Motif #Brief #Boyshorts #Apparel Cotton #Spandex #Briefs https://t.co/vqq3l8Lq7m #red Latest Design
725967530565619713,So shiny so round #spandex #ass https://t.co/TGLJTXIqDw
703809363459178497,‚ùû‚ùã #Champion womens #fitness yoga gym workout #spandex grey gray pink shorts | S  https://t.co/fHK5xgmyz7 https://t.co/a6kxLiwHiC
725429698088546305,From this morning: #wedgie #spandex #blackandwhite https://t.co/T14l5JuMtO
725660043950043136,@asahikaseihomuz develops ‚Äúenvironmentally-friendly‚Äù #spandex product https://t.co/ItTZmdLOe0 @UrethaneSimon #polyurethane
726123393745965056,"Purple #spandex &amp; #leather studded #pants, coming May 1st to https://t.co/hhCEmnMFr3 #leggings https://t.co/JZoiNWisRX"
726472112802779136,"Due to cancelations, we have to move the #sewing #spandex #workshop #class with @messqueen_newyork class Ûæåπ but it... https://t.co/jEN3AQgfVF"
859087299673554947,#blonde bigass #pants leggins #spandex #yoga ass #calzas #mallas #latex #leggings https://t.co/f5mr4oeUWr
792461646648250373,Are you following us on #facebook? On our page we have much more of #hot #spandex and #lycra #guys!‚Ä¶ https://t.co/yVtviyuho1
615474860517625856,#BCBG #MAX #AZRIA Women's Beige Brown Cotton #Spandex #FullZip #Hoodie #Jacket http://t.co/daOAPG6yuw via @eBay http://t.co/CwNWngN0zo
793136577446813696,Have you seen our latest news?#halloweensale #couponcode #fabric #spandex #spandexbyyard https://t.co/ICJy1THuNT https://t.co/TXyIiWMCfq
682635557168533504,}‚òº #Champion womens #fitness yoga gym workout #spandex grey gray pink shorts | S  https://t.co/leQkKI7lsl https://t.co/SmwR7XGjHk
682710383891746816,Check out #NIKE Womens Pants Size L #Drifit #Workout #Spandex #Running Gray #Nike https://t.co/t8xBJeGZqG via @eBay https://t.co/bGsoAojNVT
615633244822876160,$20 sale happening now! http://t.co/8xMySvQtlk #bootyandthegeek #spandex #sale https://t.co/0nQyCk58pv
615679067841515520,Landonicus the Brave: #CleanAndJerk #Oly #OlympicLifting #GuysWhoLift #Weightlifting #Spandex‚Ä¶ https://t.co/0hWbP2ScfN
748618972333957120,"https://t.co/jKRLMZu74e
FM-60/FM-65 #Nylon-#Spandex #Tricot #Matte
#MadeWithFabric #SewInLove #4thOfJuly #MadeinUSA https://t.co/WgYFqPqUH1"
682257052656250880,"More beautiful Women: Of course beauty is in the eye of the beholder, and it‚Äôs very possible t... https://t.co/Sx9DO2iMyM #spandex #shiny"
748152765856153600,"Topstitching side seams.
#sewing #topstitching #spandex #turquoise #handmadelingerie #knickers‚Ä¶ https://t.co/mkVwASgsm3"
682442088642916353,#BCBG #MAX #AZRIA Women's Beige Brown Cotton #Spandex #FullZip #Hoodie #Jacket https://t.co/daOAPG6yuw via @eBay https://t.co/MZBJA8URIU
792807816448864256,#spandex teen anal cum group shot https://t.co/qaV3KFDiXT
792377076124975104,#sexy #pinup  #Leopard for #Halloween !! Check out this hot #pink  #animalprint #spandex #sequin set. #oneofakind... https://t.co/PAuDn7jlYW
682504578630348801,"@JasonManford @MENnewsdesk was it Mr motivator again? 
#spandex"
748508705918967808,Preparing for day 3! #pretzdance #PT #WheaTonOfFun  #spandex https://t.co/0vD4nWJj3d
793202633926283264,"When you got dat glow...
#HappyHalloween
#TheLastDragon
#BruceLeroy
#Spandex https://t.co/BjdR24rkpR"
792440118074347520,"Leggings https://t.co/mGNT7yV3X1
#fashion #leggings #legging #clothes #spandex #style #womenapparel #fashionweek"
615475312516689921,"Chair #covers #spandex lycra wedding banquet #anniversary party decor -12 colours, LINK:
http://t.co/zqawxG6atC http://t.co/n2MOlJuwUL"
793136651266424832,Have you seen our latest news?#halloweensale #couponcode #fabric #spandex #spandexbyyard https://t.co/Tlc0BkoHPP... https://t.co/n4cnJWSV7g
682526241233235968,Check out #NIKE Womens Pants Size L #Drifit #Workout #Spandex #Running Gray #Nike https://t.co/t8xBJeGZqG via @eBay https://t.co/I7Al2mNjS1
616002930991321088,Easy to get a gun. Hard to get spandex off haha #joke #spandex #guncontrol https://t.co/vV7f7En37G
682560024288321536,‚ùÉ‚úæ #Champion womens #fitness yoga gym workout #spandex grey gray pink shorts | S  https://t.co/leQkKIoWQV https://t.co/lklqutJMga
682360627449348096,You don't have to be  SUPERMAN... #bunchingtights #birthday #broinlaw #superman #superhero #spandex https://t.co/aUNI9ya96N
682529783490686976,‚ô•‚åÇ #Champion womens #fitness yoga gym workout #spandex grey gray pink shorts | S  https://t.co/leQkKIoWQV https://t.co/k85okwuv6D
793134391664844800,"F-85 Color Card

F-85 #Sportek #Extreme #Nylon #Spandex #Compression #Tricot.#Fabric 
https://t.co/SXTDd2pier https://t.co/0jfWwsV84F"
615571206876569600,#BCBG #MAX #AZRIA Women's Beige Brown Cotton #Spandex #FullZip #Hoodie #Jacket http://t.co/daOAPG6yuw via @eBay http://t.co/MLrYelfbfh
682691486505381888,#CUTTERANDBUCK Men's Size Medium Solid Dark Blue Cotton #Spandex #FullZip #Jacket  https://t.co/8o81YlDMf0 via @eBay https://t.co/6xOWHgB6Q4
682556521633300481,Next on my list of things to get for #NYE2016 #spandex
615659642400563200,hard teaching how to be good ... - http://t.co/QAT38BwqyO #Amateur #BDSM #Lesbian #Lesbians #Spandex #Teens
615930813830594560,So. Much. Piping. #gogotomago #bighero6 #disney #superhero #unitard #bodysuit #lycra #spandex‚Ä¶ https://t.co/rF8dnpWKft
615635630127718400,#CUTTERANDBUCK Men's Size Medium Solid Dark Blue Cotton #Spandex #FullZip #Jacket  http://t.co/8o81YlDMf0 via @eBay http://t.co/TVfMwQp6g1
615997037830631424,"""#justSaying... People should dress as they wish but, for sake of #safety, shouldn't #spandex be sized by lbs per square inch?"" 6"
682602702434635776,#CUTTERANDBUCK Men's Size Medium Solid Dark Blue Cotton #Spandex #FullZip #Jacket  https://t.co/8o81YlDMf0 via @eBay https://t.co/hH2PAjxHN3
682343266419879937,Check out #NIKE Womens Pants Size L #Drifit #Workout #Spandex #Running Gray #Nike https://t.co/t8xBJeGZqG via @eBay https://t.co/GQbRCOA7lT
682509783732215808,#CUTTERANDBUCK Men's Size Medium Solid Dark Blue Cotton #Spandex #FullZip #Jacket  https://t.co/8o81YlDMf0 via @eBay https://t.co/tnLoMoE4ld
792806761833136128,I just bought this Amazing #Spiderman #Halloween Costume #Spandex #Zentai #Marvel https://t.co/NO7ufuLoy5
792122626932088832,Have you checked this out? #halloweensale #couponcode #fabric #spandex #spandexbyyard https://t.co/ICJy1THuNT https://t.co/whTwTtRpXI
615689309115523076,Photo: Just another #manicmonday #allblack #spandex @purekarma legging #hydrate @ppyogathrive... http://t.co/857EkRC89l
792243037019734016,#spandex shorts sex videos of women squirting https://t.co/Ct43O3n4Ok
748200121607786496,Design Your Own Custom Photo Spandex Thong https://t.co/ejajiPwSg6 #Design #Custom #Photo #Collage #Template #Simple #Bulk #Spandex #Thong
682551921509580801,@dazmccormack was alright mate thanks mate in fact really good mate ducking great mate cheers mate #mates #spandex #exposing
792122656241819648,Have you checked this out? #halloweensale #couponcode #fabric #spandex #spandexbyyard https://t.co/Tlc0BkoHPP... https://t.co/rfNt7Cnewl
792491368526581760,"Be sure to stand out wearing The ""lande"" abaya dress by yours truly.   #spandex meets #ankara.‚Ä¶ https://t.co/YFJRV6J2uh"
792517547979599872,#zentai #spandex This suit i will buy for the comfortable of my life. https://t.co/fZTtaoTAGY
792490939768008704,"Be sure to stand out wearing The ""lande"" abaya dress by yours truly.   #spandex meets #ankara.‚Ä¶ https://t.co/n2gYr5m5RE"
793134503933849600,"F-85 Color Card

F-85 #Sportek #Extreme #Nylon #Spandex #Compression #Tricot.#Fabric 
https://t.co/FmnQMx10il... https://t.co/ZWrcnSjGIC"
793039545101148160,alexander the great sex #spandex women xxx https://t.co/4PKUu3jW8w
793134954150375424,"V-420

#Sportek #Stretch Poly #Spandex #Velvet, #Highquality Velvet for #Dancewear and other #fashion use. https://t.co/teojrIVy97"
748074090368499712,@anthonypaletta Yeah it is. The small Signalnoise shirt looks like I‚Äôm about to fight crime #spandex
682268005779247105,#BCBG #MAX #AZRIA Women's Beige Brown Cotton #Spandex #FullZip #Hoodie #Jacket https://t.co/daOAPG6yuw via @eBay https://t.co/aXeSRGAQwC
748251720678014976,"Deadpool, well this is a bit graphic üò≥! @VancityReynolds is still a babe though #spandex #Tightass üòâ"
571815135070838784,"#PRESSPLAY ""BIG THICK BOOTY TWERKING IN LEGGINGS"" http://t.co/Y8fTr4dzC6 #twerk #twerking #bigbooty #leggings #twerknation #spandex #booty"
792468804358041600,#spandex shorts sex lia 19 anal https://t.co/vV7veCOGe6
615584987752992768,30 new pix added to http://t.co/ei0Ucf8tJQ feat @1jessiebelle @_ArielleLane @sumikodreams and more.  #prowrestling #femalewrestling #spandex
615664448154415105,@bertranbabe36 oh man! I love it! nice #spandex
793104021624131584,Spandexia! Oct 30 2016. https://t.co/3ZyEIv7c31. #spandex #fashion #sexobject #discrimination #conservatives‚Ä¶ https://t.co/sU9gGc8CFE
682624542825644034,#BCBG #MAX #AZRIA Women's Beige Brown Cotton #Spandex #FullZip #Hoodie #Jacket https://t.co/daOAPG6yuw via @eBay https://t.co/3yqxa9lLqa
748485582788038657,Custom #truss structure wrapped in #spandex to create a temporary #art #exhibit :: wonderful‚Ä¶ https://t.co/lDJM8Q48wD
682303099269201920,‚ùã√ê #Champion womens #fitness yoga gym workout #spandex grey gray pink shorts | S  https://t.co/leQkKIoWQV https://t.co/8QfctIE537
792321626910011392,STOCKING STUFFER! Lycra Spandex Polka Dotted Headband in Black with Multi‚Ä¶ https://t.co/j94Julq5pY #unique! #Spandex https://t.co/IJISQlS4Sn
682695996212690944,‚Üí‚òæ #Champion womens #fitness yoga gym workout #spandex grey gray pink shorts | S  https://t.co/leQkKIoWQV https://t.co/hXVP79jJP0
682355692876001282,You can find some really special items on the $5 or less clothing rack at the small town mega store. #fringe #spandex #walkonby
571803642522550272,"My houseboy gets a #spanking while doing my radio show @3xpornstarradio #clips @C4SUpdates @clips4sale 
http://t.co/grXAD3jgeU #joi #spandex"
682617562836942848,Check out #NIKE Womens Pants Size L #Drifit #Workout #Spandex #Running Gray #Nike https://t.co/t8xBJeGZqG via @eBay https://t.co/LFoabPv2Mo
792166248138346496,#spandex girls fucked girl boobs naked https://t.co/rndgHCeTei
682472741488885760,#Stretch like a pro with #spandex yarn by #Inviya. https://t.co/Ly7gHWYLuG
682614791194689541,#winter in #Florida #spandex #hoodie  #uggboots it's 88‚Ñâ today https://t.co/65txOsqIp7
682538738594004992,#BCBG #MAX #AZRIA Women's Beige Brown Cotton #Spandex #FullZip #Hoodie #Jacket https://t.co/daOAPG6yuw via @eBay https://t.co/S5ssrUquZw
571809830488412160,"Get your motivation style.üí™ 
Get yours 
http://t.co/BTeD51I034 

#activewear #spandex #spinning‚Ä¶ https://t.co/KwUCZprSjf"
571797270997438466,#BCBG #MAXAZRIA Women's #Beige Brown Cotton #Spandex #FullZip #Hoodie #Jacket http://t.co/twDF3UVFw5 via @eBay http://t.co/K2Bikba5yv
748252737889050628,"FR-30 Color Card
#Sportek #premium #quality #Nylon-#Spandex #Raschel for #sportswear, #Dance #wear, #Swimwear and... https://t.co/a75ZVtB3hf"
792499659742732288,@ChewiesLover yep #Spandex can ride up! And be itchy
682310140930961408,F-185 Poly-#Spandex FR Treated Tricot 120... https://t.co/GXBu43Snse
793054682126090240,"‚ö° US $2.95
Adults Waterproof swimming caps badmuts #spandex #wear #caps #badmuts #adults
https://t.co/JSAy5q6DIr https://t.co/OrfxpA7I94"
682378673513697280,‚ô¢‚óï #Champion womens #fitness yoga gym workout #spandex grey gray pink shorts | S  https://t.co/leQkKIoWQV https://t.co/2oyf9IC3Pr
792460969242980352,"Just some #guns

#workout #pump #nike #underarmour #spandex #spandexmen #meninspandex https://t.co/Nqy9EHFk8M"
615867479722606592,"#Spandex #MarketReport, Subscribe Now !
http://t.co/NeGzSLqw9n http://t.co/7zzgfqoy6X"
792137083280175104,"For Golf wear

#GOLF #Spandex #Fabric https://t.co/GQjb2fYLIa"
748468431649931265,"üì∑ mxthonger: #body #spandex #fetish Better if white or pink, but still nice! https://t.co/DUK7yj7OxM"
682259975977218049,#silver#white#branches#red #ugly #merrychristmas #sweater #spandex#fun#FAMILY #friends #love https://t.co/1fDXoHVYCn
748196411242586112,Who else wears speedos under their pants in case it's so hot you gotta jump in the üèäüèª after work? #Spandex https://t.co/j1HtD0Xvwr
792594970314153984,Another Spandex Superhero Halloween shot #hotheroes #halloween #spandex https://t.co/fGF8WjquaR https://t.co/mFn1uZ0S20
748229504351375360,A win for #spandex https://t.co/F8WibviUeB
682331619345088512,#CUTTERANDBUCK Men's Size Medium Solid Dark Blue Cotton #Spandex #FullZip #Jacket  https://t.co/8o81YlVn6y via @eBay https://t.co/XhuNzE6ukd
793157541618417664,Come watch your fav jags tonight take on Johnston @ 7 to get to state!!!! #spandex üèê https://t.co/msJvJOVRlo
792204052687888384,WE LOVE AP VBALL &amp; FOOTBALL #spandex #roadtothechip
615643861084274688,"Hem V bahan Katun fit L besar price only 75k
#grey #kaos #spandex #setelan #set #blue #princessshop24‚Ä¶ https://t.co/8MA10mts6m"
748611439741440000,A personal favorite from my @Etsy shop. #holographic #mermaid #CropTop #tshirt #swim #pool #reflective #spandex https://t.co/7NQ12okwdu
571784943807950848,"#PRESSPLAY ""BIG THICK BOOTY TWERKING IN LEGGINGS"" http://t.co/Y8fTr4dzC6 #twerk #twerking #bigbooty #leggings #twerknation #spandex #booty"
748291011009359873,"Gorgeous Japanese Rio Hamasaki Big Tits: One of the sexiest Japanese idols ever, Maria one of... https://t.co/4YOuy1cSKS #spandex #shiny"
682309917299109894,F-185 Poly-#Spandex FR Treated Tricot 120 https://t.co/mdSZ8e8Pdi
793160374400843776,Chelsea Freaks &amp; Crushes Plush Spider #CRUSH #fetishclips #leotard #spandex #balletflats https://t.co/azF4RuijIx‚Ä¶ https://t.co/VG36HawT9S
615672620126732288,http://t.co/pLBOMlRnSh: A Lion's Tale: Around The World In Spandex -... http://t.co/adFs8fRggX #around #chris #jericho #lion #spandex #tale
615898547586768897,"Video: #pride #dance 4 #gaypride #csd #berlin #spandex #workingit (at Berlin, Germany) http://t.co/VqX6bgG0Hw"
615542513877819392,#CUTTERANDBUCK Men's Size Medium Solid Dark Blue Cotton #Spandex #FullZip #Jacket  http://t.co/8o81YlDMf0 via @eBay http://t.co/ZsXAjZ1SRQ
615881901266616320,New uniform! #fitness #spandex #girlswholift #shesquats puregym_mex https://t.co/jQpnuhvvLh
748123807756460032,#Hyosung to launch #odour neutralizing #spandex. https://t.co/4CE6UgmQht #Interfili√®re #textile #technology #news https://t.co/tKQ7YunNEN
682461795391422469,‚ôØ‚óä #Champion womens #fitness yoga gym workout #spandex grey gray pink shorts | S  https://t.co/leQkKI7lsl https://t.co/C0AH66CpXh
615580624259272704,Why so down its Monday! #motivation #thankful #spandex #wilhelminala https://t.co/AK3ceL7JY1
571800055038005248,"#PRESSPLAY ""BIG THICK BOOTY TWERKING IN LEGGINGS"" http://t.co/Y8fTr4dzC6 #twerk #twerking #bigbooty #leggings #twerknation #spandex #booty"
660561901798096897,‚úø≈ë #Champion womens #fitness yoga gym workout #spandex grey gray pink shorts | S  https://t.co/c2sdrdwaIA https://t.co/iqfphXc89y
660514830890201088,"Today, is the day men can wear spandex without being judged! But they go back in the closet tomorrow, ok? #HappyHalloween #spandex"
747871658338189313,Benita has the tight spandex peeled off on instagram: #Benita #peeled #off #tight #spandex #instagram https://t.co/rm73MlviwF
660556538650763264,#AMANDABYNES #spandex #tightpants Amanda Bynes‚Äô tight pants https://t.co/x2XLm4C7sy https://t.co/TcWeN5KRpY
660412178143555584,#BCBG #MAX #AZRIA Women's Beige Brown Cotton #Spandex #FullZip #Hoodie #Jacket https://t.co/daOAPG6yuw via @eBay https://t.co/X5qw4HNFzb
770712888508047361,In case you missed it! #fabric #sublimation #spandex https://t.co/QIFF3tTamG https://t.co/zWuGtv0pPn
747462604759633920,"#Spandex! Thanks @wruffstuff @zentaizone! Now I matchüê∂
#monochromepup #humanpup ! *Wags*
*Howls at moon on forehead* https://t.co/jAdpkN9xmo"
770680272203284480,"FM-60/FM-65 Nylon-Spandex Tricot Matte
https://t.co/Ihv5LRPgtB
#fabric #sportek #sport #spandex https://t.co/ikECYqxlVF"
747673182606340100,Rock 102.  #kilo94 #guitar #goat #SCOTUS #spandex #CrossFitGames #autographs https://t.co/1GMEsvDcNa
771053057249509377,#spandex shorts sex australian girls nude mpeg https://t.co/5woEOOso70
660585741978722304,Happy Halloween! Today we have lots of #CATSUIT photos and Jen has a new video! https://t.co/VB5Hp6LU3h #SPANDEX https://t.co/nOCCbjmmqN
814623437909938176,"F-12 Combed #Cotton_Spandex Jersey

#fabric #sportek #spandex #cottonspandex

https://t.co/goYP241V8Q https://t.co/YCJJu5z99Y"
771095311423041536,Chic #SuttonStudio 18W Black #Linen #Spandex #Dress https://t.co/sPMCa5tmEO #WeartoWork #PlusSizeDress https://t.co/7jkgSfbqOg
660591276136382464,Black In The Crack 4: You may net visit Black Ice Pass nearly as much as the other sites like ... https://t.co/199mDBzBmK #spandex #shiny
660444479967596544,"Yooo, God def has a sense of humor! As I pass a dude wearing #spandex 4 no good reason, ""Da Butt"" comes on, the spandex lover's #themesong."
814921817638912000,"PRO-700 Pro-Stretch Spandex With Nylon Face Thermal

#Sportek #Stretch, #Spandex #Fleece #fabrics #Prints #Solid... https://t.co/cEykIxr80E"
814957550189867008,Round Pawg Booty in Black Leggings #pawg #teen #spandex #leggings #yogapants #wedgie #nsfw #creepshots #voyeur #can‚Ä¶ https://t.co/DR4GYScz5C
770974621042520066,Happy #HumpDay #gym #fitness #gay #gains #muscle #muscular #bodybuilding #bodybuilder #exercise #fit #spandex https://t.co/z1P5QPwkxm
814952252926345216,Just found 2 1/2 yards of black #spandex in my fabric stash. Now to decide what to do with it.
747498414439440384,"https://t.co/TlhNfAClUr
F-85 Color Card

F-85 #Sportek #Extreme #Nylon #Spandex #Compression #Tricot. #fabric https://t.co/sxecTNHqqL"
770710594294984706,In case you missed it! #fabric #spandex #sublimation #spandexbyyard https://t.co/Uf0ZuykPpl https://t.co/R0oSKd47D4 https://t.co/Gxym5Prqka
747498949334818817,"https://t.co/VkKgzjdaVb
F-80 Color Card

#Sportek #Compression #Nylon #Spandex #cycling #shorts #Active #Sportswear https://t.co/jKAZpp8kTR"
747035363344998401,I was so impressed with @TheRealShreddZ match vs Diaz tonight... They absolutely slayed! #muscles #spandex #buttsweat
814922515273248768,"PRO-700 Pro-Stretch Spandex With Nylon Face

#Sportek #Stretch, #Spandex #Fleece #fabrics #Prints #Solid #USA.‚Ä¶ https://t.co/xMGimjvgBq"
660403236499644416,‚ô†‚ù§ #Champion womens #fitness yoga gym workout #spandex grey gray pink shorts | S  https://t.co/c2sdrdwaIA https://t.co/bwl4CmZus3
770755424828219392,@Marco_P_Shite all she does is put some spandex pants on at the end ..... But boy what an end ... #spandex
814626393363390464,"FM-60-CU

Chlorine Resistant Spandex Yarn &amp; UPF30+ UV Protection 4 way stretch Tricot 
#sportek #fabric #spandex... https://t.co/AsfmauURY5"
660606820537487360,"If any Spry parents heard about me wearing #spandex on Friday, it was true. Sorry for the trauma. #WWE #LuchaDragons https://t.co/5EIb0ZEYPI"
746630068311625728,@_iron_wang same #spandex #stophashtaggingspandexDan
747869211662266368,"Mens #zebra print #spandex pants, coming July 1st (7pm uk time) to https://t.co/hhCEmnMFr3 #glammetal #glamrock https://t.co/uWuhqJaVy1"
748632039386017792,Sneak preview #el dorado festival # the goldens # mad wags # sparkle #hoodies #spandex https://t.co/x9c9HwIroA
814576987842969600,Victoria¬Æ Women's Seamless #Spandex Boyshort Underskirt Pant Short Leggings  https://t.co/oBB5fjWBAB
769967425936850945,Great shaper to wear under that Labor Day party outfit https://t.co/BEHx7JXkMw @eBay #LaborDay #shapewear #spandex #party #hidetherolls
814913799522320384,@MxdWrstlHeaven @scorpion_fetish Your wear the most amazingly sexy outfits Miss Scorpion #spandex #lycra dreams
747498431363579904,"https://t.co/bEOXWZU8ih
F-85 Color Card

F-85 #Sportek #Extreme #Nylon #Spandex #Compression #Tricot. #fabric... https://t.co/CKC8exmLJj"
660570698931421184,I am my wife for #Halloween. #spandex #marathon #Callonwood amandauher https://t.co/mWASWuN5SZ
769719246851043328,"Do you want sex now?
üì£ https://t.co/ce8pYce8GR
#spandex #cuckold #teasing #whole https://t.co/RHwIMsuju0"
660520541414035460,Leggo #bobiclothing #designer #fallbasics #slit #scoopneck #fitted #supercomfortable #bestfabric #modal #spandex... https://t.co/EJ3FYyJGYi
814889368707944449,"SP-V10 Color Card

#Sportek Poly #Spandex #Ven #Lining.#Fabric #Spandexbyyard
https://t.co/2Ae9RPpPhe https://t.co/0Enk6j4K8x"
769692964411039744,"I am waiting for you for sex
‚ñ∂‚ñ∂‚ñ∂ https://t.co/7vzB0PM6Bm
#ORGY #plumper #quivering orgasm #spandex #upskirt fuck https://t.co/ncqUG8FshP"
815219990370467849,"Another filming booked,2017 is going to be a great year #wrestling #facesitting #nylons #spandex #lycra #femdom dreams becoming reality üòÄ"
815271612966719488,Introducing Style  SP-TW2601#spandexbyyard #fabric #newyear #happy #holiday #spandex https://t.co/l1C2jXp2HQ https://t.co/miQd5Jpx0D
660481141191888896,#CUTTERANDBUCK Men's Size Medium Solid Dark Blue Cotton #Spandex #FullZip #Jacket  https://t.co/8o81YlDMf0 via @eBay https://t.co/YttGmr0Dqm
815323271478513665,#Mannequin is prob the most important piece of cinema in the 20th Century. IT HAS IT ALL #Hollywood @KimCattrall‚Ä¶ https://t.co/otgiSINfSH
660408964451053568,Check out #NIKE Womens Pants Size L #Drifit #Workout #Spandex #Running Gray #Nike https://t.co/t8xBJeGZqG via @eBay https://t.co/I6aU52L6Yd
769897951288291329,"NEW! ""#Spandex and #Strapon Suck"" #femdom #joi #blowjob #cocksucker https://t.co/zyXXe5gwzu https://t.co/X696dfCRJ3"
814531827432124416,Have you checked this out?#sportek #spandex #fabric #newfabric #sportswear #yoga #textile https://t.co/SRT8oU6qt4
660434109559398400,#AMANDABYNES #spandex #tightpants Amanda Bynes‚Äô tight pants https://t.co/x2XLm4C7sy https://t.co/TcWeN5KRpY
814618454770610176,"F-12 Combed #Cotton_Spandex Jersey

#fabric #sportek #spandex #cottonspandex https://t.co/V0AVvAAsq2"
769661804796456960,New black #leather &amp; #spandex #leggings. Coming Sept 1st https://t.co/sLywQdxa4Q #goth #rock #metal https://t.co/gMZLrj5J52
815320017055215616,Thick Ebony Booty in Leopard Printed Spandex #ebony #thick #phat #booty #leggings #tattoo #spandex #yogapants #nsfw‚Ä¶ https://t.co/amsmLe6GcJ
814933195393093632,"#Spandex #US, #Canada #Fabric #leggings #MadeWithFabric #SewInLove #Sports

shop now: https://t.co/svSt9pNjQV https://t.co/sxcoLPE6ze"
660463673371037696,‚Äª‚úî #Champion womens #fitness yoga gym workout #spandex grey gray pink shorts | S  https://t.co/c2sdrdwaIA https://t.co/XBCAuxySAe
814881302201528320,"DUDE  handle your old man hey .. 
#NOTcool 
#drunkdad
#spandex
#WRONG 
#REALLY https://t.co/k7B0zOutZc"
747495190441558016,Rocking the van halen look tonight #spandex https://t.co/fwKblsEgzJ
770970422590345216,Be crazy enough to know you can accomplish anything in life you desire. #fitness #aesthetics #spandex #exercise https://t.co/YRGg95XzX0
814595302032347136,Apple Bottom Latina in Tight Leggings #latina #blonde #booty #leggings #spandex #longhair #nsfw #creepshots #candid‚Ä¶ https://t.co/evOTKyuUoB
814936437107736576,"QUICK ORDER PAGE
Color Cards

ShopNow:https://t.co/AKuE3pO5No

#Color_Cards #Fabric #Spandex #Textile https://t.co/WAVMgLXSs2"
660599668926242816,#BCBG #MAX #AZRIA Women's Beige Brown Cotton #Spandex #FullZip #Hoodie #Jacket https://t.co/daOAPG6yuw via @eBay https://t.co/rEtOi4WbXr
814483886382125060,"Nothing hotter than a guy cumming through lycra!
RT @talo_porn: #spandex #lycra #bulge https://t.co/NoWiMhuj38"
770710568533647362,In case you missed it! #fabric #spandex #sublimation #spandexbyyard https://t.co/xtQjfOtDRl https://t.co/vO4zZ68MWQ
747621293583802369,@satolax22 @gill8679 Likely some confusion with his MILL Chris Gillitoni stats #spandex https://t.co/3zgaGR6bkf
660556536570388481,#HilaryDuff #spandex #tightpants Hilary Duff‚Äôs spandex https://t.co/JIfFOyMoSB https://t.co/TcWeN5KRpY
769595993956487169,SP-NEP3M#fabric #favorite #spandex #sportek https://t.co/ZfLTmPoYV0
747719438116470784,Blue Glam üíé‚òÑ @MakeupGeek #cocoabear #Houdini #fantasy @UrbanDecay #cosmic #spandex @houseoflashes #iconic #makeup https://t.co/TlDsApmkar
746861903310360576,How have I never seen this video until today? Amazing. #aerobics #spandex  #leotards #80sladies https://t.co/lo1KMJssE9
770363177704062976,Pink Spandex üòçüòç #shiny #spandex https://t.co/M2mWmBAbFE
814559148725542912,"SP-ECO92 Color Card
#Wicking #Antimicrobial #Recycled Pet #Spandex #Fabric #Textile
#eco_friendly #ecofriendly‚Ä¶ https://t.co/BKW67A8nab"
660515765028790272,#HilaryDuff #spandex #tightpants Hilary Duff‚Äôs spandex https://t.co/JIfFOyMoSB https://t.co/TcWeN5KRpY
660515768052883456,#AMANDABYNES #spandex #tightpants Amanda Bynes‚Äô tight pants https://t.co/x2XLm4C7sy https://t.co/TcWeN5KRpY
748554030889074688,#throwback to when I wore spandex... #tbt #throwbackthursday #spandex #polevaulting https://t.co/E2w7cimUW5
769995376472518657,Eagerly regressing to my early 20s for #vacation. Packing so many variations of naked and carefree. #spandex #NewOrleans #SouthernDecadence
660571996368068608,#CUTTERANDBUCK Men's Size Medium Solid Dark Blue Cotton #Spandex #FullZip #Jacket  https://t.co/8o81YlDMf0 via @eBay https://t.co/GS0wFDIJSg
771030544436039680,Have you checked this out? #neoprene #medical #fabric #spandex #spandexbyyard https://t.co/6TRXxNTlOd https://t.co/tHnlEt76yI
770690307432120320,Sex in Cuba: A lot of us have heard that Cuba is one of the hot spots for carnal fun traveler... https://t.co/1Pugo742ps #spandex #shiny
770766558486368256,"* NEW ITEM *

Now Shopping:https://t.co/8UHKtf5Rsj

#fabric #spandex #sports #printspandex https://t.co/Yq0C9CNTjE"
770710731771809792,Never Forget! #fabric #spandex #sublimation #spandexbyyard https://t.co/uqUmoWZ15c https://t.co/HmF1Azyqb1 https://t.co/FsTPW6Dy0d
747499013969063936,"https://t.co/vIRd6vDVtZ
F-80 Color Card

#Sportek #Compression #Nylon #Spandex #cycling #shorts #Active... https://t.co/11pVIsamdH"
660391036234125312,#CUTTERANDBUCK Men's Size Medium Solid Dark Blue Cotton #Spandex #FullZip #Jacket  https://t.co/8o81YlDMf0 via @eBay https://t.co/DtGH5L0Bof
814920712024629248,"Clad in my ""winter"" #training #gear #spandex #super #selfindulgent #selfie #strikeapose‚Ä¶ https://t.co/wdPLitNkFI"
814557158775791616,"SP-SJ7 Color Card

Spun Poly Spandex Jersey soft hand.
#spandex #spandexbyyard #fabric #textile #sports #sportek‚Ä¶ https://t.co/cyixgKKPEU"
769595584185499653,Have you seen our latest news? #neoprene #medical #fabric #spandex #spandexbyyard https://t.co/6TRXxNTlOd https://t.co/VSgFG23f7A
770362783464558592,Love it üíï #shiny #leggings #spandex https://t.co/XThCIWxrs8
814593629717078017,"F-80 Nylon-Spandex Tricot #Matte Heavy weight

#spandex #spandexbyyard #fabric #sportek https://t.co/vrCJzEydD1"
814914642208112640,"Style F-Z7000 Matte PU Coating Tricot 

#Spandex #Tricot #4wayStretch #sportek

https://t.co/AMt0FtsFr0 https://t.co/xEc3gYCebK"
660577037367709696,‚à´‚ùã #Champion womens #fitness yoga gym workout #spandex grey gray pink shorts | S  https://t.co/c2sdrdwaIA https://t.co/AKQuQXy9sl
660586632547028992,Check out #NIKE Womens Pants Size L #Drifit #Workout #Spandex #Running Gray #Nike https://t.co/t8xBJeGZqG via @eBay https://t.co/Jek3RNXJs7
770752281922777089,"Birthday New look and second gift: gold spandex. 

#edwardmurillomoreno #spandex #mens‚Ä¶ https://t.co/WrnlSHsQfO"
770361346433122304,Beautiful brunette #shiny #purple #leggings #spandex https://t.co/24B3OBwgPI
771121062415392768,@mister_CMS @nygmasriddler you're so ready for #spandex
770733783171665920,Check out #AshleyStewart Straight Leg Black #Jeans Women's 22 Cotton Polyester #Spandex https://t.co/LNx8ro453C @eBay
771030593035382784,Have you checked this out? #neoprene #medical #fabric #spandex #spandexbyyard https://t.co/VkJv0XInXo... https://t.co/VFHV0o5PjD
814204210514395136,#spandex girls fucked petite virgin https://t.co/cd9s8T01mY
660516950708060160,Oh my!!! Perfect place for all your #spandex needs! This is what I love about New York !‚Ä¶ https://t.co/r1Sfyo8zmP
770823415699734528,New listing. #APOSTROPHE Size: 8 Women's Gray #Jacket #Blazer Polyester/Rayon/#Spandex https://t.co/uEGhbmrJcX @eBay
814532076267536384,Have you checked this out?#sportek #spandex #fabric #newfabric #sportswear #yoga #textile https://t.co/nn8PA2toM8 https://t.co/Yo6tCdXVuV
814351899742892033,"nice CAMELTOES 63 - https://t.co/l1qtxVy2Zq 
 #HDVideos #Matures #Milfs #Spandex #Voyeur https://t.co/xV06rQM5zT"
770712896695402496,In case you missed it! #fabric #sublimation #spandex https://t.co/ouJf6Eqgix
814914406106529792,"Style F-Z7000 Matte PU Coating Tricot 

#Spandex #Tricot #4wayStretch #sportek https://t.co/o4gs087YPV"
814593878246293504,"F-80 Nylon-Spandex Tricot #Matte Heavy weight

#spandex #spandexbyyard #fabric #sportek

https://t.co/eqNba8sad4 https://t.co/gM54dggYid"
