593916717106995200,#draftnews 9 of the top 10 picks had to steal #spam to fuel the fire
593831468742397952,New #Spam Campaign Pushing CTB-Locker #Ransomware - https://t.co/saxfAXJ1Ke
593872369883688960,Love #SPAM? Get ready for @SpamJam Saturday night in #Waikiki! See what's cooking: http://t.co/zKr0WPFZBh @FrolicHawaii
593837330139619329,"Yes enlighten me.. lol

üòÇ üòÇ üò≠ üò≠ üôà üôâ üôä 

#GETYOLIFE #SPAM #EDITION
#TEAMFUCKYOTIMELINE https://t.co/WC5GO5Bxnt"
593855235002531841,@spam @inohohon is spam! #spam
593894830083813376,I don't know who this is but apparently I look cute in that #dress #spam lol https://t.co/rCoziEoOED
593892669534797824,"@spam @ZKOPIPE is spam!
The owner of bot @ZT_GLOCK also spam! #spam"
593909405688700928,"#LINKs tweeted 20X DAILY TO 100K  #WORLDWIDE (no #SPAM #FAKE or #PAID follows)[25$-1wk,50$-3wks,75$-6wks,100$-9wks] http://t.co/lfPrESpOJp"
593841464184016896,This time it is @virginmobileusa who is violating the federal CAN-SPAM Act. @FTC #spam #violation
593871354040078337,"The #Spam Nuisance $2.99 
#ePub #NookBooks #iTunes http://t.co/wdI1Wi8ock
#Kindle #AmazonCart http://t.co/0l0sethKOH
#fraud #AllBookBot"
593803747916193792,"#LINKs tweeted 20X DAILY TO 100K  people (no #SPAM #FAKE or #PAID follows)(25$-1wk,50$-3wks,75$-6wks,100$-9wks) http://t.co/lfPrESpOJp `"
593821988868743168,Spam sandwich w/ cheese üíÅüèªüôåüèº hahah dinner lol and melons #spam #vines #food #Sandwhich101 #dinner #yum #fil... https://t.co/4oIsjUWrSu
593840446058561537,#spam blasting #malware infects thousands of #Linux and #FreeBSD servers http://t.co/S1jShROCes
593885778914242560,Love me a good #selfie #RT #spam #spamforspam #follow4follow #likeforfollow #recent4recent #r4r #follow #followforf‚Ä¶ http://t.co/MK9OrQme8R
593833367608631296,Oh they have #spam on Twitter too?! I will celebrate this discovery with some spam &amp; eggs &amp; spam x10 #MontyPython: http://t.co/LEcXBrjnFJ
593848938773368832,The Pain of Nonsense #Spam http://t.co/eXjZ5rxGZV
593831285031763968,"‚ô™Oh Mickey, you're so fine, you're so fine you blow my mind. Hey Mickey!.. Hey Mickey!‚ô™ #Spam @legendarysora"
593832424389349376,@Tito_C10 @Warchant_Willie I'm sure he went #1 a few times today.  He stays well hydrated. He'll probably go #2 a lot tonight. Hawaii #Spam
593875152343019520,"A strong, commanding performance by @David_Cameron 

(Am I doing the script right @ToryHQ?) #strong #commanding #performance #spam"
593921402039889920,"Glad to hear that ""@CeylanWrites: #Spam #text messages are finally banned in #Turkey.Thank goodness :)"" #spamisannoying #donttextspam"
593840782236258304,"About to board my @AlaskaAir flight, destination Honolulu! @SpamJam here I come!#foodietravel #spam #alaskaair"
593833748883345408,"Cloaca, my one hole #Spam @Third_Diclonius"
593858839855890432,I didn't even knew I've got a account there üòÜ. Watch out for these kind of e-mails #spam #rabobank @Rabobank http://t.co/VzCBoPnzc7
593893941344227328,"How do I get all the ""free credit card knife"" people to stop following me? #spam"
593820352331030528,My mom emails me things that a life coach would send. #spam
593891824520966144,Spam-blasting #malware infects thousands of #Linux and #FreeBSD servers | #netsec #security #SPAM | http://t.co/NXLRjvqTZV
593894077516636160,Nos parecemos? üíÇüèø #sfs lmao.u.get.the.redlight #Hermano #Niggas #spam #f4f https://t.co/qNIDIyZK9Q
593899522671157249,Care for some mustard on your #spam sandwich? These guys did! #tbt #worldrecord http://t.co/pOvHEuEfTl http://t.co/bNGrwCRNui
593879101074616320,@whitepages @whitepagespro can help with phone #spam! Contact me for more info #callcenter http://t.co/xZRs75kwfe http://t.co/P1dZpUypuh
593861229866819586,@Total Total bollocks. #spam #blocked
593917749946163202,Love me a good #selfie #RT #spam #spamforspam #follow4follow #likeforfollow #recent4recent #r4r #follow #followforf‚Ä¶ http://t.co/t5MoyhoYny
593829164584665089,Spam-blasting malware infects thousands of Linux and FreeBSD servers #Linix #hacking #spam #FreeBSD #mumblehard http://t.co/F5nTsvrgCt
593829164609830915,Spam-blasting malware infects thousands of Linux and FreeBSD servers #Linix #hacking #spam #FreeBSD #mumblehard http://t.co/REZRa1CnEC
593909803413549056,Facebook posts are mysteriously disappearing for some users http://t.co/tOyjaw8u03 @mashable #socialmedia #spam
593895440325550080,No! D'oh! Nuts. #Spam @legendarysora
593845970502320128,Spam originating from Canada plummets 37% under new laws http://t.co/wGuR5PD76x #canada #spam #email #marketing
593857587151441920,"I'm sorry, forgive me? #Spam @Third_Diclonius"
593895370771603459,FOLLOW --&gt; @KleiverArtsxD  &lt;--- #Spam xDDD
593846535294558208,Ever seen @HelloKitty #Spam #Musubi @SPAMbrand? @ChefKatieChin makes some on #ShowMeWhere: http://t.co/DyS74AfY96 http://t.co/rMWz8kFcQc
593816424046600192,"| G O L D |

1st place Graphic Illustration #SPAM #EXTRAMURAL https://t.co/A8hEb4xB8Y"
593915732813094913,Happy Bday Federico!! #love #aperitivo #aperitif #drink #people #peace #instalike #instagood #spam‚Ä¶ https://t.co/2gJmak7HFo
593922047538958336,The more you know... #Spam @legendarysora
593859738439446530,@TripIt nobody cares tripit... Nobody cares. #spam #blocked
593862511771783168,@spam @kokoro_words is spam! #spam
593848685479469056,Encouraging 2 read anti-spam law working. I regularly rprt #spam to spam@fightspam.gc.ca Web: http://t.co/mEX1ssuabM https://t.co/k844dQHocq
593873790515425282,#Spam-blasting #malware infects thousands of #Linux and #FreeBSD servers http://t.co/yqHwXeytUU
593841170687467520,"New #Spam Campaign Pushing CTB-Locker #Ransomware

http://t.co/k2mgD2BrLT"
593908064295723008,ChiefPoints: New #Spam Campaign Pushing CTB-Locker #Ransomware | https://t.co/XjxNjzEmEo #IT #Tech #InfoSec
593846787275763712,Original visualisation of VoIP Carrier Spam: http://t.co/p0DwgU8R4S #Mobile #Spam #ITRTG http://t.co/66RPFFRlPh
593924647810420737,"#LINKs tweeted 20X DAILY TO 100K  #WORLDWIDE (no #SPAM #FAKE #PAID follows)(25$-1wk,50$-3wks,75$-6wks,100$-9wks) http://t.co/Tw6A7z3nnb '"
593828250750681088,@ThisBirdsDay Yes we don't need no #spam or #fakers LoL #GalaxyTabA
593856823855292416,Ooohh Emmm Geee soooo gut #somersby #applecider #cider #spam #sorrynotsorry https://t.co/CyPlOjb4iV
593897134832918528,"When yhur baby brother takes selfies on yhur phone 
#Spam #spamaccount #bored #peace #supernatural #love #cat #love‚Ä¶ http://t.co/LIyl2myNiH"
593861624856903681,"‚ô™Skin made of iron, steel in our bones
To dig and dig makes us free
Come on brothers sing with me!‚ô™ #Spam @legendarysora"
593913606644768768,How to keep #Mac email from giving away info to spammers http://t.co/d8J0Zic5we by @flargh via @iMore #spam
593881236399087616,"""It's #glutenfree so its totally healthy."" #LocoMoco #eggs #pork #spam #gravy #rice #foodo‚Ä¶ http://t.co/L9eN0jwYxu http://t.co/iL2S2U5TaE"
593900844011008000,"'Journey to the centre of the pussy' is actually very plausible, why have I just realised this? #Spam @legendarysora"
593859075118600192,"Hey @twitter, why do I get so many notifications of new followers but when I look at the numbers they seem unchanged? #spam #annoyed"
593889100308029440,@TekChronicles stop with the spam! You are so annoying #douchebag #spam \ignore tekchronicles
593842416047751168,More ridiculous account emails arriving carrying a #virus payload. Don't open the attachment. #malware #Trojaan #spam http://t.co/bi7k6hUrRN
593913813965090816,I'm that guy who checks his Spam. #SpamChecker #Spam
593806109271535616,"Email: ""It's easy to meet singles near you.""
Me: ""I prefer albums..."" #spam  #amwritingscifi"
593925351165849600,"Six Ways to Keep Your #Newsletter Out of the #SPAM Box, by @MichelleShaeffr via @SoloE http://t.co/GynJed33Cw"
593868715885723649,Photo: #ThaiKitchen #RoastedGarlic #SoupBowl with #thinly sliced #spam and #Crudito Asian meets South... http://t.co/DrxZmtHnLU
593873919234289665,Now getting #spam from business coaches hawking #businesscoaching to other business coaches. Round and round.
593918066045493248,I will wait for you #Spam @Third_Diclonius
593862003409686529,@LaserFocusWorld and I give a shit why? #spam #blocked
593833317927096320,Is #Twitter now giving easier access to spammers? http://t.co/RG5ojvV6NC #spam #messaging #directmessage
593860123262582784,"""Two years from now, #spam will be solved"" (Bill Gates, 2004) http://t.co/nVPlfJHnxJ Sorry Bill, took us a bit longer:http://t.co/sRsPZYSMGu"
593849770940243968,Can anybody explain to me what is funny about the shit tweeted by  @fIirtation ? #notfun #spam #crap #stupid
593829477693706241,cydefe: #spam blasting #malware infects thousands of #linux and #freebsd servers http://t.co/WOfRAr6K2I #cybersecurity #networksecurity
593831604482605056,#Diaspora* is growing to a respectable social netwerk - we've got #spam http://t.co/9s8xSnixzT
593870973855752192,It is good see that so many of my readers are into Ray-Bans and Gucci bags...at least from the comments the website gets...  #Spam
593875267166306306,AREAS OF INTEREST: A Click-Check http://t.co/hyalBl07bA #spam #socialmedia #marketing #technology #trends #content #metrics #clickcheck
593916637767688194,Do you really know what #spam is? And no it's not that meat in a can. http://t.co/BDE5zq9ukq
593909403906134016,"#LINKs tweeted 20X DAILY TO 100K  #WORLDWIDE (no #SPAM #FAKE or #PAID follows)[25$-1wk,50$-3wks,75$-6wks,100$-9wks] http://t.co/Tw6A7z3nnb"
593876515772706816,@solodmswcelebs please #Spam
593846411092832256,"I am a dwarf and I'm digging a hole.
Diggy diggy hole, digging a hole.
YOGSCAST- http://t.co/T4WU408hMl #Spam @legendarysora"
593877631881187329,@spam @ZKOPIPE(owner @ZT_GLOCK) The owner of Bot also spam too. #spam
593826771306352640,#kloud51 #SavandBros http://t.co/A8kYyymRCn cydefe: #spam blasting #malware infects thousands of #linux and #freebsd servers ‚Ä¶
593868712047996928,#ThaiKitchen #RoastedGarlic #SoupBowl with #thinly sliced #spam and #Crudito Asian meets South‚Ä¶ https://t.co/jF4NzfSa7a
593862703397130241,"@ThreeUKSupport Offering me any phone for ¬£16 a month, in very poor english and tried calling me 3 times in the past 24 hours? #SPAM"
593837332652040192,Photo: Yes enlighten me.. lol üòÇ üòÇ üò≠ üò≠ üôà üôâ üôä #GETYOLIFE #SPAM #EDITION #TEAMFUCKYOTIMELINE http://t.co/5bVy7E1uq6
593924649450364928,"#LINKs tweeted 20X DAILY TO 100K  #WORLDWIDE (no #SPAM #FAKE #PAID follows)(25$-1wk,50$-3wks,75$-6wks,100$-9wks) http://t.co/lfPrESpOJp '"
593921602993139715,Also these thanks üòä #emojipants #love #l4l #like #fashion #lazypants #inlove #spam https://t.co/86cDbcufUK
593900282544787457,How to Fend off Spam Attacks on your Website: http://t.co/ha8ifZwAfu #Spam #WebsiteSecurity
593915327538278400,"Bitches all started off as cute little puppies, what changed? #Spam @legendarysora"
593871068827357186,http://t.co/suq4GqP9u7: Spam cmt 2 http://t.co/o2koCCGS3V #spam
593829487604817920,SavandBros: #kloud51 #SavandBros http://t.co/ruUlNYgfLh cydefe: #spam blasting #malware infects thousands of #linux and #freebsd servers ‚Ä¶
593870168519933952,"‚ô™I am a dwarf and I'm digging a hole
Diggy diggy hole, diggy diggy hole.‚ô™ #Spam @legendarysora"
593909275006672897,You are the only one suitable for me! #Spam @Third_Diclonius
593832918675488768,Is there any way to filter out #Twitter #spam accounts with random numbers in their names? Maybe with asterisks?
593908391048847362,@tankiegirlie @facebook @MarkZuckerbergF I KNOW! Those posts are driving me #CRAZY. #spam They OWN #Facebook! #HernameisJeans?
593829164349792256,Spam-blasting malware infects thousands of Linux and FreeBSD servers #Linix #hacking #spam #FreeBSD #mumblehard http://t.co/4NtwgIeLo3
593836779507167232,I highly doubt it. #spam http://t.co/GZLqKvFTn7
593863227953516544,@WB_Games_UK @LethalBizzle @konanplaydirty total bollocks #spam #blocked
593862650741698560,Mumblehard #Malware Infects Thousands of #Linux and #FreeBSD Servers http://t.co/vKQipalSqw #Spam #Email
593860136352878592,"My #spam says I can ""EAT THIS, NEVER DIET AGAIN"" - which really makes me wonder - perhaps it is poisonous? #huh #donteatthat"
593893565413105664,My Instagram followers increased from 600 to 1370 üòî WTH !! I have a private account &amp; I'm extremely selective! @instagram #help #spam
593898932981338112,@mcnhobbs @eShakti ONLY downside I've found to ordering from them: Approx 37 promotional emails per week. #spam
593759498000543745,"Big mistake giving @UKLabour my email address, I get more emails from them than I do from Nigerian princes. #spam"
593663233967443968,"Waikiki Spam Jam to feature 18 Hawaii restaurants, crowds of 26,000 this weekend  http://t.co/bahXzZzn15 #hawaii #spam"
593742487568560128,Apologies to anyone that just got tagged! Looks like someone hacked me again #hacked #spam #getalife
593820381485477889,"What a weird #spam account, @c4mpervantures using my friend @campervantures Twitter pic, biog, blog link. Let‚Äôs all report @c4mpervantures"
593681172137377792,@PayPalNederland dit is #spam zeker ? #paypal http://t.co/DxlOc5AGYF
593682570346405889,"@Support screenshot of my timeline, one of  #Spam handles, which I have not chosen to follow but they got added auto http://t.co/3sJfco9bAC"
593785798727720960,"Good night everyone üòâüòä
#spam #myboy #boyfriend #beloved ‚ô•üòòüòç lol üòÅ https://t.co/vEpNlfR8q7"
593797647594614785,"Really Twitter, you're selling ads to #spam accounts? Way to go! #fail #ThisIsWhyPplAreBannerBlind"
593773103819452417,"That moment you realize the only reason you are getting spam is because the power went down.
#Spam #antiSpam http://t.co/bg2BTneiOK"
593742105375309825,We compared #spam vs #scrapple - see results: http://t.co/cdHNapetqm
593753997384646656,#spam üòπüòπ (with Luckman) [pic] ‚Äî https://t.co/kaCczQaHKJ
593720481980755968,God bless you @askimet #nospam #WordPress #spam https://t.co/okNtH4Ow44 http://t.co/s8OPGDbuIV
593683874078687232,#Spam Free WordPress http://t.co/5MIthpPA3k #wordpress via @wp_ezine
593713559550427137,"""Glad to learn you are on the market of Bubble Balls."" Who told?!?! #alsonotasir #spam http://t.co/amMBYMo1ah"
593719070836424705,Your daily reminder that something will happen soon. #Spam @legendarysora
593796934592167936,"Fuck you bitch, I don't belong in dat bloody friend zone  #Spam @Third_Diclonius"
593656789012324352,I forgot to give @Chrislindenmann a #shoutout for using my Instagram acct to like all of her sister's IG pics #muchlove #spam
593773448670748673,#EmailMarketing and #Copywriting: Why you should send ‚Äú#spam‚Äù http://t.co/laNAxVt083 via @MktgExperiments
593772772851130370,A d d i c t e düîä#spam #spamforspam #follow4follow #likeforfollow #recent4recent #r4r #follow‚Ä¶ https://t.co/jXhRxVa9FW
593695440391909378,The more you know... #Spam @legendarysora
593803746414612481,"#LINKs tweeted 20X DAILY TO 100K  people (no #SPAM #FAKE or #PAID follows)(25$-1wk,50$-3wks,75$-6wks,100$-9wks) http://t.co/Tw6A7z3nnb `"
593654049003573248,Has anyone seen this? Every 15 minutes this account tweets this crazy shit. #spam #pederast  https://t.co/t22fdxj7uA
593779571226349568,‚ô™So wake me up when it's all over.‚ô™ #Spam @legendarysora
593725685476106240,"And we'll never be royals (royals),
It don't run in our blood, #Spam @legendarysora"
593680382672773121,Did you know...? #Spam @legendarysora
593798983966830592,@KITV4 When will the new flavor be in stores? #SPAM
593792904465747968,@George_Osborne seriously bad twitter etiquette. Get it down in 3 tweets max. #spam
593751509201989632,@ayllonasi THIS IS A SPAM ACCOUNT...ONE OF MANY GENERATED BY THE PEOPLE WHO THESE FAKE ACCOUNTS RETWEET. #SPAM
593743290782097408,@RussRuffino annoying #spam i unfortunately see
593717529895403520,@BBCNewsEnts @BBCWorld Green eggs &amp; ham #spam I am!
593775617306394624,Love waking up to txunamy #Spam! Thank you to all who featured her and tagged us for the #Txunamy‚Ä¶ https://t.co/QjcnOnIkyJ
593726599838707712,Spam emails pretending to be from Apple iTunes http://t.co/JyIaiWzF8F #spam
593680625430827008,"@Support : for the past 10-15 days, new handles are automatically being added to my ""Following"" list. #SPAM  Please help"
593745122883444737,Holy... Just deleted about 600 tweets of #spam... #cleanout
593748128139845632,Good old #Spam shelf! It has its own dedicated one in supermarket #KoreanStuff #Korea http://t.co/Ym2Ah4U1mZ
593820216804573185,@grahamelliot Did you create a #Spam dish in honor of the #Aloha #Heisman? #NFLDraft2015 #DraftTown #DraftDay2015
593788682286592000,"#LINKs tweeted 20X DAILY TO 100K  #WORLDWIDE (no #SPAM #FAKE #PAID follows)(25$-1wk,50$-3wks,75$/6wks,100$-9wks) http://t.co/Tw6A7z3nnb"
593798850613227520,"The latest spam is from someone called ""Mark"" who has no last name or company name. Have they never ever seen a real business email. #spam"
593763839658852352,Become a part of our #FREE social network today with Le-Vel! Free #gift for making a #Free cust acct today.No #Spam http://t.co/mkne3Z1dFK
593720533461663746,@CocaCola Please keep your #spam off my Twitter account.
593696989348495360,Receiving many spam referrals from unknown sources.http://t.co/zksAR391o5 #spam #referrerspam http://t.co/6VH9jRWKyq
593668044272103424,"#Warning #BeCareful #Spam 

Messages have been sent out in bulk and are tricks of illegal ways of‚Ä¶ https://t.co/1ZeLJiCmmr"
593747945763246080,"""Congratulation you are a lottery"" #spam http://t.co/ik110Uojx6"
593688976763932674,"Bitches all started off as cute little puppies, what changed? #Spam @legendarysora"
593770790165839872,[Blog] #EmailMarketing and #Copywriting: Why you should send ‚Äú #spam ‚Äù http://t.co/T9AcOXOw4w http://t.co/MBpRF5yA4D
593745272381034496,@JennFredFOX29 @jonmarks975 @975Mornings looking good in your fresh Hawaii gear. #spam
593654155367096320,@mongodbinc and I should give shit about this because???? #spam #blocked
593667746627334144,Our cloacas will merge one day and form a giant undefeatable cloaca #Spam @Third_Diclonius
593790791874682882,I think @SkyFootball are happy that @RealMarc12 scored last night. #Lcfc #spam http://t.co/CiDlAwljZt
593769523930669056,Rejected Operation #Spam http://t.co/OS8Ul6RIXd #Upatre
593729924046917632,[#Wcn_itDe] Mumblehard: Malware verwandelt Linux-Server in Spam-Bots. #Mumblehard #Malware #Spam #Linux http://t.co/lg76vqyxdm
593721484163461122,This is the #Spam @Third_Diclonius
593764474714132481,You fat piece of potato bread. #Spam @legendarysora
593722036670828544,So much  #spam on #Instagram
593681313917341696,@spam @kokoro_words is spam! #spam
593788581635694592,Your hole is the only one for me #Spam @Third_Diclonius
593738496226918402,One day off from #SPAM - Thank you @LinkedIn @LinkedInHelp I can see a pattern w/ fake profiles. Can you? http://t.co/Ww5aXRcMDP
593740810916532224,Imagine watching the love child of a dolphin and a cow in the third person. #Spam @legendarysora
593818544414007297,"#LINKs tweeted 20X DAILY TO 100K  people (no #SPAM #FAKE or #PAID follows)(25$-1wk,50$-3wks,75$-6wks,100$-9wks) http://t.co/Tw6A7z3nnb ``"
593652930613551104,#spam aisle at #target on #maui by brantholland http://t.co/J0m3DsonZX http://t.co/zLTiEcYnmu
593718292235296768,#Mumblehard: #Malware verwandelt #Linux-#Server in #Spam-#Bots http://t.co/nvA5iJ4zLe
593690759351574529,Looks like am going to need to add the ‚Äúno travel agents‚Äù thing on TF in Indonesian. #spam
593723096324055040,"Don't talk! Fuck unfolers !! Baca! ALKITAB üò±
-------------------
#ALKITAB #gereja #spam #like #tq‚Ä¶ https://t.co/2McfF7ryXK"
593652657639661568,Love my one hole? #Spam @Third_Diclonius
593702713294192640,More #accounts email arriving with dodgy #zip file attachments. Delete &amp; don't open. #malware #Trojan #virus #spam http://t.co/vNTaO52ngX
593653236999049216,@Coffee_mate who can afford your overpriced creamers??? Store brand works just fine for me #spam #blocked
593731659507335168,"If you received #email sent from my account last night, please don't open it because it's #spam.‚Ä¶ https://t.co/YBU7xGBgBI"
593818546028867584,"#LINKs tweeted 20X DAILY TO 100K  people (no #SPAM #FAKE or #PAID follows)(25$-1wk,50$-3wks,75$-6wks,100$-9wks) http://t.co/lfPrESpOJp ``"
593681300143349761,"@Support I am following only 56 handles, but the present count is 118, the additional handles I have not followed. #Spam or #Flaw?? (2/3)"
593713017935659008,I will wait for you #Spam @Third_Diclonius
593792201487966208,The ‚ÄúDirty Dozen‚Äù SPAMPIONSHIP: Who needs to kill the most zombies?  http://t.co/dAe2noyphQ #spam #InfoSec #security http://t.co/AdPwOec77C
593658742178062336,"‚ô™I am a dwarf and I'm digging a hole
Diggy diggy hole, diggy diggy hole.‚ô™ #Spam @legendarysora"
593809456762224640,‚ô™The innocent can never last. Wake me up when September ends.‚ô™ #Spam @legendarysora
593744319510663168,Cant help but think LinkedIn has become too social #LinkedIn #spam
593816767048331265,Love me a good #selfie #RT #spam #spamforspam #follow4follow #likeforfollow #recent4recent #r4r #follow #followforf‚Ä¶ http://t.co/Bp4IzUz1hv
593657742730072064,"Aaah @RogersHelps you locate my phone in Europe, therefore you text #spam me to offer me a deal and then this. #lame http://t.co/5tjii3DTaB"
593816187781255168,"‚ô™I walk a lonely road
The only one that I have ever known
Don't know where it goes
But it's home to me and I walk alon #Spam @legendarysora"
593751497931886592,I think I have an unlimited subscription to junk email. I average about 30 per day. #spam
593758415538683904,"Fuck Sora, I'm always here for you #Spam @Third_Diclonius"
593810556722745344,#spam -blasting #malware infects thousands of #Linux and #FreeBSD servers - http://t.co/vUiuLmfV03 #infosec #cybersecurity
593749325013876736,"I've been waiting outside of your window for over 3 hours now
#SpamButYpuShouldReallyBeScaredRightNow  #Spam @legendarysora"
593794471873019904,"‚ô™But baby, I been, I been prayin' hard
Said no more counting dollars
We'll be, we'll be counting stars‚ô™ #Spam @legendarysora"
593666841572052994,Updating with restricted internet speed. #Abisquota #lagging #batah #sasak #spam #hashtag
593696495058063360,@spam @500favs is spam! #spam
593752537435643904,"Sorry Bill, It took us a bit longer! ""Two years from now, #spam will be solved"" (B. Gates, 2004)"" http://t.co/8B47WyLJwj"
593764743854206978,"@stopdroprobot got your email
Lol #spam"
593655164852117504,"@McD_TXPanhandle if you are making enough to #spam Twitter with stupid promoted tweets, maybe you could lower the prices and save us some $$"
593724177053392896,.@totally_legal Please kill the spam! Your unsubscribe link does not take me to an unsubscribe page. #spam #emailmarketing
593814082609872896,#Spam-blasting #malware infects thousands of #Linux and #FreeBSD servers http://t.co/Eg0lAGjy96 #riskassessment #vulnerabilities #exploits
593666294659985408,@spam @CopyPaste_bot is spam! #spam
593780215853273089,"INSTANT RETURN 
#spam #spamforspam #follow4follow #likeforfollow #recent4recent #r4r #follow‚Ä¶ https://t.co/lDMe6fL98z"
593758059190743040,#Unboxing #Linux #Mumblehard: Muttering #Spam from your servers http://t.co/z54zIxIL3e
593788683813261312,"#LINKs tweeted 20X DAILY TO 100K  #WORLDWIDE (no #SPAM #FAKE #PAID follows)(25$-1wk,50$-3wks,75$/6wks,100$-9wks) http://t.co/lfPrESpOJp"
593681872019955712,@Support This has become a nuisance and tedious task.. having to block / unfollow handles which are #SPAM... (3/3)
593785597111721985,Love me a good #selfie #RT #spam #spamforspam #follow4follow #likeforfollow #recent4recent #r4r #follow #followforf‚Ä¶ http://t.co/Qxz8s6wy1q
593798807722336256,Just found @LilTunechi s digital strategist I think he needs a new one that knows social strategy cause his FB is #spam
593693301154381825,#slmtsiang Enjoy‚úå #latepost #spam #pramuka #instasize #instaphoto #likeforlike #like4like‚Ä¶ https://t.co/F4WyfcFHwH
593665286869360640,No! D'oh! Nuts. #Spam @legendarysora
593770968864034816,‚ô™It's alright to die because it's the only thing you haven't tried‚ô™ #Spam @legendarysora
593786158754041856,"You are my senpai
My only senpai
You give me dokis and shades of grey.
You'll never notice but I still love you #Spam @legendarysora"
704336294957203456,#Spam comments can annoy your real customers. Here are a few examples! https://t.co/mETh8BpSED #bloggers #content
704391965526401025,How To Avoid Sending #Spam #Emails In #Magento #ecommerce https://t.co/3gtwRotr1r via @Cloudways https://t.co/ImLL6SLc5X
704309772728848384,This is literally the only thing on Vine. #RJMorph #Vine #Spam #YouLiftMeUp #No #Stop https://t.co/BzhJ4Ap46T
704389285240315904,Don't reply Boss!! @LenGoerke gets scam email offering riches for contact infol https://t.co/bxOUdYSgXi #SCAM #SPAM https://t.co/HKbcRDWs6P
704361043682848768,"Should I answer my #spam mail? Someone did
TED Talks. James Veitch. A guy answers spam mail. See what he does https://t.co/s3g8w6y80b"
704311472332132353,"""Dear sara. I am here to find my man and I really hope it may be you. I need support and protection, love and care of a strong man..."" #spam"
704404020966854657,#RT LINK: https://t.co/q6YTObJxhe #FIVERR #sEO #SMM #SEM 10 #HIGHPR #NICHE #RELEVANT #BLOG #COMMENT #LOW #SPAM #MOZ https://t.co/HC9BoqkRO5
704358700782370816,#RT LINK: https://t.co/q6YTObJxhe #FIVERR #sEO #SMM #SEM 10 #HIGHPR #NICHE #RELEVANT #BLOG #COMMENT #LOW #SPAM #MOZ https://t.co/68Co8ONEPp
704419001749905409,#RT LINK: https://t.co/q6YTObJxhe #FIVERR #sEO #SMM #SEM 10 #HIGHPR #NICHE #RELEVANT #BLOG #COMMENT #LOW #SPAM #MOZ https://t.co/XW5uJ0ggZx
704324881970626560,That feel when you misspell tea as twa and autocorrect calls you a twat. #Spam @Third_Diclonius
704328455714938880,#RT LINK: https://t.co/q6YTObJxhe #FIVERR #sEO #SMM #SEM 10 #HIGHPR #NICHE #RELEVANT #BLOG #COMMENT #LOW #SPAM #MOZ https://t.co/vXG1oWpLDC
704449256078311424,#RT LINK: https://t.co/q6YTObJxhe #FIVERR #sEO #SMM #SEM 10 #HIGHPR #NICHE #RELEVANT #BLOG #COMMENT #LOW #SPAM #MOZ https://t.co/gtnlKAxXR4
704351276562300928,The daily googleanalytics #spam referral reminder. Can you please do something? #marketing peeps join in? https://t.co/drZ8Ny0Aqd
704323567219904512,"hi @realDonaldTrump or should i say, Donald Drumpf? #spam #makedonalddrumpfagain"
704453648257052672,write back to me i am a nigerian prince looking for a bride $$$$ @sfcustomer4 #spam
704425591383138304,. @wearefarmers @farmersd58 If you can #spam me I reserve the right to draw level. #dickheads https://t.co/7vsgPdKZM2
704305378687905793,How Much Does Spam Actually Cost Your Business? #spam #emailsecurity https://t.co/AmU2uMtPBZ https://t.co/fBpEsuENXB
704328412702371840,#RT LINK: https://t.co/q6YTObJxhe #FIVERR #sEO #SMM #SEM 10 #HIGHPR #NICHE #RELEVANT #BLOG #COMMENT #LOW #SPAM #MOZ https://t.co/yHsgwVFARj
704439246866632704,I got #spam through @Tumblr messenger #whitepeopleproblems #socialmedia https://t.co/cnCPkaOH2u
704453626983534594,follow me on twitter I'm a robot @sfcustomer4 #spam
704414720888020992,3 tips to avoid #spam filters when sending emails to prospective students #email #marketing https://t.co/l7htJaDytd https://t.co/KIumqTdD1N
704453629168762881,follow me on twitter I'm a robot @sfcustomer4 #spam
704358668687568897,#RT LINK: https://t.co/q6YTObJxhe #FIVERR #sEO #SMM #SEM 10 #HIGHPR #NICHE #RELEVANT #BLOG #COMMENT #LOW #SPAM #MOZ https://t.co/xzHNLdB9ep
704351151769030656,"Can we not ""reply all"" to congratulate people in email threads and things? Do you need to be seen saying congratulations to someone? #spam"
704394972494057473,"Fuck you bitch, I don't belong in dat bloody friend zone  #Spam @Third_Diclonius"
704335227674472448,"@RichardDaleT No joke, he was quite ""prolific"" #copolitics #spam"
704386159942737920,If you tweet one tweet at a time once a day you are boring. #KanyeWesting is so much fun üíÅ #spam
704331407007588352,"Visualize Python, Java, JavaScript, TypeScript, Ruby, C, and C++ Code Execution https://t.co/VaLj6hXaOz

#Python #spam&amp;eggs #learn #code"
704435973824839680,@jamesgarside_ explains my lack of sex life and all those #Spam follows from authors' #SEO for hire services #IGNORE https://t.co/ofbvSdD6bV
704352310282100736,"Lovely display in the PRODUCE section. Oh you, East End #RVA 

#spamforspam #spam #whitetrashparty #WhiteTrashBash https://t.co/I8tXNQKHkO"
704313341410410498,How To: Remove Spam Referrals From Analytics https://t.co/UjR7ff0eQe #WebDev #Analytics #Spam https://t.co/b0jbX2yGBK
704337067975770113,@CrochetMichele You follow me. I follow back. You unfollow me. #lame #twitter #SPAM
704345410521976832,my black angel #prom #partytime #love #czech #iphoneonly #instasize #picoftheday #f4f #spam #l4l by annit.aa https://t.co/aRr2LFVZVQ
704362401471275009,"SPAM EMAIL: ""I am looking for the man, with whom we have been created for each other"" #spam"
704355069743894529,I will literally shit bricks for you #Spam @Third_Diclonius
704453656075223040,write back to me i am a nigerian prince looking for a bride $$$$ @sfcustomer4 #spam
704454773597216768,2nd day i've received emails from the #trump beast. They've landed in the #spam folder where they belong. Ready for the trash! Sheesh!
704453631811133441,follow me on twitter I'm a robot @sfcustomer4 #spam
704409292309340160,"Blocky Locky: Actors behind Dridex launch another #spam campaign, delivering Locky #Ransomware https://t.co/dEiJ7Xomz0"
704388248601305093,A former Nigerian President wants to give me money? How could that go wrong? #SCAM #SPAM https://t.co/EKLEOFA6MD https://t.co/3ZZReyqgad
704385408260554753,Love me a good #selfie #RT #spam #spamforspam #follow4follow #likeforfollow #recent4recent #r4r #follow #followforf‚Ä¶ https://t.co/j3Kt7nssmA
704310599438700544,@EKomicview lolol I totally skipped over that the first time #spam
704409150508408832,@ViciaScience @dave2004b Think there are plenty around who got it second hand #SPAM #spamalot #asechat
704373513260560385,"Beware, scammers may be targeting you https://t.co/oo6QNfiVYG #Spam #Data"
704391499362934784,"Sorry, @NorthEastAlly @PolyHeuristics @gablysard @TexIrvin @ayonjd91 I don't do #TrueTwit it's #spam #StopTrueTwit https://t.co/nvVdwMWeV0"
704386621303623680,"RT @barracudalabs: Beware, scammers may be targeting you https://t.co/rYLynWJxkj #Spam #Data"
704453634193547264,follow me on twitter I'm a robot @sfcustomer4 #spam
704343591565430784,#RT LINK: https://t.co/q6YTOc188M #FIVERR #sEO #SMM #SEM 10 #HIGHPR #NICHE #RELEVANT #BLOG #COMMENT #LOW #SPAM #MOZ https://t.co/bSNKDuMz6K
704306266462674944,9 Steps: Keeping #Spam away from #WordpressBlog | @teslathemes via https://t.co/9IsK9D84UZ | https://t.co/Iddhpmkhyq https://t.co/20vr1LrI2G
704275763994951681,"'s post
¬© MILD &amp; WILD
#ÏÑ∏Î∏êÌã¥ #ÏõêÏö∞ #Îû© #ÎπÑÏ£ºÏñº #ÏûòÏÉùÏ†ÑÏõêÏö∞ #saythename17 #carat #kpop #spam #handsomeboy https://t.co/1EXSKefmnE"
704371644727488512,@barclaycard please stop spamming my postbox each week! I don't need any new offers #spam
704389404798885889,@MrBeastYT send me 50‚Ç¨ at my paypal and we can start talking about joining your MCN #SPAM
704388935380766720,#RT LINK: https://t.co/q6YTObJxhe #FIVERR #sEO #SMM #SEM 10 #HIGHPR #NICHE #RELEVANT #BLOG #COMMENT #LOW #SPAM #MOZ https://t.co/1t07uOYYBI
704352497029218305,@equiet Follow and unfollow in 1 day. Unfollowed in kind. #followspam #spam
704452407187664896,I'm bored so I'm making memes üòú #meme #spam https://t.co/4ejNiq6DIn
704389358481113088,"Sorry, @karaspen2 @randy62682 @hewitt_pearl @DivaLeads @GenealogyJambo @yee_dafna @1ouisie I don't do #TrueTwit it's #spam #StopTrueTwit"
704277664203313154,@spam @ZKOPIPE(owner @ZT_GLOCK) The owner of Bot also spam too. #spam
704313272082640897,"That was one ""democratic socialist"" I had to block. #copolitics #spam https://t.co/0EdjqLnOHA"
704422276440027137,"Fuck Sora, I'm always here for you #Spam @Third_Diclonius"
704410745258135552,Classic #spam #pork #ham #tasty https://t.co/ulEdNSvkpq
704419078543425536,#RT LINK: https://t.co/q6YTObJxhe #FIVERR #sEO #SMM #SEM 10 #HIGHPR #NICHE #RELEVANT #BLOG #COMMENT #LOW #SPAM #MOZ https://t.co/LVX8bO3Pyi
704345506797871104,@spam @1000favs is spam! #spam
704426132771356673,Beware malicious invoices spammed out via email | HOTforSecurity #malware #spam https://t.co/ycwxm2Obxo https://t.co/qR6ydkhieC
704393957510238208,"Sorry, @freemansullivan @NYPocho @rmproute66 @7407413a @Prettypatty9 I don't do #TrueTwit it's #spam #StopTrueTwit https://t.co/g47gE89Ja7"
704313818445455360,Priceless. Made up mutual acquaintance and dodgy link.... #dontclick #spam #blocked  https://t.co/rOnLvN7dSm
704389285802332160,Don't reply Boss!! @LenGoerke gets scam email offering riches for contact infol https://t.co/XQObZRBShV #SCAM #SPAM https://t.co/48Patz42Hb
704304510894641153,@mymixtapez enough ... Damn! #spam
704301635900551169,"Cloaca, my one hole #Spam @Third_Diclonius"
704413774384644096,"Hey guys, if you get followed by @Rob_Purgert please ignore #spam"
704439368933642240,Why do email that didn't pass SPF checks go to my mailbox? https://t.co/HdScqtSgs9 #spam
704313363334045697,#RT LINK: https://t.co/q6YTObJxhe #FIVERR #sEO #SMM #SEM 10 #HIGHPR #NICHE #RELEVANT #BLOG #COMMENT #LOW #SPAM #MOZ https://t.co/juV2YviW9M
704294819875549184,This is the #Spam @Third_Diclonius
704311626346811392,Astonishing that @Uber doesn't have  the sense to _not_ send #spam
704444068831608832,The Evolution of Email #Spam: Here‚Äôs How Your Customers Now Define It https://t.co/c2zmmxGXnK
704273317394575360,#Instagram is full of #spam. #justsaying
704286558493388800,"Pssst, send me nudes #Spam @Third_Diclonius"
704442279285682176,#wtf #wth #spam telephonicfaqeer https://t.co/z1SOoD8PiW
704340013866205185,#spam #spamforspam#follow4follow #likeforfollow #recent4recent#r4r #follow #followforfollo‚Ä¶ https://t.co/NGrbXbh4hc https://t.co/vOhm1O5Out
704389524927832064,A new #Cryptolocker... #teamnls #business #tech #network #custserv #security #data #locky #ransomware #email #spam  https://t.co/P9kBppyaLi
704438196600311808,That moment you're reviewing inbound links for a client and spot a new link network.  #ObviousPatterns #Spam #Dumb
704315599854424064,"Waiting (!)
#waiting #ngakak #mine #spam #spamforspam https://t.co/wZqLjyNWot"
704404091468976129,#RT LINK: https://t.co/q6YTObJxhe #FIVERR #sEO #SMM #SEM 10 #HIGHPR #NICHE #RELEVANT #BLOG #COMMENT #LOW #SPAM #MOZ https://t.co/uf82MRHjRD
704370999651864576,Weed crumbs. #spam https://t.co/x0qgOb29Bm https://t.co/Yf5FnA1CWP
704324391769923584,@VeganPals I signed up! -- but only so i can tag your #vegan #spam as #bacon yes i'm a dick but.. #mondaymotivation https://t.co/2nnj35m6JN
704315307683241984,@24MattRoberts just had this email from you #spam! https://t.co/O5q59hCbCw
704441715927683072,Penelope Hastings #spam #peopleofspam
704453651339808768,write back to me i am a nigerian prince looking for a bride $$$$ @sfcustomer4 #spam
704405990100193280,Maybe the next time @Progressive decides to do some #advertising they won't choose to use #TrueTwit #spam #PerkShare https://t.co/ElaktvRXpe
704361929532268544,Your hole is the only one for me #Spam @Third_Diclonius
704421295815954433,@jnoog89 @SavedBy_Jbell so he resorts to the fake RTs lmao #ReportAsSpam #Spam #Twitter https://t.co/W6TfFeQ4dw
704313364705628160,#RT LINK: https://t.co/q6YTObJxhe #FIVERR #sEO #SMM #SEM 10 #HIGHPR #NICHE #RELEVANT #BLOG #COMMENT #LOW #SPAM #MOZ https://t.co/kVbwHlS40o
704403292210786304,What are the Top 3 Email Security Solutions? 2015 https://t.co/V25gN2XsCj #Spam #Security #Technews #2015 #RT https://t.co/3Dujr3wCRZ
704343502759587845,#RT LINK: https://t.co/q6YTObJxhe #FIVERR #sEO #SMM #SEM 10 #HIGHPR #NICHE #RELEVANT #BLOG #COMMENT #LOW #SPAM #MOZ https://t.co/wPqLv9ttxx
704449217608163329,#RT LINK: https://t.co/q6YTObJxhe #FIVERR #sEO #SMM #SEM 10 #HIGHPR #NICHE #RELEVANT #BLOG #COMMENT #LOW #SPAM #MOZ https://t.co/68WTufsNH4
704451604938956800,"Raspberry spam. At first, you're like, ewww. But then it's like, it couldn't be worse than meat-scrapings #spam, so why not? #raspberryspam"
704353959876521984,Watch out for #spam campaign in the form of malicious Word documents sent as attachments: https://t.co/Fl1pGun012 https://t.co/2S2mCulpYN
704341813042130949,@Betty_X add some #spam its awesome
704388844125351936,#RT LINK: https://t.co/q6YTObJxhe #FIVERR #sEO #SMM #SEM 10 #HIGHPR #NICHE #RELEVANT #BLOG #COMMENT #LOW #SPAM #MOZ https://t.co/zUSH5gsfgx
704373750645579777,#RT LINK: https://t.co/q6YTObJxhe #FIVERR #sEO #SMM #SEM 10 #HIGHPR #NICHE #RELEVANT #BLOG #COMMENT #LOW #SPAM #MOZ https://t.co/w8Bj514vfw
704442475574788096,@codinghorror If people really hated #Spam they would stop sending it
