860738079426039808,HB15BD Boo! Keep doing ya thing bc it'll get you somewhere gr8. #permit #partayy https://t.co/EQ0V2ZLZ8L
861365129539190784,Would like to know. #Handicap #Parking #Permit #Autism https://t.co/PWGaxFy6bB
859110972610543625,Find out in #tomorrows #vlog on #youtube if he #passed or #failed his #permit #test
860595583953850368,"The road to and from Punta Allen, Mexico is one that you won't soon forget. #palometaclub #tailwatersflyfishing… https://t.co/JDfrz0yPVv"
860264164002025473,"Where in the #SecondAmendment does it say you need a #permit to carry a weapon? #NoWhere! #FilthyOathBreakers. 
https://t.co/Y71MzB3OM1"
858161772871766016,"To #know where #evil grows and #permit it to #flourish is to accept  #responsibility for all that follows.

-----
THE #WISDOM OF THE #JEDI"
860700675327627264,Building Permit Requirements in Kochi&gt;&gt;https://t.co/PAHkAtGHZf #Building #Plan #Permit #Kochi #Architect #Design… https://t.co/Pv2FV3Jsb8
859285802769043456,@ClarkCountyNV Im sure there was a hefty #permit #fee you charged them to put a sticker on a building. Lets not be… https://t.co/4rGuOGzkcm
860006260871241728,"Class G Work #permit issued to investors in specific trade, business or consultancy. #AskImmigrationKE"
859661521739280384,Class D #permit issued to a person offered specific employment by specific employer #AskImmigrationKE
859779524346753024,"When any one #attacks #your #Integrity, never #permit that person to #attempt doing so, yet try to time you '#fight… https://t.co/ALmvR5mTcb"
859559776262406144,@CanadianBdog It's okay they have a #permit
859680291014791168,Anglo American to resume operations at El Soldado mine in Chile: https://t.co/Yog98L7NUd #Mining #Mine #Chile #Permit #Permission #Anglo
858345587267088384,"#Mechanical #Engineer #Immigration to #Australia on #work #permit #Visa
https://t.co/ZQCrnXJD1s"
858311706027728897,"European #Visa Application – #Family #Permit, #ResidenceCard and #PermanentResidence #ImmigationLaw #Birmingham Call 0121 516 0288"
861280871235694592,Time for another #popquiz! How far ahead should you look when you are on the open highway? #permit #test https://t.co/ewzqT7Bacl
861281341194817537,"RWANDA INCREASES #GORILLA #PERMIT TARIFFS

Kigali, 6 May 2017 – The #Rwanda Development Board today announced an... https://t.co/RUB0KhDUIb"
858332112939823104,Breaking News: @ravinmorrow12 is now driving a car #permit
858407576345751552,#no I don't have a #driverless #car #permit I don't care #drive me #London (my car) #Nissan #maxima with #ruffwire… https://t.co/48pohX2dWT
859572043758542848,"Looking for #Canada #work #permit #visa
https://t.co/6NRyrQrkke"
860522395072843776,Stream estancia Mall - Where's your permit? Vlog 23 #photography #permit #vlogging Its appealing! https://t.co/j8vkW3X5v7
860006260506333185,"Class G Work #permit issued to investors in specific trade, business or consultancy. #AskImmigrationKE"
859780744977289217,"#antalya #foreigners #permit #turkey 
contact us 
+905362317290
E-mail : emlak@alnajah.com.tr https://t.co/HnZmpUWGss"
858316224022949889,Learn #IndustrialWater #WasteWater #Discharge #Permit #Compliance #Education #WasteWaterWise #PublishedArticles… https://t.co/ElGhOtIpaj
860175707275579392,"#Australia #Work #Permit #Visa Process
https://t.co/BzLWD58weG"
858686126625767424,Post-Graduation #Work #Permit Information Sessions.  https://t.co/s60bgmB8Hx https://t.co/KIFcCjbKQy
860878881045217283,Got $1 Million? The #Mavericks Big Wave Contest #Permit May Go Up for #Auction Next Month https://t.co/zlOmHfzziC
859030963237646336,#PebbleProject receives key land use #permit to conduct #reclamation and monitoring activities. https://t.co/tqQruEiHmZ
859066270049869827,Driving the #youngest #brother out to take his #permit #test
860464476088393728,#ANSVARSRETT – #drafting services for #Norway by #Archicadteam.com!From sketch to a #build #permit! https://t.co/QsM6sRTtIH
860006264335732736,"Class G Work #permit issued to investors in specific trade, business or consultancy. #AskImmigrationKE"
860006260715991040,"Class G Work #permit issued to investors in specific trade, business or consultancy. #AskImmigrationKE"
860510390257688576,lol so they're actually gonna let me drive. #15 #permit #happybday2me https://t.co/4y1jYWy4bK
858266898345185281,"Residence permit for foreigners in #Antalya #Turkey 
#foreigners #permit 
contact us 
+905362317290
E-mail : emlak@… https://t.co/YDWhbvFN0T"
860006260506333184,"Class G Work #permit issued to investors in specific trade, business or consultancy. #AskImmigrationKE"
859205449996021760,Soon #permit https://t.co/k9hZoTR3Sm
858682461324279811,Learn #IndustrialWater #WasteWater #Discharge #Permit #Compliance #Education #WasteWaterWise #PublishedArticles… https://t.co/5APrefEKhy
860892010584174592,"European #Visa Application – #Family #Permit, #ResidenceCard and #PermanentResidence #ImmigationLaw #Birmingham Call 0121 516 0288"
859029918163886080,"The perfect concealed carry handgun for you. #concealedcarry #handgun #permit #selfdefense #shooting #guns 
https://t.co/RzyGMHQTb5"
859844427157618688,John Chinuntdet with a beautiful #permit and the TFO spinning rod he caught it on #TFORods… https://t.co/3fzkpf5D5n
858345918222827520,"#MechanicalEngineer gets #Australia #work #permit #visa
https://t.co/8qh3IWIDiF"
859126998714773505,chasekrueger11 at it again. If we could only all be in #mexico getting our #permit thank you for… https://t.co/0JOtFn1A8B
859219599333539840,Big Perm just chillin... #Permit                            #flyfishing #saltwaterfly#flats… https://t.co/TJCs9oy2B7
859210892201705472,"#Chefs and #cooks migrate to #Canada on Canada #work #permit #visa
https://t.co/LhURsoESqU"
858365397157982211,Learn #IndustrialWater #WasteWater #Discharge #Permit #Compliance #Education #WasteWaterWise #PublishedArticles… https://t.co/R4Fx2355w9
858345351903723522,"Looking for #Canada #work #permit #visa
https://t.co/6NRyrQrkke"
860834116044038144,#no I don't have a #driverless #car #permit I don't care #drive me #London (my car) #Nissan #maxima with #ruffwire… …
859093957099302912,"All india #permit
#admit it https://t.co/uE23NLtNFl"
859210795862736896,"#MechanicalEngineer gets #Australia #work #permit #visa
https://t.co/8qh3IWIDiF"
859255366374367232,What does a #fence #permit cost in your town? #cityordinances #generalcontractor #Texas #building #inspector #city #contractor #fencing
860870398233202688,Taking on a #DIY project at home this year? Please review the building #permit process and information to know... https://t.co/rxFqmWip7O
858897213870686208,"in the last few years UK has introduced a number of new #visa categories like;naturalization,visa,#work #permit and… https://t.co/L1ceZhyNZk"
859908993187270656,#Vacation #rental #permit #changes up for #debate: https://t.co/blWa1o6Oib
860006260690866176,"Class G Work #permit issued to investors in specific trade, business or consultancy. #AskImmigrationKE"
860175439922208768,"#MechanicalEngineer gets #Australia #work #permit #visa
https://t.co/8qh3IWIDiF"
859211244208705536,"#Mechanical #Engineer #Immigration to #Australia on #work #permit #Visa
https://t.co/ZQCrnXJD1s"
859153460993851393,Learn how to ace the #dmvtest and get your permit. Don't make the mistake most students do. https://t.co/WxKX4hocf4… https://t.co/GJBSPnpVbD
860006260669919232,"Class G Work #permit issued to investors in specific trade, business or consultancy. #AskImmigrationKE"
860200469859381254,I passed!!!!!!! Woot woot!!!! #excited #permit https://t.co/KOrDXqGV5I
858208565382795264,Learn #IndustrialWater #WasteWater #Discharge #Permit #Compliance #Education #ProcessControl #PublishedArticles… https://t.co/ndYlxHwVPm
