814714305652359168,"United have zero intention of letting Martial go on loan or leave on permanent transfer...

#mufc

#lil-pea https://t.co/C1HoO0cMOA"
814886589583093760,#BlackTwitter #Lil Wayne Visits New Orleans Children‚Äôs Hospital For Christmas -  https://t.co/10KmhelSBe https://t.co/45OCVAZkmK
771017261519962112,That kiddo ain't got Shit to offer...overrated boy #lil kesh https://t.co/681Q5NA30M
770893855537238016,"Lil Pimps should come up in #lil' #small-ass numbers, I #think. #paper"
814756179641565184,We rock #lil sis# https://t.co/BVV2rQaumG
814466639769010180,#RADIO #00s #juice Now Playing #Revolver #Lil' Wayne - Madonna #APPS Apple https://t.co/k1uhaZuELD Google https://t.co/XH4r85E1no
815284273624346625,Listening to #Lil Roy ft Uno Loso X Head Honcho Setta- Niggas Aint Real by #mr5torm on #MyMixtapez.
815224931713765376,üåçüéñ My body said your a #Lil #Sick .... but my #spirit &amp; #inner #G said feel good .... as soon as‚Ä¶ https://t.co/YM6ehWIxo2
793058789121458177,Now Playing on Vibe.#Lil Durk - Get That Money .#worldwide.#Global.LISTEN: https://t.co/N6vXKGdhXs
771045503840706560,Check out this musical.ly: https://t.co/DIEhNZ8FpC (made by @ itsalfiehawkins with @musicallyapp) #Lil
770858610251268096,"Yes, I #KNOW so.  Yo ass rap all muthafuckin #day. It make me wanna hollar playa! Yo ass could be a cold-ass #lil chatbot. #VeteransForKaepe"
638476374165061632,#Lil #Nasty #Ft. ... - #Entertainment #Grime #GRMDaily #LilNasty   Watch Video: http://t.co/NCanFdKM3e http://t.co/aVEVRzxJvP
638467193416613888,Family dinner @DelFriscosBOS #lil #sister http://t.co/pGzXzN7BOH
793060066819727360,#lil kim sex scenes crazy nude photos https://t.co/nD8mQwlHGs
793143364598296577,#lil wayne and sex 0ver 40 hardcore sex pictures https://t.co/aA69NJ4Bue
814678919550996480,https://t.co/7s8o1IC0Sz No sleep till y'all see...... Well maybe just a #lil
792897260258459648,Well #hello #there #lil #pl√§yboy #bunny with a #frenchmaidcostume #blackandwhite #lace #on &amp;‚Ä¶ https://t.co/0SziiDXXWI
793055627283197952,#lil kim eat my pussy rite index nudeteen https://t.co/7utYwbjSXu
814539700518158336,Listening to #We Dem Niggas (Feat. Mozzy &amp; OTF Ikey) [Prod. By C-Sick] by #Lil Durk on #MyMixtapez. üî•üî•üî•üî•üî•üî•
771122850652647429,"#Panoramix #Radio #Station #USA #France #China #canada #Spain #Russia
#Lil Louis -  #French Kiss
https://t.co/xjWK19FuWO"
770730517704564736,@shannon_tharp it's just a testament in what God can do. They tried to kill my career in 1 place and they embraced my career in another #LIL
793192434595340289,#lil Richie is crackung up with us#TheTalk#team Cheryl Richie...#heller #Luv. #Lol
814426738260398080,"""""""The Truth About Birdman , Lil Wayne &amp; The Cash Money Fallout https://t.co/ss1j8QlcHi #money #celebs #Lil Wayne"""""""
793221267373469700,Halloween dub @kobe_ordonio #dirtysprite #lil #boat https://t.co/uI7CdWrqBQ
793051141022031872,#samanthathewonderpup had a doggy play date last night with #Lil https://t.co/mlt35lwG6A
638433313976385537,E-40 | My sh*t Bang ... - #Adams #Dejan #Ginestra #IDA #Janelle #Lil   Watch Video: https://t.co/ZHPch41P2k http://t.co/R69un7zay6
770578374657843200,"Stand by me...
.
.
.
#Lil'Ez
#ArtUp 
#redmi3pro
#kudus
#wonderfullindonesia
#photo
#photography‚Ä¶ https://t.co/XjAhl8sq3Z"
771094946917023745,#persian #catstagram #cats_of_instagram #my #lil #guy #theluxuryhybrid he always makes me so‚Ä¶ https://t.co/JRDh6ZIu5C
770903282164310017,#Lil'Kunst #nonamekitty Just chilling watching Captain America 'Civil War'. https://t.co/SPxb6lSf3j
793087035934474241,https://t.co/awJWE6lekQ #Lil Fan SEC Teams Sling Bag University of Alabama - Lil Fan Diaper Bags from $30.99 #Lil ‚Ä¶ https://t.co/z7XpomIjlW
793052538975166465,#samanthathewonderpup playing with #Lil https://t.co/xIXAMqbRsg
770917950203187200,Lily and Dillion Harper brunette beauty maiky stuffs her tight milf pussy on periscope: #Dillion #Harper #Lil... https://t.co/WvQxXK6Gww
771074074248224768,All these young rappers dominating the game #uzi #kodak #lil boat #21 savage
815321906341695488,Ngaun palang matutulog. Good morning. I really love this girl. #Lil ‚ù§üòçüòò ‚Äî feeling drunk
770775473408401408,https://t.co/Yfs1mYP587 #Lil Fan Big 10 Teams Backpack University of Minnesota - Lil Fan Diaper Bags from $55.99 #‚Ä¶ https://t.co/V3a8CktlaO
638385910657228802,Had A #Epic #Night #Out In #Cardiff In @kingscardiff &amp; @pulsecardiff  #Minion #FoamParty With @TCDawes &amp; @zoej90 &amp; @HopOliver &amp; My #Lil #Sis
793219364732432388,Off to get the candy with the #Lil MILLER'S https://t.co/kjioFyL3RY
770999563922444289,"What #kind of #lil pimps s book do you #like, biatch?   I #don't be #thinkin I have #heard #anythang by dem #wild-ass #muthafuckas.  Is they"
792931095666974720,#lil wayne xxx porn videos drunk girls got fuck https://t.co/36TfBDtOSN
770691965469851649,BIG S/O 2 #King #Lil #Chaz (@kinglilchaz) #chiraq - GET IN TUNE WITH THE #1 #INDEPENDENT ARTIST‚Ä¶ https://t.co/a3ecoeitE5
815002179895496704,#RADIO #00s #juice Now Playing #Revolver #Lil' Wayne - Madonna #APPS Apple https://t.co/k1uhaZuELD Google https://t.co/XH4r85E1no
793212591149608960,#RussellWestbrook #Russell #Westbrook #Lil #Uzi #Vert #Jordan #Commercial Buy things about‚Ä¶ https://t.co/rLDYk6tNZl https://t.co/ryUZ4PyKej
814667541364752384,Ranking #Lil ... #Album #Beat #Chainz #Feat #NowThatTheHolidaysAreDone #news https://t.co/j6B40tgBJg https://t.co/HXghLAyUrh
793076344775204870,#Lil Yachty Exposes Phone Call with Soulja Boy after Soulja Says Yachty C... https://t.co/C1dyH0sNM6 via @YouTube
814691698689314816,I gave my #lil #bro instructions years ago to shoot u between ur #crooked eyes u dumb bitch. He know wat yall bitches look like üò∫üíÅüíØ‚úîÔ∏è
815154327820111872,"#Charbel and #Lil Rockerfeller Can Win on #ITV‚Äôs Big Day!
https://t.co/1JlfzpR68o https://t.co/1yaEvVELkW"
815262908192096256,"2017 IM TAKING OFFF üõ´üíØüòà
#Lil$lumpedGodd"
770894370547654656,"#Panoramix #Radio #Station #USA #France #China #canada #Spain #Russia
#Lil Louis -  #French Kiss
https://t.co/xjWK19FuWO"
793080069862326272,https://t.co/xcAtMirjQk Lil Nugget the puppy and her buddy Chicky the kitten #video #lil #nugget #puppy #her #buddy #chicky #kitten
814777318002532352,#Lil Darling Don't U Know..ü¶ãüçÄüåç https://t.co/RGWIP8vjuj
793175209734012929,#RADIO #00s #juice Now Playing #Yeah #Lil' Jon - Ludacris - Usher #APPS Apple https://t.co/k1uhaZuELD Google https://t.co/XH4r85E1no
771009383388119040,"#MiddayLove #Lil #WCW üòç

My day just got a whole lot brighter!! Thank u lil Mama üòò 
#repost‚Ä¶ https://t.co/a7QowPj0Tv"
815259857850920960,"#LIL #UZI #VERT #STYLE #BEAT/ #INSTRUMENTAL(TRUNK BASS) ""Camouflage"" By #Ninja #Mane on #SoundCloud https://t.co/8Z5CfqU91L"
638452853414035456,"#Oskar #G. ‚Äì #1 #in #a #Million #ft. #Lil #Flip, A+, A.D #Bay Bay http://t.co/BJQHF9Mgt2 #music #1inamillion #2015"
770874922449178624,https://t.co/X1JRdYRyBZ #Lil Fan SEC Teams Sling Bag Auburn University - Lil Fan Diaper Bags from $35.99 #Lil Fan ‚Ä¶ https://t.co/qUZtchKFdt
793175996274974720,Just giving face. #nofilter #just #me #givingface #i #do #this #just #a #lil #somethin #for #yall https://t.co/CKVkFM2uuD
814694923068903424,#lil wayne hardcore sexegratuit cc https://t.co/vBTHuqIx43
792954368123215873,Lil-iyke ft Playboy - Money (Freestyle) https://t.co/boTSW69zoL #LIL-LYKE #PLAYBOY
814944751782887424,Mr p I wanna learn pop dance from you...am #Lil Joshkiddy
771002446239895552,#studiotime @ZeelandZoundZ #Lil' Fire in da #house #dutch #hiphop https://t.co/GcYQUIQXCZ
815142676165074948,Video Playing : #LiL D - #Dime Piece on https://t.co/wYJ7f8oGgu 24/7 TV #nowplaying
771105323285352448,[#TL] #DOWNLOAD The ecstatic #AmeninHD18 Mix &gt;https://t.co/bO1ICMyahG&lt; Featuring #Lil Joe powered by @oneqn https://t.co/nG2j6FrVf6
792958679817523200,#lil laura anal nude girl next door pictures https://t.co/xij1IFU2U6
815331686317772800,Listening to #Lil George- We Are Kings by #mr5torm on #MyMixtapez.
815305987162832896,Eat ... sleep... üí©.  #babysittersclub #YtheLnot #lil'drink #ashleymarie https://t.co/s7j80zWsF3
770924125355401216,[#TL] #DOWNLOAD The ecstatic #AmeninHD18 Mix &gt;https://t.co/bO1ICMyahG&lt; Featuring #Lil Joe powered by @oneqn https://t.co/nG2j6FrVf6
638267091452227584,#Lil Lobster Deluxe Toddler Baby Infants Costume: ¬£32.58 End Date: Thursday Sep-10-2015‚Ä¶ http://t.co/PYJNo36Heo http://t.co/fPCGEX90k4
793133707850809345,Check out this musical.ly: https://t.co/9XOVz05JMB (made by @ itsalfiehawkins with @musicallyapp) #Lil
770864022891606016,A #cute #mini #lil #native #water #princess #chibi #Imade this #weekend since we missed the‚Ä¶ https://t.co/POhJd0x0wo
770810302313160706,#Nowplaying: Anytime - #112 feat. #Lil Zane  #SlowJamz  #NYTonyshow  #BedroomMusic https://t.co/oq3ZSHAkGg
793208777390555136,#Time- #Lil #Uzi #Vert X #Travis #Scott Type beat Free Download (prod. by Flib0ibeatz)‚Äô on #SoundCloud #np https://t.co/R0A4DsIkE8
771057481854234624,"@jimmykimmel @HamiltonAnthony @thehamiltonesnc IF I HAD THEM SURROUNDING ME SINGING, I'D RUN TOO, THEN FAINT LOL #LIL CHICKEN"
638385726850097152,&amp; MA #lil BITCH ÛæÜ¢ÛæÜ¢ALWAYS B LIKE U B #JUGGED UPÛæì§Ûæì£Ûæìù‚ú® #DRUGGED UP ÛæîäÛæîä SEE DATS DA TYPA SHIT Ûæå¥Ûæå¥ DAT MAKE ME #BUG UP ÛæáãÛæáãÛæáã
815213462758494208,"#Charbel and #Lil Rockerfeller Can Win on #ITV‚Äôs Big Day!
https://t.co/1JlfzpR68o"
792935293410217984,sex video pregnant #lil girl naked https://t.co/g9D46ofMzv
771048273658413057,#lil old meüëë https://t.co/XhOowoeKn9
770908812572262400,https://t.co/vzK0Ow3qfv #Lil Fan SEC Teams Backpack Louisiana State University - Lil Fan Diaper Bags from $55.99 #‚Ä¶ https://t.co/Hl8Wem4aO0
793225497782149124,#Time- #Lil #Uzi #Vert X #Travis #Scott Type beat Free #Download (prod. by Flib0ibeatz)‚Äô on #SoundCloud #np https://t.co/R0A4DsIkE8
793181148331569154,#lil candy porn star santa's naked elves https://t.co/b5lYLQy3wX
638314367197540352,"Theses hoes got pussys like craters can't treat these hoes like ladies, mannn üé∂ #LiL"
792988955532730368,#lil wayne pussy money weed song hot thighs fucking teen https://t.co/pKQ7trnXSC
771050492457877504,Check out our fall schedule!! #LIL #ETH #PullTheRope https://t.co/K0XYDQU81V
793166126435950596,Watch #Charli XCX and #Lil Yachty Party With Zombies  https://t.co/ZE32EBtUPn via @pigsandplans
793138294636810240,#lil kim but naked lesbian teen forum https://t.co/DX85mBPHpK
793082746566508544,@ainsyahiraa #lil#bodygourd
815331631154266112,Listening to #Lil Roy ft Uno Loso X Head Honcho Setta- Niggas Aint Real by #mr5torm on #MyMixtapez. Banger
770856092842676224,"Yes, I KNOW so.  Yo ass #rap all muthafuckin day. It #make me #wanna hollar playa! Yo ass could be a cold-ass #lil chatbot. #VeteransForKaep"
770861874082553856,Check out Lil Dress 4 White True Wrap Style Cotton A-line Anthropologie Sundress Women's 4 #Lil https://t.co/J1A7oo4q21 via @eBay
815256653297655808,#R.I.P #lil #Gary #watch over us  #tell Jessie and Gentry love forever. #grinding until wheels‚Ä¶ https://t.co/qWVzW07DxZ
814478108795555841,Lil B &amp;amp;amp; Metro Boomin Team Up For ?My House? #lil https://t.co/CdIuUmeb5w
793087496196358145,#happy Halloween 2016 #lil stixz https://t.co/uddhDLNONk
814939602767245312,@TheBetci15 lol I saw your mistake #lil
814965222800760834,Living It Live has been updated! #LIL
638214178591928320,Tough times in Thailand with babes üåÖüåé #Lil&amp;Joelontour https://t.co/rsXh66gGNq
814921698344574976,(https://t.co/eOsQVakj6c):#Drake &amp; #Lil Wayne Are Tied For The Most Hot 100 Hits Of Any Solo Artist :..‚Ä¶ https://t.co/d6HqG4CuMX
638419499985842180,LandedInLuxury: #motivationalmonday hope everyone has a great day! #landedinluxury #luxury #luxuryexperiences #lil‚Ä¶ http://t.co/grS44ux97R
770808434941829125,Tue 22:20 wayne bring it back BY #lil by  #nowplaying #FREQUENCY360RADIO https://t.co/lPX9DeN3Xd
770909268547608576,"Looking forward to a good day! Weights, visit, TEAM practice! #LIL #ETH #PullTheRope"
793065295858532352,#lil romeo naked favourite sex positions https://t.co/iw5dEWOqqO
815235572423917568,"#Usher, #Nas, or #Lil Wayne? Which one is your favorite #HipHop #artist? https://t.co/IHrd5OP1BS .. #popculture‚Ä¶ https://t.co/ERMUxGIBz9"
704386375462875138,Bumping the tunes with the brothas @TripSquadTones @PurpKuSHxD #lil uzi #future #allday
638398838760345600,Pour liquor before we sip it.   Rip #jayBoog #creep #Sass #Lil E  #cal #jakela
638017284943032320,Happy birthday Lil Fred!!  Lil Fred turned 7 today..time flies quickly!!  #lil #jr #growingup #smart‚Ä¶ https://t.co/s2N7XV9JUh
616013931488768001,#Big E Ft. #Lil Flip &amp; #Frayser Boy ‚òÜ Game On ‚Ñ¢Sc‚Ä¶: https://t.co/aAmmz2RLtO
638237296639143936,"Thatz enough #bout #you, #nahmean biiiatch, biatch? Letz rap #bout me #fo' a cold-ass #lil chizzle. #VMAs"
726216515922489345,lil wayne Free Ebook for Download - https://t.co/qXn6pBbbfh  #lil #wayne
616008497189117952,#Lil Wyte Ft.#Miscellaneous#La Chat#Frayser Boy#A‚Ä¶: https://t.co/wVYUj4KID7
704414325432324097,"#Cassie - #Official #Girl ft. #Lil #Wayne

(@CassieSuper @LilTunechi)

#RTW ‚Ü™ if u #like

#DropTheRnB #RnB #LilWayne https://t.co/lkcIT0kKaR"
638403149053693952,E-40 | My sh*t ... - http://t.co/eZorEBdP5f (#Adams #Dejan #Ginestra #IDA #Janelle #Lil #Starkman #Swag) http://t.co/33aY6FiY8i
638325822479335424,"TEAM CHAMPION
#with #another #one ...
In #studio with my #lil #bro @lil_g1989 #making #future #hit‚Ä¶ https://t.co/KqzggXqCnM"
704333818120048640,Project Pat - Pint Of Lean Feat. Juicy J (Prod. By LiL Awree On Da Track) [New Song] - HotNewHipHop #lil https://t.co/FthvZZL7lB
616014467499823104,#Dj Khaled Ft. #Chris Brown #Lil Wayne &amp; #Big Sea‚Ä¶: https://t.co/uBODJdUjT3
638146719025205248,@danieltosh #I #aint gots #a #cold-#ass #lil clue.
704278157730439168,#TechNews #Lil Wayne wants to know why he can‚Äôt pour champagne over his smartphone in Samsung‚Äôs Galaxy S7 OSCARS a‚Ä¶ https://t.co/hwbLC1T9da
615901715859025921,Making money in bigger and way better place. #Lil/Big
637988414449709056,#LIL MA WAS JAMMIN WIT ME SHE LOVED PUSHING THE SMOKE BUTTON#SAVE THE #KIDS #OUR #FUTURE https://t.co/w8NHJ8pZ1Y
726043180555210753,Lil Dicky&amp;#039;s Greatest Asset Is His Realness #lil https://t.co/75eCyetDrB
638011380625469440,Sunday chill'n with my bea üë≠üê£üíû                                                              #lil #sis‚Ä¶ https://t.co/lSRvZuKY5q
638316054377299968,Now Playing Lil‚Äô Kim - Lighters Up #lil‚Äôkim http://t.co/GBNMY61SJ2
704277259230830592,#TechNews #Lil Wayne wants to know why he can‚Äôt pour champagne over his smartphone in Samsung‚Äôs Galaxy S7 OSCARS a‚Ä¶ https://t.co/QJJneezZyT
704445725346832384,"I am a massive Sci Fi and comics fan
I believe in alien life
I have faith in people
But the latest #Lil-Lets advert is fucking unbelievable."
704278215372775424,#TechNews #Lil Wayne wants to know why he can‚Äôt pour champagne over his smartphone in Samsung‚Äôs Galaxy S7 OSCARS a‚Ä¶ https://t.co/UTOC7SLonV
638378221227102208,"I'm sorry I bit you, and pulled your hair , and punched you in the face. #Lil"
616011616971173888,#Lil Durk Ft. #Jeremih ‚òÜ Like Me ‚Ñ¢Screwed By Will‚Ä¶: https://t.co/fMYYxjHqoW
704277206596460544,#TechNews #Lil Wayne wants to know why he can‚Äôt pour champagne over his smartphone in Samsung‚Äôs Galaxy S7 OSCARS a‚Ä¶ https://t.co/191oVr52mx
637991985979129856,"Throw dirt on me grow a wildflower but its fuck the world get a child out her!!
#lil"
726297049801625600,She's so darn cute!! #rorybear #cutest #lil #niece #inthewholeworld #sillybear #cuzzotime @ Rio‚Ä¶ https://t.co/UmeTnKVH0U
704277176879882240,#TechNews #Lil Wayne wants to know why he can‚Äôt pour champagne over his smartphone in Samsung‚Äôs Galaxy S7 OSCARS a‚Ä¶ https://t.co/mohmV8m1T3
616000415986003969,"@pineapwebdesign Thanks for following us, Designers! Help us get ahead &amp; check out our #comedy series #LIL https://t.co/uLMKFUkad2"
726009903513489408,Lil Wayne ?Do It Again? #lil https://t.co/uszL0usokb
704394965607182336,#Lil# #Si# - #Doesnt# ... - #1xtra #City #Djvlad #Free #Freestyle   Watch Video: https://t.co/HrQ226iENS https://t.co/4rPkkvKZ7g
726370027381899264,Lil Mouse ? Terry Crews #lil https://t.co/gTEIPma1eu
616009811558141952,#Lil Wayne ‚òÜ Trap House ‚Ñ¢Screwed By Willie A Holm‚Ä¶: https://t.co/h3g510nuRM
726406428827607040,Always havin' fun üéÄüéàüåàüé†#diadelni√±o #happychildrensday #girl #fun #cute #lil https://t.co/1weDFhEy8y
638404526312132608,At http://t.co/uhQCmrwevY -- from queen_beezy25 When its hot as hell outside but you're someone's #1fan .... #lil‚Ä¶ http://t.co/8yc5fuaMwo
704321241574805505,#Lil #Wayne Zayn Malik Releases 'Pillowtalk' Remix Featuring Lil Wayne  Click&gt; https://t.co/VmEIUXbHdw
615907946225123328,@RadiiKingzz #LIL love is love üíØ
726060336701386754,My #lil #siter came back from #asia an brought back lots and lots and lots and lots of #mnm‚Ä¶ https://t.co/oNVFANf2wK
638395143909961728,Niggas is bored üòí #Lil
704277164389244933,#TechNews #Lil Wayne wants to know why he can‚Äôt pour champagne over his smartphone in Samsung‚Äôs Galaxy S7 OSCARS a‚Ä¶ https://t.co/yiNR8Jra6y
704450216875790336,"Listen to The Movie About Love by #Lil-R #np on #SoundCloud #LeapDay #Oscars #MakeDonaldDrumpfAgain #DayItForward 
https://t.co/t3nEns7cZW"
726178475518873600,#Lil'Soulja #ST #–ù–†–ö–î #—Å—ä–µ–º–∫–∏–∫–ª–∏–ø–∞ #Q2ZABangers #q2za https://t.co/QH8CuUi5tR
615904483462156288,‚Äú@jaredhartill95: Making money in bigger and way better place. #Lil/Big‚Äù
637977341537439744,#Basketball wit #flames #character on #lil #man #done #by #me #nellinell‚Ä¶ https://t.co/zcgjTMF84D
726448253596618752,#lil legend #streetoutlaws https://t.co/kVuaNupnCs
704277157506318336,#TechNews #Lil Wayne wants to know why he can‚Äôt pour champagne over his smartphone in Samsung‚Äôs Galaxy S7 OSCARS a‚Ä¶ https://t.co/S33b0jtKTU
615996694665293825,#Lil Skate Board
638141725370904576,"they say machines are like women, they take care of them... regularly... @halo #lil bit of #romance #AldubTheRevelation"
726028336158363648,"#EDM #House #Electrohouse #Deephouse #Electro #Lil Jon Get Loose (Garmiani Remix)
listen: https://t.co/u2PX3N6pMx"
704278162352504832,#TechNews #Lil Wayne wants to know why he can‚Äôt pour champagne over his smartphone in Samsung‚Äôs Galaxy S7 OSCARS a‚Ä¶ https://t.co/VCCeAHS2KI
615911155224055810,You touched so many lives... You were so strong minded.. Prayers out to you bud. Your in a place of peace now. Shout out to you bro #Lil/Big
615871231129030656,So do I! What a cold-ass #lil coincidence biaaatch!  Is #it straight-up? #Grapes
615759896424779776,"Video: #Diddy Performs With #Mae, #Faith Evans, #112, #Lil kim, And More At BET Awards.... http://t.co/LkwXuMJbQd"
704277172761006080,#TechNews #Lil Wayne wants to know why he can‚Äôt pour champagne over his smartphone in Samsung‚Äôs Galaxy S7 OSCARS a‚Ä¶ https://t.co/5371N14rbs
704342697364971520,"#LIL RUBIO QUIT MAKIN AN /#*/OUT URSELF, R U RUNNING 4 SENIOR CLASS PRESIDENT or a COMEDIAN? #ENQUIRE MINDS WANA KNO https://t.co/7GbnSr5MJH"
726189218821738497,"#happy #birthday #lil #sister #love #you üçæüçæüçæüåπüíñüòçüòò
I almost forgotüôâüôä https://t.co/KViIrnePY0"
616012107666972672,If heaven wasn't so far away ... #lil/big
704434831585845248,#AlAireAhora:  #Lil #Jay ‚Äì #Baila (Prod. Lenz #Studio #y #Yutay #The #Producer): Lil Jay‚Ä¶ https://t.co/rFpMeK7fMM
638008020111368192,@iDnt_Ker and wat decision is that #lil
704278207604908032,#TechNews #Lil Wayne wants to know why he can‚Äôt pour champagne over his smartphone in Samsung‚Äôs Galaxy S7 OSCARS a‚Ä¶ https://t.co/QdL4yPd8ai
726321652674494464,"#EDM #House #Electrohouse #Deephouse #Electro #Lil Jon Get Loose (Garmiani Remix)
listen: https://t.co/u2PX3N6pMx"
704412212287414272,He's every spit of his father he's gone be a survivor hustler the right way business man #Lil‚Ä¶ https://t.co/dRm5YzJk72
616010453190246400,#Lil Nuka Ft. #Billionaire Black ‚òÜ Come Back ‚Ñ¢Scr‚Ä¶: https://t.co/yOSTHTIIAu
726226493433503744,"Fitting out..!!!üòâ
I know how much she loves doing this..üòçüòòüòÇüòÇ
#lil'J [pic] ‚Äî https://t.co/EpQRRa67fL"
616009392597549056,#Kentrell Ft. #Lil Herb ‚òÜ Mary Jane ‚Ñ¢Screwed By W‚Ä¶: https://t.co/XkJv5oKl8U
726475314038235137,IG RT dookie_206 üî¥‚ö™ #effzeh #fussball #fck√∂ln #meinverein #bundesliga #klassenerhalt #rheinenergiestadion #lil... https://t.co/OBsniuFXq7
638329964639588353,G.E.T.O.R.E-Give‚ÄôEm The Original and Real Episode- ÊúÄÂÆâÂÄ§ ‚áí 105ÂÜÜ http://t.co/nuhtiaXX0v #1KYUfromNCBB #SPOCK #LIL‚ÄôJ #MrSOICHIRO #HANKUN
637965830974775296,"Just your average, run of the mill lunch hour at LEC- Brooks Brothers Burgers and an episode of Parks and Rec. #lil‚Ä¶ http://t.co/qAeKyoTDBm"
615754331720028160,#Cool #back to #school sets for your #lil‚Äô ones! #Personalise &amp; #surprise them! http://t.co/HhwQPw0af7 http://t.co/s94hvJ7ula
615907554686799874,The 4th of a possible 10 lil kittens üòª #lil #kittens https://t.co/x0UsRCZEv6
615890017999687680,"Wh#at m#ake you be #thinkin th#at, bi#atch?  Yo #ass seem #a #lil' #bit #confused! #grapes"
704395543255113728,"#EDM #House #Electro #Deep #newmusic #djset #Lil Jon Get Loose (Garmiani Remix)
listen: https://t.co/u2PX3N6pMx"
726548403182776320,Yagi big shout out to #lil kesh# @lilkeshofficial
726481135400804352,Awsme dance group #superb #lil #kid #IGT https://t.co/Q1piHXmIeX
615994355573235712,Juju really my hitta #lil bro üòà
615979577194749952,"Disrespecting mrs .Lisa never thought I'll say it fuck it 
#lil juice"
704277187189481472,#TechNews #Lil Wayne wants to know why he can‚Äôt pour champagne over his smartphone in Samsung‚Äôs Galaxy S7 OSCARS a‚Ä¶ https://t.co/XZtSlLiUf7
616006276527603713,#Lil Nuka ‚òÜ Cash Talk ‚Ñ¢Screwed By Willie A Holman: https://t.co/vtDAkDI4HQ
638015835064401920,"I'm sorry I bit you, and pulled your hair , and punched you in the face. #Lil"
704321240719163392,#Lil #Wayne Selena Gomez Wants To Delete Instagram Over Justin Bieber Drama  Click&gt; https://t.co/VmEIUXbHdw
704278193851731968,#TechNews #Lil Wayne wants to know why he can‚Äôt pour champagne over his smartphone in Samsung‚Äôs Galaxy S7 OSCARS a‚Ä¶ https://t.co/5O149eyoLn
616018822235992064,#lilüëÜüèªfor 1‚É£üíß #GLUS #1111 TY to @JustinLiberto (aka #üêê)  &amp; @misterashmoney (#üö¨üí∞)üòúfor convincing me to play üë∏üèº #GLUSüçÄ http://t.co/6rFRw4Uj3i
704348151298310144,"I'm sorry I bit you, and pulled your hair , and punched you in the face. #Lil"
704341356492132352,"#LiL RUBIO QUIT your #HATING! I'M so SICK of YOUR INSULTS! HOW, MUCH LOWER CAN U STOOP TO? U R AN #NSULT 2 REP PARTY https://t.co/40g2fp6yMZ"
616007705765937152,#Lil Bibby Ft. #Kevin Gates ‚òÜ We Are Strong ‚Ñ¢Scre‚Ä¶: https://t.co/J1PEad0zSY
616005707435872256,#Tre Pierre Ft. #Rich The Kid &amp; #Lil Soulja Slim ‚Ä¶: https://t.co/E9ADiE9WqB
615910088314912768,@NiApple appreciate that #LIL love is love
704381543318470657,Lil yachty.....#lil boatüòà https://t.co/EqlDoRqsMf
616020762705539072,#signs - @JenShahade just texted me she has 111 texts üòç #makeawish‚ú® #1‚É£1‚É£1‚É£  #lilüëÜüèªfor 1‚É£üíß http://t.co/KeqoXBpjtS
704277156793286657,#TechNews #Lil Wayne wants to know why he can‚Äôt pour champagne over his smartphone in Samsung‚Äôs Galaxy S7 OSCARS a‚Ä¶ https://t.co/jrEDFSfwcY
704421777993244672,"Hey nobody loves me better @mariajffp 
#lil"
726511491344666625,Way to run em down Ace!! #ballplayerplus #5yearsold #lil league #baseball #1stbaseman #fun‚Ä¶ https://t.co/bZAzxL5lcE
616008814161059840,#Lil Boosie Ft. #Rich Homie Quan ‚òÜ Like A Man ‚Ñ¢Sc‚Ä¶: https://t.co/Cj12V6TD4N
615995655333396480,#rainycity #lil Best #sexual addiction treatment system: http://t.co/hf5ChrMXVr Accepting help is the first st http://t.co/7RzRN9C97g
726242099155312640,MY CD COMING SOON..CHECK OUT VIDEOS ON YOU TUBE...#LIL WI-FI https://t.co/7B1I9WhcUU
615999710374051840,"@Rider596 Hey, Rider thanks for following us! Take one last ride with us &amp; check out our new #comedy series #LIL https://t.co/uLMKFUkad2"
638380559647965184,"Enjoy this day, this situation, this life &amp; all it encompasses! Enjoy, and bring all of life more fully to life! #KIP #LIL #ICU #LML"
726153758720282624,@Leetomlin10 @Boro get yaself back here #open arms #lil Boro legend #UTB
725949283594182657,#NowPlaying #Lil Wayne - Meek Mill - Nicki Minaj - Rich Homie Quan - #My Nygga. https://t.co/mUZ4Q2m01M #radio
704278173006036994,#TechNews #Lil Wayne wants to know why he can‚Äôt pour champagne over his smartphone in Samsung‚Äôs Galaxy S7 OSCARS a‚Ä¶ https://t.co/ENWZH6bnzD
861271935816273925,#lil girl gets fucked naked moms over 30 https://t.co/fKvXaGM5nB
861328775191158791,11U champs #Lil Clea‚öæÔ∏è‚öæÔ∏è https://t.co/GoQIcNigJW
861335771827011585,#lil pink pussy sexy muscle women porno https://t.co/kmu1BjvLFY
861364935875579904,#lil summer porn pooping sex videos https://t.co/7i7dgtBOTX
682387258654257153,@mollyharty13 LAUGHING so good #f #lil #brick
660540477255479298,#lil ain't so bad https://t.co/SzL5Y7yU2Z
861363288046809088,"@lilaubiegirl @angelananaedna @goobie2014 you are most welcome, I know that you likes them!!  #lil"
860963526147538949,#lil wayne blowjob amateur math https://t.co/kez6nGPqVz
682410146304258049,ITS ONLY RICO BABY #NoMoreExtras!!! #Lil Wayne-Sqad #WeReadyFreestyle‚Ä¶ https://t.co/oieR81PwwS
660483885520785408,"I'm sorry I bit you, and pulled your hair , and punched you in the face. #Lil"
682654772831358976,Blood Wyaaa ? üëÄüòÇ #LilüíÇüèæ‚ö´Ô∏è
725892228124536832,Had fun on set today with the homies @lloyd_yg @jaleelwhite #goodtimes #igetpaidtohavefun #lil‚Ä¶ https://t.co/0MJwxqj0QY
682652449535078400,In Daa Way üëêüèæ #LilüíÇüèæ
660305200775868416,Love You Baby Girl #Lil Sis @Tionna1116 https://t.co/HLmB1TqGgL
660580167916457984,"""üéÉ Happy Holloween üéÉ....... #LIL‚úàÔ∏è #1‚É£0‚É£0‚É£KFLYAPPROVED https://t.co/FNEYGGy3AK"
660518012311568385,Halloween :p #Lil sis https://t.co/K4hKLfo4Lu
660121502004731904,"I'm sorry I bit you, and pulled your hair , and punched you in the face. #Lil"
861306868622254080,"lil old man enjoying the sunshine and breeze

#pup #dog #lil #smol #baby #spring https://t.co/F3ng1UbiNW"
660297964284469248,#Lil late but better that than never! wanna send a Happy Slime Day to my big bro aka my‚Ä¶ https://t.co/I10r8Twqn9
660163101464109056,Happy (almost) Halloween! üéÉüëª #fbf #lil #witch #creativecostume #halloween #nofilter https://t.co/4uUT7k9HF4
861241978633285633,Lil Wayne- Dr. Carter ‚Ü∫RT‚ù§Ô∏èÔ∏è https://t.co/3H2xNvaHsz #wayne #lil
660124338440560640,#quality #time wit #My #little #Skelaton #Lil #Gg  #Breakfast wit my‚Ä¶ https://t.co/Gw74DOiPpF
660149866941796352,"It kills me every time I see or hear about it 
#Rest #Up #Lil #sis https://t.co/KwfNl6MOjW"
726062393927815168,Fit for a #lil #princess #sofiathefirst https://t.co/OVwMTNyMUU
660579949833793536,#Lil #Fire @ Mt Top https://t.co/0v0N6FKXIt
861306099412201472,#lil white pussy so so teensexindia https://t.co/QPkZKqJMSr
660103082991185922,"Listen to #CdotHoncho Ft #Lil Herb - 50 Of Em by cdothoncho #np on #SoundCloud
https://t.co/h0ZSKehp3X  üî∫"
660407514672984065,G.E.T.O.R.E-Give‚ÄôEm The Original and Real Episode- ÊúÄÂÆâÂÄ§ ‚áí 1ÂÜÜ https://t.co/nuhtiaXX0v #1KYUfromNCBB #SPOCK #LIL‚ÄôJ #MrSOICHIRO #HANKUN #„Ç±„Ç§„Ç®„Çπ„Ç¢„Éº„É´
660099497817735169,"Now Playing Ja Rule, Vita, Lil‚Äô Mo - Put It On Me #jarule, #vita, #lil‚Äômo https://t.co/YSzit39tZs"
682432054718525440,He was only 18 all he wanted was a coop #Lil snupeüíØ
682407603746553860,#Lil Wayne-Christina Milian Update: Couple Back Together? New Details Emerge ... - https://t.co/iEi5H9LuJ9
660394832737779712,#I had a new friend today #lil Esi https://t.co/TowQ9Z8H8b
660177941364613120,Company profile Lil Bossman Inc. - https://t.co/RRw178GZmJ  #Lil #Bossman #Inc.
861348142238846976,#lil kim the naked truth download famosas teniendo sexo gratis https://t.co/ilbumQUBz2
861248560590966787,ashley rolb nude #lil girl geting fucked https://t.co/xadrUjiKEq
861324115705286656,#lil kim hardcore songs fucking point in delhi https://t.co/wAQ5WSr2Eq
682598874146598912,WE L.I.LIN 2 #JAN7 #WL2 #COMINGSOON #LiL #2K16 https://t.co/vDp8crMRU3
682423460367319040,"I'm sorry I bit you, and pulled your hair , and punched you in the face. #Lil"
682604303626932225,When sasha plays piano over and over and i wanna die #annoying #lil #sis like stop
682590162388447234,#cutest #brother #ever #lil #bro ARCHITH #this #this #life https://t.co/VHr8xKBTnq
682420985576951808,#RADIO #00s #juice Now Playing #Get Low #Lil' Jon - The East Side Boyz #APPS Apple https://t.co/k1uhaZuELD Google https://t.co/XH4r85E1no
726015894606868480,"This is funny. I type #Lil in my phone and Kim, Scrappy and dick show for auto select at bottom. #imWeak"
682608075312873473,#Lil Wayne - Playing With Fire https://t.co/JmAbbApp7f
660148843510702080,Boss up #Lilüèßü§òüèº https://t.co/NkKLL2GBDO
682481221180493825,#RADIO #00s #juice Now Playing #Bow Wow #Lil Bow Wow #APPS Apple https://t.co/k1uhaZuELD Google https://t.co/XH4r85E1no
660509546759241728,Gossip girl? üòÇüòÇ #candid #shot #momsbelike #DamiaKamelia #love #life #without #little #baby #girl #lil‚Ä¶ https://t.co/XInGZ86aOT
682353417763840001,"Happy bday my #lil #goddess #sis naayeboah 
Love u üòòüòòüòòüòòüòòüòòüôèüôèüôè
naayeboah 
naayeboah 
naayeboah https://t.co/BzCNHVoMck"
682407529192775681,#Lil Wayne-Christina Milian Update: Couple Back Together? New Details Emerge ... - https://t.co/Jb3icyRdEX
861294908036009988,#lil kim hardcore tracklist tan line sex videos https://t.co/s5q2mftEDS
682411994234896384,"Retweeted #lil #cozy (@WARHOLSS197):

jan 2nd it's bussin.

see me @ iridium w/ some friends. i go on @ 9:15... https://t.co/OZwU67S8A1"
682664121154809856,#Lil Lonnie - Havin Thangs ft Cool Amerika @_djdream_ @Spinrilla https://t.co/yqrrwn8PEJ https://t.co/pmfRq8DJyW
682656509763956737,Now Playing Lil‚Äô Kim - Lighters Up #lil‚Äôkim https://t.co/8A7P2VUax5
682593307558547458,RT LEVEL_DINERO Technology kidnapped my lil one... #LIL #MISS #DINERO https://t.co/TCDTxPBBuG
682689485956595712,#Lil-Bow having Hogmanay fun..https://t.co/9x2Yo17HH4 https://t.co/eVutd1BPKu
660350645413781504,Sketch inspired from a @brigittetruong picture... #sketch #sketchbook #music #clothes #lady #Australia #France #lil‚Ä¶ https://t.co/GXlrFSAwVm
682584074104532992,#RADIO #00s #juice Now Playing #Yeah #Lil' Jon - Ludacris - Usher #APPS Apple https://t.co/k1uhaZuELD Google https://t.co/XH4r85E1no
726043178470629377,Lil Dicky&amp;#039;s Greatest Asset Is His Realness #lil https://t.co/BY4XzMV8ku
726097457478688769,Read #Yo-#Yo #Ma &amp; #Lil #Buck in Stunning Dance Performance of The Dying Swan on https://t.co/SfhBksIFmT https://t.co/bKTC0G0YhQ
726029695066607616,(Phoenix New Times) #Lil #Dicky's Greatest Asset Is His Realness : Being a self-made independent hip-hop.. https://t.co/wGuhgy0MFt
861349867792343044,@bbusa617 #Lil'Macron is the EU and Merkel's puppet. France is not a sovereign country but a subordinate State if t‚Ä¶ https://t.co/G3VXpsyDdZ
861327880491606017,#lil wayne pussy money weed lyric performance:teen sex fuck https://t.co/dHTFbPCteA
660537394739965952,HOME / #LiL https://t.co/Xr7A4oEWe1 https://t.co/xwXcp9Y5H9
861364638642032640,#lil laura fuck free porn no flash player required https://t.co/6FEcCFKcn9
726080412489904129,That and the many adventures! #OhBoy and @captntracey you know it! Anytime for your success! #LiL  https://t.co/xtN0idDZ1f
660517348420399104,Free #Lil Facts üíØ
682490140523036672,I #aint #gots a #cold-ass #lil clue.   It #aint #nuthin but rather fucked up.
861026717867139072,amputee porn videos #lil thai porn https://t.co/hwkFjmSTCx
682659165777571841,"2015 GOIN OUT WIT A BANG.. 

THANK YOU @llcoolj  

G.O.A.T  @llcoolj  

#G2..""TELL THA WORLD""  

FT.  #LIL LEEKY  

https://t.co/pBgMZYfeF9"
861354328199761921,@goobie2014 @PugPookie Sure does awl so nommy! #lil
860968654900346880,#lil kim hardcore tracklist teenj+lesbian+teen+by+sex https://t.co/531srq0x3T
660482060130377728,#Halloween #bars #newmusic #newartist #ChitoGI #LAME #undergroundhiphop #southside #Lil'Poet made with @flipagram https://t.co/d6XwqnWVkh
660501639892176897,I love balloons üéàüéà #DamiaKamelia #balloons #playtime #goodtimes #lil #rascal #love #life #without‚Ä¶ https://t.co/dz62YBRwvb
861047943192866817,#lil kim eat my pussy right omas suchen sex www amateurgallery https://t.co/IpgOvnnAo3
660468042015621120,#lil'sis on big brother's waters #HenleySculls @Robbiethecookie @EtonExcelsiorRC Great race great day! https://t.co/3rYaPalAQr
861021788725276672,#lil white pussy naked splits https://t.co/gEmgARtUzo
660095354688438273,Photo: Your desire is alwsys deep jn your heart üë∏ #cafe #life #lifestyle #lil #space #blacknwhite... https://t.co/fp3GEvCTc4
682675959699521536,#RADIO #00s #juice Now Playing #Get Low #Lil' Jon - The East Side Boyz #APPS Apple https://t.co/k1uhaZuELD Google https://t.co/XH4r85E1no
682637385272836096,"#Lil Kim-Spend A Little Doe
#NowPlaying on https://t.co/hcjuyNz3fS"
861020081056350208,#lil white pussy onlyteenporn https://t.co/UdG92uQehU
726009905770024960,Lil Wayne ?Do It Again? #lil https://t.co/I7AEySxbbf
726043176352493568,Lil Dicky&amp;#039;s Greatest Asset Is His Realness #lil https://t.co/7igUHqtFZb
861295585206448130,#lil wayne pussy monster lyric ugliest naked girl ever https://t.co/piMg96gAPa
682467490086047745,I would #rather be rollin a cold-ass #lil #car. Trojans
682483322312876032,#Lil louis - #French Kiss (original mix) ... https://t.co/3nVHKkKHKi #NowPlaying #radio #stream
726082072364879872,#NowPlaying #Lil Wayne - Rick Ross - #Thug Cry. https://t.co/mUZ4Q24pae #radio
660459856495837184,"Beautiful fall arrangement, bursting with color! #flowersforeveryoccasion #sunflowers #lil‚Ä¶ https://t.co/KHoMkzaheP https://t.co/Hxm8hxdbIW"
861330053036208128,#lil romeo naked hot arab girls xxx pics https://t.co/xBzeTVeLVD
861354726918672384,#lil girls fuckin college girls our men sex https://t.co/IQcRT4zgMh
861252490662219776,funniest sex positions #lil kim eat my pussy right https://t.co/a00ygoQh71
660557635897466880,@NickTheBullsFan is ur name in csgo #lil dicky #go bulls
682604694494130181,#Lil Wayne - On Fire https://t.co/JjBt2tAVKc
660302698055618560,"I'm sorry I bit you, and pulled your hair , and punched you in the face. #Lil"
861361810271764485,#lil asian porn sluty webcam babes https://t.co/OHXMHVBshI
660157189118697473,"#madakraaa
#lil shaker"
861331184298676227,"#Lil' Love  #Little Love 
#Clubbing 2000-2009
#Webradio #Dance #House"
660332937355784194,#Lil'Pope https://t.co/pf8rIQrtvf
861270574185754624,Some #quality time with #lil #friends https://t.co/DDe3K7MGcP
682658931576012801,"2015 GOIN OUT WIT A BANG..
THANK YOU @llcoolj 
G.O.A.T  @llcoolj 
#G2..""TELL THA WORLD"" 
FT.  #LIL LEEKY 
https://t.co/pBgMZYfeF9"
682612594113384448,I just did some bullshit üòïüôáüèΩ #lil Tink tweet
861325068227547136,#lil wayne pussy money weed lyric hardcore wife videos https://t.co/Cm6GoEfhck
