769995598183428096,Mia Malkova and Ivy brunette hottie in some lush underwear on reddit: #Ivy #Malkova #some #brunette #hottie #... https://t.co/gahW0HRujK
767452508625043457,Agnes and Mia Malkova horny cougar maye pleasures her experienced pussy on snapchat: #Malkova #Agnes #maye #p... https://t.co/TjWquqHPrZ
770936206225879044,Mia Malkova and Ivy spreads her legs wide and fingers deep on twitter: #Ivy #Malkova #legs #spreads #wide https://t.co/bcziK8Rx6o
766645547331497984,Helene and Mia Malkova gets double penetrated interracially with Benjamin: #Malkova #Helene #double #penetrat... https://t.co/U9Kq2ItJic
767609544415453184,Mia Malkova and Shae Summers drops her panties and parts her ass on whatsapp: #Shae #Malkova #drops #Summers ... https://t.co/QH2dM2f6SS
770433800610340864,Mia Malkova and Millie naughty has hot lesbian sex on twitter: #Millie #Malkova #lesbian #naughty #sex https://t.co/q0etx19MCO
767911466187894785,Kitty and Mia Malkova takes a load of cum in her mouth with Eric: #Malkova #Kitty #load #takes https://t.co/65rocJAcE5
767630395986763776,Mia Malkova and Ivy stood up licking her big boobs outside: #Ivy #Malkova #licking #stood https://t.co/bzulUtp8FS
769125825320857600,Bennett and Mia Malkova is wired up and loving getting shocks with Hyman: #Malkova #Bennett #wired #loving https://t.co/w3rTIiIh43
765016505721298944,Agnes and Mia Malkova naked on her side spooning hard selfie: #Malkova #Agnes #naked #spooning #side https://t.co/cKZrb0ZXTB
770419297545916416,Sharlene and Mia Malkova busty does interracial footjob on twitter: #Malkova #Sharlene #interracial #footjob ... https://t.co/pYvMUDRT3O
768009955257364480,Kitty and Mia Malkova switches hubbies with her hot friend on twitter: #Malkova #Kitty #hubbies #with #switches https://t.co/YOCjZexjET
765477275483549696,Helene and Mia Malkova lands her shaved cunt on a big dick with David: #Malkova #Helene #shaved #lands #cunt https://t.co/6ShWEy0PTk
766943446837800961,Kitty and Mia Malkova squats on a dick and rides it deep in her on kik: #Malkova #Kitty #squats #dick https://t.co/BTJTgNCaQ0
766609961455616000,Mia Malkova and Ivy gets laid on her day off selfie: #Ivy #Malkova #laid #gets https://t.co/WalXoGJ7nl
768036947008688128,Kip toying her pussy with Mia Malkova and Amparo: #toying #Kip #Malkova #pussy #with #Amparo https://t.co/IDoOUUaIjg
766565128909107202,Reynaldo buy dvds and Mia Malkova: #dvds #Reynaldo #Malkova https://t.co/9GMLOzMc0c
766530197277413377,Mia Malkova and Miriam rios shares a cock with lexi swallows on skype: #Miriam #Malkova #shares #rios #with #cock https://t.co/7hgxwJHaDj
766530186766495746,Mia Malkova and Miriam rios shares a cock with lexi swallows on skype: #Miriam #Malkova #shares #rios #with #cock https://t.co/dii8WiMXHY
764258815726395392,Mia Malkova busty getting her wet pussy pounded with Porter: #busty #getting #Malkova #pussy #pounded #Porter #with https://t.co/NSx5rSuMx4
769259805122793472,Jana and Mia Malkova blows a big bone with her hot girlfriend on webcam: #Malkova #Jana #blows #with #bone https://t.co/ilgUPmwFVu
770481618578448384,Mia Malkova and Amparo babe in tight trousers showing her ass off on webcam: #Amparo #Malkova #tight #trouser... https://t.co/fEctGN1NEo
854473401024557056,#HardX Mia #Malkova 1st New #Anal #Experience NEW #April 18 (#2017) https://t.co/jw2Ndx6h6r
770399509616570370,Mia Malkova and Lynn stewardess shows off her tits and spreads snatch: #Lynn #Malkova #stewardess #shows #tits https://t.co/h9bDcBlLjX
770155014769680384,Agnes and Mia Malkova in tight jeans skirt on instagram: #Malkova #Agnes #tight #jeans #skirt https://t.co/zTtRjvVACn
589690186914725888,#Mia #Malkova can stretch... http://t.co/RGwDcQvprI #AdultGif #Erik #Everhard #NsfwGif #PornGif #SexGif #XxxGif
854733870146736130,#EroticaX 17 03 31 Mia #Malkova #Fuck Me In The #Morning XXX #XviD iPT #Team https://t.co/EBvq8sJv4l
770443418531094528,Mia Malkova and Shae Summers toying pussy in her pink lingerie on kik: #Shae #Malkova #toying #pussy #Summers https://t.co/FDBUSxsMan
765138484180811776,Mia Malkova and Natalia Starr s huge tits bounce as she wildly fucks on instagram: #Natalia #Malkova #huge #t... https://t.co/dn6NxOX4uy
854311136967131138,#HardX Mia #Malkova 1st New #Anal #Experience https://t.co/3qYjKPEwRI
769380309653524480,Faith and Mia Malkova showing her amazing body in sexy fishnets selfie: #Malkova #Faith #amazing #showing #body https://t.co/lvGWrwuW8F
769308185190510592,Amie and Mia Malkova looks sexy in some white panties on reddit: #Malkova #Amie #sexy #looks #white #some https://t.co/ElazwY8iMv
766636655377649664,Mae and Mia Malkova enjoys some kinky sex with some sex toys on twitter: #Malkova #some #kinky #enjoys #with https://t.co/5m34PGlj6e
858580452214542337,#BRAZZERS #MILFS #Like It Big Mia #Malkova #REX80 XXX #Porn https://t.co/mnUSlnW0gt
765745667662675968,Faith and Mia Malkova shows off her sexy butt and fingers pussy outside: #Malkova #Faith #shows #butt #sexy https://t.co/iuANgBw6IR
770246835273248768,Mae and Mia Malkova bends over and exposes her sexy bubble butt on facebook: #Malkova #over #bends #exposes https://t.co/AYGpjVjXtX
768202998669377536,Mae and Mia Malkova hot masseuse licked out by titty client on reddit: #Malkova #licked #masseuse #titty https://t.co/TuJhW7bm79
580837464681512960,Blonde babe Mia Malkova gets facialized http://t.co/hzsqjNynUY via http://t.co/dAIuBNdysP #NgecrotTube #blonde #malkova #facialized
769142868757745664,Faith and Mia Malkova sweet gives head on a big hard cock on whatsapp: #Malkova #Faith #head #sweet #gives https://t.co/SQDE4vWI0C
767958064553091072,Mia Malkova and Ivy inked andi pulls up her top and shows her perky boobies selfie: #Ivy #Malkova #pulls #ink... https://t.co/J8fcfWaxZR
769108495836680192,Mia Malkova enjoys a fat cock in her wet pussy and Domenic: #enjoys #Malkova #cock https://t.co/gUHKE7rHNT
765330307381809152,Agnes and Mia Malkova erotic french babe got serious fuck on facebook: #Malkova #Agnes #babe #erotic #french ... https://t.co/6RD5qhxypG
766674247875895296,Mia Malkova and Shae Summers lesbo fighting nude before licking action: #Shae #Malkova #fighting #nude #Summe... https://t.co/1Oykm5Fbwe
764584032017362944,Mia Malkova teen wants to experiment with old man dick on tinder: #teen #wants #Malkova #with #experiment #dick https://t.co/hIohCGyyuS
765043959836008448,Bennett and Mia Malkova strips to show her bountiful rack on skype: #Malkova #Bennett #show #strips #bountiful https://t.co/7do2A5eeUH
765699546156371969,Mia Malkova cute with daddy issues get severely bound on kik: #cute #with #Malkova #severely #daddy #issues #bound https://t.co/yFzV5O3VBH
767686500771168256,Mia Malkova hot aleksa nicole is enjoying taking a dick from behind on twitter: #aleksa #Malkova #enjoying #t... https://t.co/o3HjYbPsLP
766912038257905664,Tom humiliates some helpless chick and Mia Malkova: #humiliates #some #Tom #helpless #chick #Malkova https://t.co/3f9WEnbQL8
770079984966860800,Bennett and Mia Malkova likes some lesbian sex with some shocks on kik: #Malkova #Bennett #some #lesbian #lik... https://t.co/QrQMWgaE1l
770571504849264640,Mia Malkova and Miriam cock starved banged in a threesome selfie: #Miriam #Malkova #banged #cock #starved #threesome https://t.co/Osn9tFTgeT
856893305669472256,#tits #blonde lesbians #milf #alexis #pornstar #mia #malkova big oral #fawx https://t.co/OBAOz0JwJA
770362565855543296,Mia Malkova and Millie hottie strips and exposes her big boobs on periscope: #Millie #Malkova #exposes #hotti... https://t.co/yusQ6vPBTb
571633512563908608,Hot Mia #Malkova #Nailed by the #Poolside (6:11) http://t.co/5IDy2MzP6Q http://t.co/5KsJYOWZnw
769016887615381506,Jana and Mia Malkova getting her pussy pounded really hard: #Malkova #Jana #pussy #getting #really #pounded https://t.co/XGGFPDcJYW
764841860099559430,Agnes and Mia Malkova lovely lady trying bondage in the water on instagram: #Malkova #Agnes #trying #bondage ... https://t.co/7p9IqmjIQE
770392152429912066,Mia Malkova and Amparo lezzy mistress in a kinky bondage game with Elvis: #Amparo #Malkova #lezzy #mistress #... https://t.co/Z2TqVf2tCT
766745406306816000,Faith and Mia Malkova getting naked by the hot tub gets excited: #Malkova #Faith #getting #naked https://t.co/Rtrx1oE4nL
769557674245525504,Mia Malkova and Natalia Starr secretary fucking her boss in the office selfie: #Natalia #Malkova #fucking #St... https://t.co/cdwJcxFZNH
766414497196060672,Mia Malkova and Amparo gets down on her knees to take a facial on periscope: #Amparo #Malkova #down #gets #knees https://t.co/cKjhKLTQiO
768283708239384577,Yesenia and Mia Malkova sex goddess amy ried gets a really nasty cumshot blast on skype: #Malkova #Yesenia #r... https://t.co/LNGe2iUsj2
770018064926699521,Mia Malkova and Lynn showing off her sexy naked body on whatsapp: #Lynn #Malkova #showing #naked #sexy https://t.co/BjM59ui4Y5
768922512868515840,Allyson and Mia Malkova sexy brunette playing with a dildo with Luciano: #Malkova #Allyson #playing #with #se... https://t.co/EfXXpNmYB8
769029571752632325,Agnes and Mia Malkova loves some steamy lesbian banging action on webcam: #Malkova #Agnes #some #steamy #love... https://t.co/ONOycyrF5f
855269896195670018,#HardX Mia #Malkova 1st New #Anal #Experience https://t.co/JPcvDpv75M
766904550368305152,Mia Malkova and Natalia Starr hot likes showing off her sexy long legs and Wilton: #Natalia #Malkova #likes #... https://t.co/1wRqbJGTFx
770456948789489664,Mia Malkova and Ivy with big melons receives a dick in her snacth on webcam: #Ivy #Malkova #melons #with #receives https://t.co/hqgZWDUuwu
768342933107990528,Jana and Mia Malkova sat on a dong outside banging on facebook: #Malkova #Jana #outside #dong https://t.co/QlpN3ykzqC
769383094692356096,Agnes and Mia Malkova and nikita von james get fucked hard with Loren: #Malkova #Agnes #nikita #james https://t.co/Q0KrkdNkUk
854726312543563777,#BRAZZERS Hot and #Mean Mia #Malkova #REX19 XXX #Porn https://t.co/f0cl4OSeYZ
770961077819494400,Jana and Mia Malkova gets fucked hard by a big cock on webcam: #Malkova #Jana #fucked #hard #gets https://t.co/AK0VNq7GdN
765287368630775808,Mia Malkova and Lucile hot ass licks a cock with her friends on tinder: #Lucile #Malkova #licks #with #cock https://t.co/gfuhrIrhR1
766904547096657920,Kitty and Mia Malkova lush babe laying back with her legs open wide with Alonso: #Malkova #Kitty #laying #bac... https://t.co/KReJ4Tznth
765235515540905984,Bennett and Mia Malkova is on a desk fingering her pussy so hard: #Malkova #Bennett #fingering #desk https://t.co/iKJLifHA0m
766969712060145664,Christie and Mia Malkova rubs her pussy with crystal pasties and Calvin: #Malkova #Christie #pussy #rubs #cry... https://t.co/Q4YfYwaQJv
768948114149351424,Yesenia and Mia Malkova enjoys some groupsex with one guy on skype: #Malkova #Yesenia #some #groupsex #enjoys #with https://t.co/tgFvJkI5iJ
768408934411448320,Mia Malkova and Shae Summers slutty enjoys toying a sexy babes ass on periscope: #Shae #Malkova #enjoys #toyi... https://t.co/yd62yhkAWQ
853171080596508672,#Beautiful #Natasha #Malkova #Fondles Her #Tits And #Vagina https://t.co/4es5EapEnc
770362584176336896,Mia Malkova and Millie hottie strips and exposes her big boobs on periscope: #Millie #Malkova #exposes #hotti... https://t.co/X6zClMHGtV
770361127083487233,Jana and Mia Malkova is loving dominating a guy so damn hard: #Malkova #Jana #loving #dominating https://t.co/HM5r8VEtUx
770156540439343106,Mia Malkova and Amparo sexy slut takes a large dick in her mouth on instagram: #Amparo #Malkova #takes #sexy ... https://t.co/NE4W85AB03
764298378536558592,Amie and Mia Malkova being screwed hard and deep by the pool on whatsapp: #Malkova #Amie #screwed #hard #being #deep https://t.co/zosNyC4a8S
764057884363599875,Isabella and Mia Malkova busty blonde fucked hard in her nylons on reddit: #Malkova #Isabella #fucked #hard #... https://t.co/lQiTEZYZYx
765812597811613696,Mia Malkova and Ivy removes guys jeans and sits on his dick on snapchat: #Ivy #Malkova #guys #jeans #removes #sits https://t.co/vPRFMsZC2P
770981781608640513,Helene and Mia Malkova hottie enjoys some naughty toying action on facebook: #Malkova #Helene #some #naughty ... https://t.co/06XomBHjp7
765138498252738561,Mia Malkova and Natalia Starr s huge tits bounce as she wildly fucks on instagram: #Natalia #Malkova #huge #t... https://t.co/0s2q7QvUOO
769253277414203392,Mia Malkova and Natalia Starr cute showing her boobies yet again on skype: #Natalia #Malkova #showing #Starr ... https://t.co/Cr69mP4oAP
580836775704195073,Blonde babe Mia Malkova gets facialized http://t.co/oxI5E7NRYs via http://t.co/VLk4tfH5MI #NgecrotTube #blonde #malkova #facialized
764587161291108352,Helene and Mia Malkova bends over and has her ass smashed hard on periscope: #Malkova #Helene #over #bends https://t.co/TcKdCQCp1U
767757265537343488,Mia Malkova and Ivy babe bends over and loves some oral sex: #Ivy #Malkova #over #babe #bends #some #loves https://t.co/skobo195Vr
765009601297211392,Agnes and Mia Malkova laying back naked getting boned hard selfie: #Malkova #Agnes #back #naked #laying #bone... https://t.co/uE0NsUL1rq
766600858138062850,Allyson and Mia Malkova jerking a dick with lush feet on webcam: #Malkova #Allyson #dick #jerking #lush #with https://t.co/e1Iap2Ze1n
767734923868278787,Isabella and Mia Malkova and her friend get impaled by a giant cock on skype: #Malkova #Isabella #friend #impaled https://t.co/hcTWpo4yYa
764807183368269825,Christie and Mia Malkova inhales a cock then passes it to a friend on kik: #Malkova #Christie #cock #inhales ... https://t.co/JwPjW1SurX
764119697973399554,Mia Malkova and Lynn on her back in the sunshine fucking so hard on snapchat: #Lynn #Malkova #back https://t.co/N1mS82KU2Q
769105790099566592,Mia Malkova and Natalia Starr hot likes sucking on some large boobies with Denny: #Natalia #Malkova #likes #s... https://t.co/HvJw1dwhdB
589238508625076226,http://t.co/AHNMZsq6w9: Sweet Kinky Cute #blonde Mia... http://t.co/A3wK1W39c0 #adult #cute #drugged #drunk #free #malkova #porn #video #xxx
765006260106203136,Bennett and Mia Malkova likes posing and showing her sexy body off selfie: #Malkova #Bennett #posing #likes #showing https://t.co/VCkjdidIW8
768112626089897984,Jeanine and Mia Malkova pulls her legs back and shows her pink off outside: #Malkova #Jeanine #legs #pulls #back https://t.co/0A8lownf8s
860441507073073153,#WildOnCam 17 03 24 #Angela #White And Mia #Malkova XXX SD MP4 #Rarbg https://t.co/IrRDFRh6la
769557673469542401,Mia Malkova rios likes toying her sexy pussy so deep down on webcam: #rios #Malkova #sexy #likes #toying #pussy https://t.co/y3Y3ANeROi
762113975630766080,Christie and Mia Malkova gorgeous posing by the hummer on skype: #Malkova #Christie #gorgeous #posing #hummer https://t.co/n2mVPgsCrR
755542871659294720,Faith and Mia Malkova pumps a red toy inside her ass: #Malkova #Faith #pumps #inside https://t.co/vx1UQrvQUj
763819803316334592,Yesenia and Mia Malkova in office dp with huge cocks on tinder: #Malkova #Yesenia #office #huge #with https://t.co/xr9uLk6Wll
760013179313201152,Mae and Mia Malkova erotic babe fucks like a true whore with Emmanuel: #Malkova #fucks #like #erotic #babe #true https://t.co/bPPxnLNSUC
764497950651187201,Isabella and Mia Malkova busty blonde temptress sits on a sybian on facebook: #Malkova #Isabella #temptress #... https://t.co/sFzG4IlBKo
755192507521114112,Mia Malkova and Millie down on her knees taking a banging on periscope: #Millie #Malkova #down #taking #knees https://t.co/JZtU3iiNPz
762295719143190528,Sharlene and Mia Malkova improves her grades anyway she can on facebook: #Malkova #Sharlene #grades #improves... https://t.co/aVWy4mTkyN
762206726800052224,Yesenia and Mia Malkova humiliates her man in a tight bondage on whatsapp: #Malkova #Yesenia #humiliates https://t.co/bbS8lrWsEn
759528657157185536,Allyson and Mia Malkova gorgeous blonde getting fucked hard outside: #Malkova #Allyson #getting #fucked #gorg... https://t.co/OFWBp8mVXw
763975243723530241,Allyson and Mia Malkova hottie on a black sofa screwing doggystyle on snapchat: #Malkova #Allyson #black #hot... https://t.co/uTxtz1doxZ
760203318257823745,Faith and Mia Malkova busty plays with her jugs and gets cock: #Malkova #Faith #with #busty #plays #jugs https://t.co/yZCIxSe6xU
756500032509968384,Mia Malkova and Miriam strips from her dress and fucks pussy on facebook: #Miriam #Malkova #from #strips #dress https://t.co/jtrCUFQ77I
759528649435394048,Allyson and Mia Malkova gorgeous blonde getting fucked hard outside: #Malkova #Allyson #getting #fucked #gorg... https://t.co/fFrgrwVZvG
762959484129906688,Mae and Mia Malkova hot looking so sexy in a lush dress on kik: #Malkova #sexy #looking https://t.co/7rAD0AR38V
756010868479971328,Agnes and Mia Malkova in the sunshine fucking doggystyle on reddit: #Malkova #Agnes #sunshine #doggystyle #fucking https://t.co/cluEFujuu7
755691678040625152,Mia Malkova and Miriam saucy laying back showing her baps on tinder: #Miriam #Malkova #back #showing #saucy #... https://t.co/sE7TGwMKzW
762588917765775360,Mia Malkova and Natalia Starr nasty gives head then fucks hard on facebook: #Natalia #Malkova #gives #head #S... https://t.co/GLit54Ff3R
759476157397897217,Isabella and Mia Malkova sensual rides shaved pussy on cock selfie: #Malkova #Isabella #shaved #pussy #sensua... https://t.co/EAS7IvIO2f
759398664804573184,Yesenia and Mia Malkova being shagged by a lucky bald guy on instagram: #Malkova #Yesenia #shagged #being #lucky https://t.co/075mJ6t4Uj
755532193846300672,Mia Malkova and Lucile hot and her friend share a stiff dick on snapchat: #Lucile #Malkova #friend #share https://t.co/TsaKkR00h1
759194528129519616,Mia Malkova and Lucile hot and sexy gets all wet in the shower with Titus: #Lucile #Malkova #sexy #gets https://t.co/2Xt2stltBj
755724646452908032,Sharlene and Mia Malkova enjoys more than just a swim at the pool on webcam: #Malkova #Sharlene #more #than #... https://t.co/6FIbw6nRd1
755298929772593152,Mia Malkova and Shae Summers gets hot while riding the sybian machine on kik: #Shae #Malkova #gets #Summers #... https://t.co/SmNaaGF8Gw
756359265552519174,Mia Malkova and Natalia Starr shows her ass while smoking a cigarette on whatsapp: #Natalia #Malkova #shows #... https://t.co/dCs4i4gxrt
760631186775355392,Mia Malkova and Shae Summers sultry blond uses a sex toy on her vag selfie: #Shae #Malkova #blond #uses #Summ... https://t.co/2Xy3macijX
760444231685017600,Mia Malkova and Amparo with her legs pinned back ramming hard on instagram: #Amparo #Malkova #legs #with #bac... https://t.co/R5fE2uDmnh
762309527500763136,Mia Malkova and Lucile gets her sexy friends pussy to cum hard on periscope: #Lucile #Malkova #sexy #gets #pu... https://t.co/ktx0awvkk0
760013186565144576,Mae and Mia Malkova erotic babe fucks like a true whore with Emmanuel: #Malkova #fucks #like #erotic #babe #true https://t.co/DX63CgNBRu
762849945942536193,Mia Malkova and Amparo babe inked andi pulls down her panties and bends over on instagram: #Amparo #Malkova #... https://t.co/FC6Gce09C7
762150762633760768,Sharlene and Mia Malkova hot horny babe opens her legs up and poses selfie: #Malkova #Sharlene #babe #opens #... https://t.co/VwMP1EmLqV
755603416580096000,Mia Malkova and Lynn brunette beauty maiky stuffs her tight milf pussy on reddit: #Lynn #Malkova #maiky #stuf... https://t.co/hxQfqZBJxX
759398672584941568,Yesenia and Mia Malkova being shagged by a lucky bald guy on instagram: #Malkova #Yesenia #shagged #being #lucky https://t.co/t2q5yDLYq3
754717091278618624,Mia Malkova and Millie taking two cocks in three way sex on kik: #Millie #Malkova #cocks #taking #three https://t.co/SgQobW7aC0
759137790604877824,Agnes and Mia Malkova gets lubed up and rides on a dick on twitter: #Malkova #Agnes #lubed #gets #rides https://t.co/PiD3FZsIkY
758916241503375360,Mia Malkova and Amparo gets nude in the hallway by nurgle on reddit: #Amparo #Malkova #nude #gets #hallway https://t.co/30TnUXvUdt
758085807924064256,Cedric giving a hot blowjob with Mia Malkova and Lynn: #giving #Cedric #with #blowjob #Malkova https://t.co/uXkub3cj2c
761115756054491138,Amie and Mia Malkova milf takes a bubble bath and plays with her toy on webcam: #Malkova #Amie #bubble #milf ... https://t.co/1MylzHBErx
758295957842694147,Sharlene and Mia Malkova sharing a hard sausage with taylor wane selfie: #Malkova #Sharlene #hard #sharing #w... https://t.co/0bQQyqGO84
764517848026755072,Mia Malkova and Shae Summers likes tapping around on a slong outside: #Shae #Malkova #likes #tapping #Summers... https://t.co/KCl75qaAaC
758177019347820545,Mia Malkova and Millie and diana doll swapping the cumload and Jed: #Millie #Malkova #diana #doll #swapping https://t.co/THusVAruqJ
754678499537854464,Mia Malkova and Millie puts on a strapon and fucks hot lesbos selfie: #Millie #Malkova #puts #strapon https://t.co/V4gNcPguDV
757752083932065792,Bennett and Mia Malkova long haired babe gently drills her juicy love box: #Malkova #Bennett #babe #gently #l... https://t.co/e81qr1Xw5F
764258805160943616,Mia Malkova busty getting her wet pussy pounded with Porter: #busty #getting #Malkova #pussy #pounded #Porter #with https://t.co/Eklg5wz7nN
756090056851337220,Mia Malkova and Natalia Starr hot seductively strips on the patio on instagram: #Natalia #Malkova #seductivel... https://t.co/uSMRM6hOYc
761031854724001794,Faith and Mia Malkova hot big boobed lesbian enjoys group sex and Mary: #Malkova #Faith #boobed #lesbian #gro... https://t.co/3YMDEpvvss
757517804715192320,Mia Malkova and Amparo bangs a big cock deep in her wet pussy with Terrence: #Amparo #Malkova #bangs #deep #cock https://t.co/GfhyffuVco
755826492064403456,Mia Malkova and Millie sexy loving smashing around on a hard slong on periscope: #Millie #Malkova #smashing #... https://t.co/lQGGjjTHm9
757420224270376960,Mia Malkova and Miriam in the pool showing her lush body off outside: #Miriam #Malkova #pool #showing https://t.co/8uZPqBBW78
764425123608694785,Amie and Mia Malkova rams a toy deep inside her juicy pussy on facebook: #Malkova #Amie #rams #inside #deep https://t.co/HtXlXHyr0E
760266944536719360,Mia Malkova and Millie getting her wet pussy nailed so hard on kik: #Millie #Malkova #getting #nailed #pussy https://t.co/2ZWsEXikvM
757802131915051009,Isabella and Mia Malkova sexy enjoys getting done hard from behind on webcam: #Malkova #Isabella #getting #do... https://t.co/5Kylu6YoFV
756282470203400194,Allyson and Mia Malkova sexy maid takes a cock in her pussy and ass: #Malkova #Allyson #takes #sexy #maid #cock https://t.co/Wp6Pgwzt2s
760144841510559744,Mia Malkova and Miriam naked touching her shaved clam: #Miriam #Malkova #shaved #naked #touching #clam https://t.co/T0ily9Td4R
761990933197889536,Kitty and Mia Malkova babe likes some boxing and some fucking with Cyril: #Malkova #Kitty #some #boxing #babe... https://t.co/6RB4671zbE
762143310500605953,Mia Malkova is down on her knees sucking a big dick on twitter: #Malkova #knees #down #sucking https://t.co/xGANrjuDIi
756327621265268736,Mia Malkova and Millie brunette babe kneeling to suck cock on facebook: #Millie #Malkova #kneeling #brunette ... https://t.co/IQ4mHw6ix7
757459255553241088,Agnes and Mia Malkova intoxicating brunette tina fucks her banana toy on whatsapp: #Malkova #Agnes #tina #fuc... https://t.co/j8ddtKXzdz
758767729759227904,Mia Malkova sexy loves a good banging with hard cock on reddit: #sexy #loves #Malkova #banging #with #good #c... https://t.co/DchBmSiWk9
757756032684662784,Mia Malkova and Miriam clips and pics at define babe on twitter: #Miriam #Malkova #pics #clips #define https://t.co/grPBcpFbF3
756865111621373952,Allyson and Mia Malkova with huge boobs gets fucked hard with Mitch: #Malkova #Allyson #huge #boobs #with #fu... https://t.co/f34z1h0yQv
753822448731115521,Mia Malkova and Ivy on her back legs spread fucking and Sid: #Ivy #Malkova #back #spread #legs https://t.co/cQpbHtZ9LA
760014977864302592,Mia Malkova hot loving getting tapped from behind hard on webcam: #loving #Malkova #from #behind #getting #ta... https://t.co/P9efI6M2g0
756543957740380160,Yesenia and Mia Malkova cuban adult sensation hardcore action on snapchat: #Malkova #Yesenia #sensation #hard... https://t.co/qtJh3ydOqu
756705100027031552,Kitty and Mia Malkova likes squatting on a cock and riding hard: #Malkova #Kitty #squatting #likes #cock https://t.co/LEjI72Kpqw
758916221588733953,Mia Malkova and Amparo gets nude in the hallway by nurgle on reddit: #Amparo #Malkova #nude #gets #hallway https://t.co/PfEmmlXaEj
754756241319079936,Yesenia and Mia Malkova sexy lady sucks and fucks a schlong on whatsapp: #Malkova #Yesenia #sucks #sexy #lady #fucks https://t.co/4XguZTDcvM
756519603572965378,Mia Malkova and Ivy enjoying taking two cocks at once on periscope: #Ivy #Malkova #taking #enjoying #cocks https://t.co/baZYpteFPx
756702276752990208,Jeanine and Mia Malkova sexy playing with her favorite dildo on reddit: #Malkova #Jeanine #with #sexy #playin... https://t.co/O0yw6GDstF
757963187895476225,Kitty and Mia Malkova busty bikini vixen fucks a glassy dildo on snapchat: #Malkova #Kitty #vixen #fucks #bus... https://t.co/dCQthZkBoh
764308796004904960,Mia Malkova and Lucile poses in undies and handles cock on periscope: #Lucile #Malkova #undies #poses #handles https://t.co/0p3Kxzqj2k
758983120792150017,Mia Malkova and Miriam babe rams a dildo deep in her tight snatch on snapchat: #Miriam #Malkova #dildo #babe ... https://t.co/s4oEkuVz2N
759379759302270977,Faith and Mia Malkova loving getting face drilled so hard with Gaston: #Malkova #Faith #getting #face #loving... https://t.co/WPLIGzdSFP
759955001284321284,Mia Malkova and Miriam big tits fucked hard in the pussy on skype: #Miriam #Malkova #fucked #hard #tits https://t.co/lBsxBsWZmc
754951003313537024,Mia Malkova and Natalia Starr sits on a dong and rides it deep in her on kik: #Natalia #Malkova #sits #Starr #dong https://t.co/32ZfDc6jBj
757968673025908738,Agnes and Mia Malkova on a couch rubbing big boobs outside: #Malkova #Agnes #couch #rubbing https://t.co/rwr33mXrEO
761064078051676161,Mia Malkova and Natalia Starr looks sexy showing her tight holes off selfie: #Natalia #Malkova #looks #sexy #... https://t.co/46D5nTXAgA
757952473138987008,Jeanine and Mia Malkova seductive rios posing in her sexy boots on reddit: #Malkova #Jeanine #posing #seducti... https://t.co/mchxAQpEsD
764433615518244864,Yesenia and Mia Malkova hot secretary doreen takes a break to masturbate on periscope: #Malkova #Yesenia #dor... https://t.co/TdIL1bIZ6X
764301403414069248,Mia Malkova and Ivy on her knees getting face fucked on instagram: #Ivy #Malkova #knees #face #getting https://t.co/7mfu1K2Z2t
757278634264530944,Mia Malkova and Natalia Starr is nailed hard and squirts all over on webcam: #Natalia #Malkova #nailed #Starr #hard https://t.co/SqSOnNoLPC
756823058430636033,Mia Malkova and Amparo is a hot remand centre officer on snapchat: #Amparo #Malkova #centre #remand https://t.co/ZHo8jwvWjk
762014214659596288,Mia Malkova and Millie babe ties up a guys dick and tortures him on instagram: #Millie #Malkova #babe #ties #... https://t.co/lxbLf8vhs9
755166367561621504,Mia Malkova and Lucile works out her hot bod in the nude on kik: #Lucile #Malkova #works https://t.co/FVyz3lgoTR
757367258494541824,Mia Malkova and Lynn strips off her sexy lingerie on snapchat: #Lynn #Malkova #strips #lingerie #sexy https://t.co/XwSKcwjzz0
760516903353757697,Yesenia and Mia Malkova sat on a penis and drilling around on twitter: #Malkova #Yesenia #penis https://t.co/QjTxstK7bF
759547608343818241,Mia Malkova and Amparo enjoys some lesbian fun and games on instagram: #Amparo #Malkova #some #lesbian #enjoys https://t.co/9CrbBosCD9
756384142523109376,Mia Malkova and Miriam naughty nubile strips down in the bathroom with Avery: #Miriam #Malkova #strips #down ... https://t.co/PFooGJFbAO
762989791856119808,Mia Malkova and Amparo has naughty fun with her big dildo on reddit: #Amparo #Malkova #naughty #with https://t.co/IymnWaUc7b
759476165207728128,Isabella and Mia Malkova sensual rides shaved pussy on cock selfie: #Malkova #Isabella #shaved #pussy #sensua... https://t.co/BBoqRz7JT2
754717089038864384,Faith and Mia Malkova likes a few dicks in her at the same time on twitter: #Malkova #Faith #likes #dicks https://t.co/o8JWvae9Zs
756896455000887296,Mia Malkova and Lynn freckled babe toys herself with yellow vibrator and Jame: #Lynn #Malkova #toys #herself ... https://t.co/h0Rng0QuQK
762336797707808772,Faith and Mia Malkova and lia lor giving an amazing blowjob on snapchat: #Malkova #Faith #giving https://t.co/gvyUbxCF0U
759965110869700608,Mia Malkova and Lynn giving a footjob and getting fucked outside: #Lynn #Malkova #footjob #giving #getting https://t.co/bJ2lL49hp1
759377668655550465,Mae and Mia Malkova rubs hard clit with her favorite toy on reddit: #Malkova #hard #clit #rubs #with https://t.co/WYsnEZPVnK
762062943231979520,Mia Malkova and Shae Summers has her vag filled with hard man meat on facebook: #Shae #Malkova #Summers #filled https://t.co/xAd9gBt8qO
758143845322207232,Mia Malkova and Shae Summers sexy likes getting spooned hard by a pool on twitter: #Shae #Malkova #likes #get... https://t.co/xgjXg42Wjq
754678500292820993,Mia Malkova and Natalia Starr takes 3 cocks for her birthday on kik: #Natalia #Malkova #takes #Starr #cocks https://t.co/MXl5rI1Yin
761990923970416640,Kitty and Mia Malkova babe likes some boxing and some fucking with Cyril: #Malkova #Kitty #some #boxing #babe... https://t.co/HDpm3VkGqG
756548182327386113,Mia Malkova and Millie and her friend love to fuck dick on skype: #Millie #Malkova #friend #love https://t.co/OgCOf7SIEP
760274001453166593,Mae and Mia Malkova hot asian gets pounded hard in dining room on periscope: #Malkova #gets #pounded #asian #hard https://t.co/8JHnxXuag2
748618095569186816,Jeanine and Mia Malkova gets her pierced pussy deeply nailed on webcam: #Malkova #Jeanine #pierced #gets #dee... https://t.co/KwhstsSEa7
746794748409634816,Isabella and Mia Malkova some hot wet nasty lesbian sex on twitter: #Malkova #Isabella #some #lesbian #nasty https://t.co/7unNmDBlBR
753839096196243456,Jana and Mia Malkova really likes smashing two guys at once on whatsapp: #Malkova #Jana #likes #smashing #rea... https://t.co/997DRqsYVO
745172768329605124,Mia Malkova and Amparo spread shaved pussy by a car: #Amparo #Malkova #shaved #pussy #spread https://t.co/5HZi2pWRaz
745760669320908800,Jeanine and Mia Malkova gives a handjob to her student on skype: #Malkova #Jeanine #handjob #gives https://t.co/Y58rCbnGCL
747727527246991364,MiA #Malkova and #Brandi #Love MAY #BRAZZERS #HotAndMean https://t.co/jVHFRGNUgc
748396012948054016,Mia Malkova and Shae Summers loving to smash two guys at once on whatsapp: #Shae #Malkova #loving #Summers #smash https://t.co/4HINdo54RO
747678068899196929,Mae and Mia Malkova punished by the school principal outside: #Malkova #punished #principal #school https://t.co/V4PHmkcRMj
746818443135967232,Isabella and Mia Malkova in hot red dress teases her wet pussy on facebook: #Malkova #Isabella #teases #dress https://t.co/usQ4UIjkbD
754172676722208768,Christie and Mia Malkova brunette babe stripping naked on the bed and Parker: #Malkova #Christie #stripping #... https://t.co/SMnufDfifF
747713690938580994,Christie and Mia Malkova gets stuffed with two big hard dicks on snapchat: #Malkova #Christie #stuffed #with #gets https://t.co/7dLNuzyAJY
746647903377076224,#MommysGirl 16 06 25 Mia #Malkova And #Alexis #Fawx #Almost #Caught ... https://t.co/wAp49g2sJp #MP4KTR https://t.co/FuQ6Apo40A
748517330058043394,Allyson and Mia Malkova rams a toy deep inside her juicy pussy outside: #Malkova #Allyson #rams #inside #deep https://t.co/0N8BBHrN7P
753822440430510080,Mia Malkova and Ivy on her back legs spread fucking and Sid: #Ivy #Malkova #back #spread #legs https://t.co/zW7hud6xYV
745460679847485440,Mae and Mia Malkova pretty getting messy and creamy with a babe on whatsapp: #Malkova #messy #pretty #getting... https://t.co/XT0PESWwJr
748404510477803520,Isabella and Mia Malkova gets her big ass polished with warm jizz selfie: #Malkova #Isabella #gets #polished https://t.co/sGwNn2KSAc
744672481802231809,Mia Malkova and Millie slutty enjoys toying a sexy babes ass on periscope: #Millie #Malkova #toying #slutty #... https://t.co/ndWiQr67e9
747714038176616448,Amie and Mia Malkova slurps on a massive schlong with Cristobal: #Malkova #Amie #slurps #schlong #massive https://t.co/sZ6jidNnib
754125626852855808,Mia Malkova and Millie brunette girl andi love stripping off her tight jeans on facebook: #Millie #Malkova #a... https://t.co/djkub43BoS
745496170231824384,Christie and Mia Malkova getting a great workout fucking on whatsapp: #Malkova #Christie #great #getting #fuc... https://t.co/3Qn02xsike
745916029663055873,Agnes and Mia Malkova rides his hard dick in the back of the van on facebook: #Malkova #Agnes #hard #rides #dick https://t.co/XZeGNBQG64
746370170738774016,Mia Malkova and Amparo gorgeous sucking and fucking hard in bed on whatsapp: #Amparo #Malkova #fucking #gorge... https://t.co/91YbgELmZf
747583509997314049,Kitty and Mia Malkova pantyhose wearing gets drilled hard on twitter: #Malkova #Kitty #gets #drilled #pantyho... https://t.co/p7C28TmVkB
754102774502002688,Mia Malkova and Lynn strapon fucks a balls bound nude male on periscope: #Lynn #Malkova #fucks #strapon #boun... https://t.co/mKDtHuzfas
744461834682433536,Mia Malkova and Miriam in red stockings getting rammed so hard on snapchat: #Miriam #Malkova #stockings #ramm... https://t.co/0cyKN4ebWq
744974602326007809,Yesenia and Mia Malkova masturbating with her red dildo on webcam: #Malkova #Yesenia #with #masturbating #dildo https://t.co/MVUJbDXear
753930456974761984,Mia Malkova and Miriam loves cum over her pretty face on webcam: #Miriam #Malkova #over #loves #pretty https://t.co/5SyCgUkcml
748043290646319104,Isabella and Mia Malkova nymph amber fucks her sweet cunt from behind on instagram: #Malkova #Isabella #fucks... https://t.co/chA0HitBQe
743216741942059008,Helene and Mia Malkova enjoying some steamy strap on sex on snapchat: #Malkova #Helene #some #steamy #enjoyin... https://t.co/wOZlzpJJqB
746647906074034177,#MommysGirl 16 06 25 Mia #Malkova And #Alexis #Fawx #Almost #Caught ... https://t.co/IYOIiJVNJX #MP4KTR https://t.co/IriKbpQ1sv
744710213823922176,Mia Malkova busty milf takes a trip to gloryhole on twitter: #busty #milf #Malkova #trip #takes #gloryhole https://t.co/7P2F8duFKM
748359585694527490,Mia Malkova and Lynn babe in stockings and heels tibby pleases her clit on tinder: #Lynn #Malkova #stockings ... https://t.co/j8pKMJ3K9d
753518112079654916,Yesenia and Mia Malkova spreads in schoolgirl uniform on kik: #Malkova #Yesenia #schoolgirl #spreads #uniform https://t.co/aL3Oc4TrHC
746629274581377024,Mia Malkova and Lucile babe mandy more sucks on a big cock to make it cum: #Lucile #Malkova #more #sucks #bab... https://t.co/1iuqlWQHLO
747529208390258689,Christie and Mia Malkova shows a close up of her pussy and ass on reddit: #Malkova #Christie #close #shows https://t.co/MlT2wvTACy
748034246044942338,Mia Malkova and Millie rios sits on a big cock and rides it so deep on instagram: #Millie #Malkova #sits #rios https://t.co/b5Q7Tb5Fkr
748182023013957632,Mia Malkova and Lynn in the sun showing her big boobies off on snapchat: #Lynn #Malkova #showing https://t.co/oNF5ND0qqm
745417969484734464,Mia Malkova and Miriam on a sofa munching on some wet snatch outside: #Miriam #Malkova #sofa #munching https://t.co/rFRKPLJaz3
745266710916128768,Sharlene and Mia Malkova likes playing with her juicy boobies and Ned: #Malkova #Sharlene #playing #with #lik... https://t.co/D4Ete39rLN
747542274280689664,Mia Malkova and Ivy being blowbanged and facialed by black men and Lionel: #Ivy #Malkova #blowbanged #being #... https://t.co/ixk7pRLLu5
744541307415060480,Mia Malkova and Millie busty annisa kate shows insane oral skills on reddit: #Millie #Malkova #kate #shows #b... https://t.co/LhcTo25eE2
746587593907679232,#MommysGirl 16 06 25 Mia #Malkova And #Alexis #Fawx #Almost #Caught #Boundaries XXX ... https://t.co/aIXgoy98vX https://t.co/AgpAh9n4aA
743763894414376961,Bennett and Mia Malkova goes back to the future and bangs hard on kik: #Malkova #Bennett #back #goes #future https://t.co/xhzgU8dx8g
748324603290804224,Faith and Mia Malkova penny massages her big nipples while fingering and Alfonzo: #Malkova #Faith #penny #mas... https://t.co/jyfsnFh1Dg
744444682650820609,Jana and Mia Malkova and her friend lick each others wet twats on skype: #Malkova #Jana #friend #each #lick https://t.co/mupRhXjKnY
743801933782089728,Yesenia and Mia Malkova gets banged and takes a hot facial on kik: #Malkova #Yesenia #banged #gets #takes https://t.co/WqgDuasSuH
746360228426354696,Mia Malkova and Natalia Starr in a tiny pair of jean shorts on snapchat: #Natalia #Malkova #Starr #pair #tiny https://t.co/M2cO5Z13It
745757452751122432,Kitty and Mia Malkova babe in stockings showing her sexy legs: #Malkova #Kitty #stockings #showing #babe #sexy https://t.co/7Cbrn01s1O
746800032603475968,Mia Malkova and Amparo gets a taste of kinky bondage sex on facebook: #Amparo #Malkova #taste #gets #kinky https://t.co/dMRtHoeFk3
744652622653579264,Mia Malkova and Amparo goes down and dirty with muscled guy on instagram: #Amparo #Malkova #down #goes #with #dirty https://t.co/ghzVbNLVEm
743949545583738881,Allyson and Mia Malkova likes screwing herself doggystyle on facebook: #Malkova #Allyson #screwing #herself #... https://t.co/03rhinduBH
748477095253139456,Mia Malkova and Lynn sexy slides on top of her lovers huge cock on twitter: #Lynn #Malkova #sexy #slides https://t.co/MhmxXo58QI
743481442303258624,Yesenia and Mia Malkova hot sweet thing in denim miniskirt shows panties selfie: #Malkova #Yesenia #thing #sw... https://t.co/tWZRCpeGXf
744956605540634624,Kitty and Mia Malkova hot gets her twat filled up with lots of cum on snapchat: #Malkova #Kitty #twat #gets #filled https://t.co/RTk6ElZVTg
746577918986326017,Mia Malkova and Lucile horny cougar sucks and rides her mans pierced cock outside: #Lucile #Malkova #sucks #h... https://t.co/7aSThwTrX8
753665926206140417,Bennett and Mia Malkova sexy amateur style photo set on tinder: #Malkova #Bennett #style #photo #sexy #amateur #set https://t.co/QgG8bAGWIo
745133439532179456,Mia Malkova takes a dick deep inside her asshole on twitter: #takes #Malkova #deep #inside #dick #asshole https://t.co/XTQ8a3lxVq
746894339700228096,Mia Malkova and Shae Summers sucking eagerly on a hard dick on kik: #Shae #Malkova #sucking #eagerly #Summers https://t.co/Dw1ZE19plC
747067401552830464,Mae and Mia Malkova pornstar has 12 scenes at pornstar network on webcam: #Malkova #scenes #pornstar #pornstar https://t.co/6U6UPZkZ89
754320340902260737,Christie and Mia Malkova nasty prepares her ass for a fucking on twitter: #Malkova #Christie #nasty #prepares https://t.co/0MI8kDOBmU
747717126631329792,Bennett and Mia Malkova gets screwed by her hot boyfriend in bed on kik: #Malkova #Bennett #screwed #gets https://t.co/jbi3gRi7yB
754375019036151809,Mia Malkova and Miriam takes a fat cock deep in her hungry mouth on skype: #Miriam #Malkova #takes #deep #cock https://t.co/ZSWiCupwVb
747758338683764736,Agnes and Mia Malkova hottie loves some steamy shocking action selfie: #Malkova #Agnes #some #steamy #hottie ... https://t.co/tt55KbOLUs
746915786191577090,Amie and Mia Malkova busty amy ried gets her pussy eaten out on skype: #Malkova #Amie #ried #gets #busty #pussy https://t.co/054Hrgdl1U
754360803994636289,Jana and Mia Malkova is sat down getting a face fucking and Jackson: #Malkova #Jana #down #getting https://t.co/tA0JEY1xKe
744226177103990784,Allyson and Mia Malkova is butt naked getting her ass screwed hard on twitter: #Malkova #Allyson #butt #naked... https://t.co/jc2D57mszl
753831506536112132,#JulesJordan Mia #Malkova #Flexible #Gymnast #Receives An #Anal #Creampie XXX https://t.co/d39W5oTO2g
747722949638103044,Mia Malkova and Lynn asain hottie bounces on a rock hard cock on tinder: #Lynn #Malkova #bounces #asain #hott... https://t.co/EF3MFfH6F2
748021045328748544,Mia Malkova and Lucile gets fucked by jules jordan selfie: #Lucile #Malkova #fucked #gets #jordan #jules https://t.co/h7Ugiawpmd
744714300275589121,Mae and Mia Malkova sucks and fucks a massive black schlong on webcam: #Malkova #fucks #sucks #massive https://t.co/zCI7IzxvVp
744460313865576448,Mia Malkova and Lynn a redhead spanked and strap-on fucked by on facebook: #Lynn #Malkova #spanked #redhead #... https://t.co/o0zPlBPoMX
747059422497644545,Agnes and Mia Malkova asain hottie bounces on a rock hard cock on facebook: #Malkova #Agnes #bounces #asain #... https://t.co/iW3MTAv8oW
746664403844501504,Mia Malkova and Shae Summers takes off her bikini and shows her baps: #Shae #Malkova #takes #Summers #bikini https://t.co/ZW1a56TDsA
748286457626796032,Faith and Mia Malkova babe rios cums all over that rock hard cock on instagram: #Malkova #Faith #cums #babe #... https://t.co/Didkb8G96N
746350959236812800,Mia Malkova and Millie hot busty blonde gets her pussy rocked on snapchat: #Millie #Malkova #blonde #gets #bu... https://t.co/4TuvWKuIzL
747461034940588032,Mia Malkova and Natalia Starr babe is lubed up and jerking on a hard dick on facebook: #Natalia #Malkova #lub... https://t.co/cexzeHib4V
746600315890241537,Mae and Mia Malkova amber gets her nipples pinched and ass spanked on whatsapp: #Malkova #nipples #amber #get... https://t.co/zFMwmcxCUj
746486209224941568,Mia Malkova posing in just her white panties outside: #posing #Malkova #white #just #outside #panties https://t.co/AnPstmVT99
745428017711722497,Jeanine and Mia Malkova gets wet pussy spooned real hard selfie: #Malkova #Jeanine #pussy #gets #real #spooned https://t.co/r8CKWi5TPY
744425162339061760,Mia Malkova and Shae Summers a big black stud fucks the hell out of this white girls on kik: #Shae #Malkova #... https://t.co/L94YoqMVUu
744567529192853505,Sharlene and Mia Malkova getting her hair pulled and pussy fucked on instagram: #Malkova #Sharlene #hair #get... https://t.co/xoJfQ89CAi
748043282823938048,Isabella and Mia Malkova nymph amber fucks her sweet cunt from behind on instagram: #Malkova #Isabella #fucks... https://t.co/vIv32LswD1
748556753134985216,Mia Malkova and Ivy allie gets tied up by boyfriend and fucked hard and Mike: #Ivy #Malkova #tied #allie #get... https://t.co/0F7Ljc8Lrm
746567148009467904,Mia Malkova and Natalia Starr sits on a penis and loves it deep in her on reddit: #Natalia #Malkova #sits #St... https://t.co/MoWt4q35PR
747809769465872384,Yesenia and Mia Malkova looking naughty getting played with selfie: #Malkova #Yesenia #naughty #getting #look... https://t.co/fSqzxBsmXF
748490824590123008,Yesenia and Mia Malkova hottie babe is down on her knees sucking dick outside: #Malkova #Yesenia #down #hottie #babe https://t.co/m09tyCjxtJ
746516245160157185,Mia Malkova and Millie alluring milf spreads her legs and inserts a toy on twitter: #Millie #Malkova #spreads... https://t.co/XcSVTclavZ
754335479395266560,Mia Malkova and Natalia Starr reveals her sexy round ass and wet pussy on instagram: #Natalia #Malkova #revea... https://t.co/Rq4Hb63Xso
745547339729801216,Mia Malkova and Lynn busty anuska stuffs her undies into her pussy on instagram: #Lynn #Malkova #stuffs #bust... https://t.co/J29DgTz3RJ
745830185002491905,Mia Malkova and Shae Summers in the sunshine loving playing with a babe on skype: #Shae #Malkova #Summers #lo... https://t.co/B2TV5qRRNk
745369224017633280,Agnes and Mia Malkova lucy rides a pink toy inside her wet pussy on webcam: #Malkova #Agnes #pink #lucy #ride... https://t.co/Pp7F3wheqf
745712391602606080,Kitty and Mia Malkova juicy enjoying a nice hot bubble bath with Armand: #Malkova #Kitty #nice #juicy #enjoyi... https://t.co/jA2FnwIUJP
744157725978820608,Amie and Mia Malkova fingering tight pussy and rubbing boobies on facebook: #Malkova #Amie #tight #pussy #fin... https://t.co/We6DiC5FFG
753881537179811841,Mia Malkova and Millie fucking a big cock in a garage selfie: #Millie #Malkova #fucking #cock https://t.co/PjfzzV65MK
747593986089455616,Mia Malkova and Amparo rides a big penis in her wet pussy outside: #Amparo #Malkova #rides #penis https://t.co/K2qYEtj7QU
745869486755033088,Yesenia and Mia Malkova sucks and fucks a big black cock deep down on kik: #Malkova #Yesenia #fucks #sucks https://t.co/iUJ5RhWom0
747523200125272065,Mia Malkova and Miriam nice teen gets poked hardcore on tinder: #Miriam #Malkova #gets #poked #nice #teen #hardcore https://t.co/DvdEzHiZxZ
746458243346530304,Kitty and Mia Malkova beautiful blonde takes a load on her face on instagram: #Malkova #Kitty #takes #beautif... https://t.co/tBPmjFK4FN
746524499172954113,Mia Malkova and Millie doing a blowjob and ridding a big cock on skype: #Millie #Malkova #blowjob #doing #ridding https://t.co/eJpArzfGl6
744554830388035585,Mia Malkova hot babe sucks a long hard sausage on instagram: #babe #Malkova #long #hard #sucks #sausage https://t.co/sS8j9PDCU7
