794228753148874753,"If Hamlet says there's one good man in ten thousand in this world, it must be true #showmewhere #hammy3u"
840952827086163970,Wherever they are LOL #ShowMeWhere https://t.co/jtij9zEf61
606152938411560960,See @Rob_Machado #surf and support the #environment  @SwitchfootBroAm https://t.co/AmQcLx7EjF #showmewhere #SanDiego http://t.co/OfnxYBvK6u
642018348650246145,"Good times w/ pro surfers @eliza_greene &amp; @freyaprumm @supergirlpro #ShowMeWhere #Surfer 
https://t.co/9mVl4zlaBg http://t.co/kgZSZiRa8A"
781506960172527618,Morning time. #ShowMeWhere #limaperu #lima #breakfast #morning #mornin #peru #foodcart #food‚Ä¶ https://t.co/KXC0T2tAwD
720646678592663552,"An event where you can find #music #mind &amp; #art altogether! 
https://t.co/4Vki9BkFvh #WOD #showmewhere #DiversityonTV #DYTTO #FIK-SHUN"
643508727732117505,"I just can't buy ""God wants me to be happy"" as a valid response to anything because the prophets all had pretty hard lives... #showmewhere"
611642490265845760,"It's Summer in @Vegas , @AzureVegas in @PalazzoVegas is the place to be!
https://t.co/ox4Y4zXKrZ  #ShowMeWhere #Vegas http://t.co/7Uv0GbAjH6"
611653717532635136,"Experience our @ShamrocPeterson ride in a #Gondola thru @VenetianVegas 
https://t.co/ox4Y4zXKrZ #ShowMeWhere #Vegas http://t.co/9hHgjcslfR"
606501298024779776,"Surfing, Music, and Food all for the love of the environment! @SwitchfootBroAm #showmewhere
https://t.co/AmQcLx7EjF http://t.co/FE3GwZq44S"
647183209940295680,"Check out Mike from #TheDepotReno thedepotreno on this episode of
#ShowMeWhere @montbleuresort‚Ä¶ https://t.co/wLSNWit4cl"
719957009366278144,Check out @gq01slpt9dcv #StudioMJ #BBoy crew @worldofdance on #ShowMeWhere! SEE HERE: https://t.co/u20HTqttBB  #TV https://t.co/f4CiZwDSex
781912833336291328,The stories of global fashion production: @granacom's Instagram campaign üôåüèº #ShowMeWhere  https://t.co/vnjtwrzfck
658446157417328640,@samimichelexo I didn't know we had a giant waterfall going through our campusüò±üò±üò± #showmewhere
781779738612334592,The latest Profiletree Edinburgh! https://t.co/uH1QdOrYZX #advertising #showmewhere
644206868194177025,"Great food and ambience at @masterskitchenandcocktail in @visitoceanside #ShowMeWhere 
https://t.co/9mVl4zlaBg http://t.co/TOltOoboNn"
715852840590159872,"Facebook, Orbital Insight, Inc., and SPACEKNOW Inc. apply AI to DigitalGlobe pixels at scale via GBDX #ShowMeWhere  https://t.co/Ol2v2il5xm"
725738126430199808,"Ready for #VegasUncorkd heres a throwback 
https://t.co/M2oNPkb8uY #showmewhere #Diverseego #bonappetit #Vegas #TBT https://t.co/6FWjbtprI2"
736220422396469248,It's #MemorialDayWeekend headed to #Vegas these are the #pool #parties to see! #showmewhere #Diverseego... https://t.co/wVmnUhxtph
647107281994166272,"See how we did @TahoeSouth in @MontBleuResort  for a weekend!
https://t.co/CUb24rKTyO #ShowMeWhere #Beer #LakeTahoe http://t.co/NcG65IZliS"
781738759779979264,"The stories of global fashion production: @granacom‚Äôs #Instagram #campaign
https://t.co/UOmT9AuRYh 
#socialmedia #snapchat #ShowMeWhere"
611350326755459072,"The newest episode of #ShowMeWhere just dropped! #pools #food &amp; #celebritychefs &amp; @PalazzoVegas &amp; @VenetianVegas 
https://t.co/tKs7CGyRkp"
802580254912958464,"I gotta step letting misandry on the tl trigger me, but i recognize its cz i got unresolved issues

#WhoHurtYou
#ShowMeWhere
...üò¢"
710556162354073601,@MONEY names #SanDiego as the top #travel #destination in the US! #showmewhere #Diverseego #TravelLivesMatter #USA https://t.co/hNkMHYlIgv
613809165618839552,"#ShowMeWhere checked out #Fleur by the greatest #French #Chef in the World, #HubertKeller... who also‚Ä¶ https://t.co/0f3peNxMhI"
598902763481772032,"The latest episode of #ShowMeWhere is out! @CityofDanaPoint @KonaBrewingCo @discoverusaCA @CAStateParks 
https://t.co/93aDSQ44Eu #CA #Surf"
830969424559620096,"Ummm I don't see any of the Right Wingers calling Joy Villa out for making a political statement with that ""dress"". #showmewhere #GAMMYS"
787248942010421249,Mongolian Cashmere through the eyes of Abdela Igmirien for @granacom #ShowMeWhere https://t.co/4GyL17okXL https://t.co/fZIpata8nV
750807477915045888,"#ShowMeWhere?
6667' must be subtracted from 14416' = 7750' IF YOU WERE 93.8 miles away from #MtBrunswicküëâ100mi short https://t.co/xURS5orbVk"
725738319045238784,"Ready for #VegasUncorkd heres a throwback 
https://t.co/M2oNPkb8uY #showmewhere #Diverseego #bonappetit #Vegas #TBT https://t.co/oDsNO8WNYW"
652519235365679104,"Check out the INETV Crew turning up in @PeekTahoe @HarrahsTahoe
https://t.co/gCKdJRBUzX #ShowMeWhere #southlaketahoe http://t.co/z2OuU9hIYX"
734822078176763904,"SEE why I'm on my butt, getting help from @mthigh on this episode of #ShowMeWhere‚Ä¶ https://t.co/tRqsmu54Up"
644946474728468480,"See what @ShamrocPeterson has to say about @SmartyHealth while riding a bike! #ShowMeWhere
https://t.co/28d1hCdtiF http://t.co/IFh7qzh7gy"
790303063747747840,"When the biggest liar you know starts telling people how ""honest"" they are #showmewhere üò¥üñïüèª"
595992378252472320,One World Observatory official opening in May! Check out more on http://t.co/KUcY0I2R3l #showmewhere #tallestbuilding #travel
781797035594899456,The stories of global fashion production: @granacom's #Instagram #campaign https://t.co/UOmT9AuRYh #socialmedia #snapchat #ShowMeWhere
788301105931452416,We explore the hidden home of the world's best denim with our friend @edwardkb. Take a look.‚Ä¶ https://t.co/DPQyuidXar
851834301423464449,"Is this screentime for ants???
#WhereIsTheRep #ShowMeWhere
@The100writers https://t.co/qtu6h0Hemh"
642018634487824384,"Good times w/ pro surfers @eliza_greene &amp; @freyaprumm @supergirlpro #ShowMeWhere #Surfer 
https://t.co/9mVl4zlaBg... http://t.co/ylP86P3Gsm"
781921655119491072,"Here is our Ultimate #Catalina Island Tour!
https://t.co/GMWxRQ7Szk #Catalinafilm #showmewhere #Diverseego https://t.co/9BBrepOs4I"
725739407324504065,"Ready for #VegasUncorkd heres a throwback 
https://t.co/M2oNPkb8uY #showmewhere #Diverseego #bonappetit #Vegas... https://t.co/U6sO7cdutC"
648584748130959360,"When in @tahoesouth be sure to hit up Opal Ultra Lounge in @MontBleuResort 
https://t.co/CUb24rKTyO #ShowMeWhere... http://t.co/K0e088kDFb"
803636944013967360,@mthigh Southern Cali's closest winter resort is officially open! #Diverseego #showmewhere #MtHigh #haveyouseenhim‚Ä¶ https://t.co/Lfrg3OJgqG
719857428238499840,"Shit turn into #whoHurtYou #ShowMeWhere
Instead of building on ideas for the progression of blk family / community"
720686487923109888,"In the words of Dytto #DoYouBoo #WOD #showmewhere #DiversityonTV #Diverseego #Dytto #Dance 
https://t.co/4Vki9BkFvh https://t.co/XVDZiASyUU"
788707784305020928,Silky secrets. Get the lowdown on how we make it and where it comes from with @igmirien in Huzhou‚Ä¶ https://t.co/n6JAd4xBMB
647183600593555456,"Check out Mike from #TheDepotReno thedepotreno on this episode of
#ShowMeWhere @montbleuresort‚Ä¶ https://t.co/uB3b0XOVEc"
611937544117227521,Have you experienced #Gondola riding thru the @VenetianVegas like this? https://t.co/ox4Y4zXKrZ #ShowMeWhere #Vegas http://t.co/2CVQXvG8Vp
787236931935477760,Chinese Silk through the eyes of Abdela Igmirien for @granacom #ShowMeWhere https://t.co/xKxhsxqOBX https://t.co/7wNjcLaudH
644206149240098816,Great food and ambience at this cool restaurant @masterskitchenandcocktail located in @visitoceanside #ShowMeWhere http://t.co/x3KgyD65z0
710555685319102464,@MONEY names #SanDiego as the top #travel #destination in the US! #showmewhere #Diverseego #TravelLivesMatter #USA https://t.co/Mq5sHNLbBI
606185886473068544,A true #SoCal event! #SwitchfootBro-Am @SwitchfootBroAm with @Switchfoot &amp; @Rob_Machado on #ShowMeWhere with... http://t.co/hrNVZArQ68
781363305378148352,Late night snacks aka super churro! #ShowMeWhere #peru #lima #limaperu #southamerica #churro‚Ä¶ https://t.co/TkXyaZR4AP
648588330947342336,Our host @ShamrocPeterson enjoying the view of Catalina! #ShowMeWhere #INETV #catalinafilmfestival #comingsoon http://t.co/WZacgsIKmL
656245062049886208,Here's a preview of @seeinetv #ShowMeWhere @PEEKTahoe #PEEK #Nightclub @HarrahsTahoe #Harrahs in‚Ä¶ https://t.co/UslQJOXOqK
736218970227773440,"It's #MemorialDayWeekend headed to #Vegas these are the #pool #parties to see! #showmewhere
https://t.co/YpTgGiYxL2 https://t.co/8yGbGN1yNh"
795632178512203776,Come with @igmirien to Inner Mongolia to see what it takes to make beautiful cashmere. https://t.co/JLtCjWam11‚Ä¶ https://t.co/kW6wi6PPJX
648594813483282432,INETV Team hanging w/ @BillyZane at the @catalinaFilm #catalinafilmfestival #ShowMeWhere #comingsoon #redcarpet http://t.co/eNEXbOspFI
730074352725544960,Where though? LOL #AbsAreMadeInTheKitchen #ShowMeWhere https://t.co/CG6tmlVILd
613529264969744384,"#FastFuriousRide Premiere @UniStudios #UniversalStudios
Talent on next #ShowMeWhere episode @seeinetv #LA #Hollywood http://t.co/jvSC4MaS5z"
648580833788366848,"When in @tahoesouth be sure to hit up Opal Ultra Lounge in @MontBleuResort 
https://t.co/CUb24rKTyO #ShowMeWhere http://t.co/H41vEGoBd0"
598877282002833409,"Experience The BEST Place To Surf In #California ! @DohenySurfFest 
https://t.co/93aDSQ44Eu
#showmewhere #travel http://t.co/SbFO2UqGOc"
844206992969383936,Idiot Leahy claims the Constitution states that Republicans have to confirm Dem SCOTUS nominees. #ShowMeWhere
717162727324651521,Check out #Dytto's iam_dytto #interview @worldofdance #worldofdance on this #ShowMeWhere episode‚Ä¶ https://t.co/256OfliWOW
725745057236541440,"Throwback of the team working in Vegas at Vegas Uncorked! 
#VegasUncorkd #showmewhere #Diverseego #bonappetit... https://t.co/or84EdTiq4"
725028784433319936,Making plans for the summer head to #SouthLakeTahoe https://t.co/CUb24rKTyO #TravelTuesday #Diverseego #showmewhere https://t.co/jSyQvjutZJ
717161439966920704,Check out #Fikshun's @dance10fikshun #interview @worldofdance #worldofdance on this #ShowMeWhere‚Ä¶ https://t.co/A8QW8weP5O
756232010478215172,"Before you head to #ComicCon2016 be sure to check this out!
https://t.co/XZ9DnolJIr #ShowMeWhere #Diverseego #ComicCon #SanDiego #cosplay"
595695130159534082,"The BEST TV Show In The World Is Waiting For You!
https://t.co/yCXEWwDKPM #showmewhere #TravelTuesday #travel #WaitingForYou"
613052235862294528,Thx again @TheLINQ for the #FunTimes @HighRollerVegas was amazing! #TheLinq #ShowMeWhere #Vegas episode coming soon! http://t.co/2dFBTz7JhW
606215524863713281,A new episode of #ShowMeWhere is out watch @ShamrocPeterson experience @SwitchfootBroAm https://t.co/AmQcLx7EjF http://t.co/Iahmof6Fja
784824964419493888,When you become friends with a Disney worker and she gives you all the deets about new products! #SayNoMore #ShowMeWhere
648585391042228224,All smiles from the INETV Team on the red carpet at the Catalina Film Festival   @catalinaFilm #ShowMeWhere #filmfest http://t.co/d3pluk2v8W
611932549154103297,Had fun #filming the #Gondola ride through @VenetianVegas! Check it out: https://t.co/LSncHmTCOv #ShowMeWhere #Vegas http://t.co/Jihqi9DbXd
734984140659924992,"SEE why I'm on my butt, getting help from @mthigh on #ShowMeWhere @diverseegotv! https://t.co/w6FsCxnJNF
#Travel #TV https://t.co/3ypQeVkbPk"
609451589183496192,Just pulled up in @Vegas to experience the newest hotel on the strip @TheLINQ #showmewhere #vegasseason http://t.co/HXco8kNxhL
609524962597011456,Wow! #Diamond #Ice in Expresso Bourbon @TheLinq #Bar3535 #LV #LasVegas #Vegas #VegasSeason #Cocktails # #ShowMeWhere http://t.co/NGkI0ErIwR
781916613339586560,The #Catalinafilm is in full swing this weekend! Check out our views from the #redcarpet @CatalinaFilm‚Ä¶ https://t.co/Vone3d0lQD
709290146416488448,and how kurt had more privileges than her bc he's a man #showmewhere
595985199759888387,It's the Best Travel Show in the World and they're stuck at the Airport waiting for you! https://t.co/yCXEWwm9rc #showmewhere #travel
648593889650053120,Looks like our producer is having a nightmare! @RobertBEnglund  #catalinafilmfestival #ShowMeWhere #FreddyKrueger http://t.co/OX7pJ1jISH
778737929220796417,@KatSnarky @george12100 @nickie_greer @fuchujim @Thorson_Viking you mentioned abuse? #showmewhere see this üï≥üëûüï≥üò±üí©üí©üöΩüêÄüêõüêõüêõüòòüçø
606542270574108673,"We got to experience the band @RunRiverNorth at #SwitchfootBro-Am! #showmewhere #greatmusic
https://t.co/AmQcLx7EjF http://t.co/nUHVdPTdOX"
792096442827571200,Just stopped somewhere in #California and saw this sign #snake #rattlesnake #beware #danger #venomous #showmewhere‚Ä¶ https://t.co/pGuIumgBJ2
608714112458235905,#ShowMeWhere! The show that will go where no other show has gone before... almost anywhere. Be sure‚Ä¶ https://t.co/atcZE8z7T6
782198251898466304,lovely people from a lovely land! #ShowMeWhere https://t.co/wSFQdNykso https://t.co/wLBoq2VYxM
652519623242346496,"Check out the INETV Crew turning up in @PeekTahoe @HarrahsTahoe
https://t.co/gCKdJRBUzX #ShowMeWhere... http://t.co/KkvlYK9oSO"
719742171314851840,Check out the halloffamedanceteam at #worldofdance @worldofdance on this episode of #ShowMeWhere‚Ä¶ https://t.co/dhnGGwVM0u
790105004019331072,This reminds me of #ShowMeWhere campaign by @granacom cc @SuhaniJain https://t.co/OYE0VFX6t2
613401486127702016,In the back lot of #universalstudios checking out the new #fastandfurious ride! #ShowMeWhere #travel‚Ä¶ https://t.co/NJOGLuPntm
607950080029523968,"Check out @switchfoot &amp; @Rob_Machado #surf contest and planet awareness event! #showmewhere
https://t.co/AmQcLx7EjF http://t.co/OKgEayAPoZ"
716268022575464448,SEE @shamrocpeterson interview @iam_dytto @worldofdance on #ShowMeWhere @diverseegotv! HERE: https://t.co/u20HTqttBB https://t.co/Lint46O0oz
828274591957209088,@iams3th I haven't discovered this yet.... #showmewhere
753747821669474304,63rd annual Over-the-Line Tournament at Fiesta Island for a second round this weekend #showmewhere #Diverseego #OTL https://t.co/8tpmFj0GqY
612004981604941824,"Check out a one of a kind interview with #Celebrity #Chef @curtis_stone 
https://t.co/ox4Y4zXKrZ #ShowMeWhere #Vegas http://t.co/bANj8Y2FZM"
648594095275806720,Looks like our producer is having a nightmare! @RobertBEnglund  #catalinafilmfestival #ShowMeWhere #FreddyKrueger... http://t.co/NfqhsrNGXn
593445688555360256,Welcome to #SPAMERICA a look at SPAM Musubi &amp; Sunny Anderson on SPAMERICAN TOURS  https://t.co/P5NLA9sp0A #showmewhere #SPAM #HelloKitty
781402667855773696,Check out my journey in Inner Mongolia with stories of #ShowMeWhere cashmere is made with ‚Ä¶ https://t.co/73cz2thoLJ https://t.co/2LQYLHHP3E
785456290428547072,Show me where! #ShowMeWhere https://t.co/q5uR3jbW5U https://t.co/JuxKwoXZXN
613761281179291648,Biggest &amp; Best #California #Festival returns this weekend June 27th @OceanBeachCA @visitsandiego  https://t.co/5GG4c6jHbJ #ShowMeWhere
634600021548224512,Looking up for answers because I know HIS will is way better than anything I could conceive! #ShowMeWhere #ShowMeHow #ShowMeYourWill
691851721371426816,I need these in my life!!! üòçüòçüòçüòçüòçüòçüòçüòçüòçüòçüòç #Shoes #Mine #GottaHaveEm #ShowMeWhere #Jays #Jordans‚Ä¶ https://t.co/wa57xZXlxs
619580656952188928,Here is a #flashback interview w/ @carlosalazraqui at  #ComicCon  http://t.co/KgxGf1Znte #fbf #SDCC15 #ShowMeWhere http://t.co/2yoA70hFgP
591680662517583872,#ShowMeWhere #TV show with @ShamrocPeterson is back! Get Ready! https://t.co/5AfmRFLaBm
695378559133585408,As much as some want to believe there's a lawful agreement between the NZ govt and Maori re alleged partnership there isn't one #ShowMeWhere
633422482007945216,"Great painting #Live #Art w/ #felifresh @felifresh @OCArtwalk @worldofdance #worldofdance for #ShowMeWhere!
#Travel http://t.co/vXQKJFNg4d"
625113984111280128,Great times w/ @JLabAudio &amp; their cool headphones! @SupergirlPro @ShamrocPeterson #RockItOut #ShowMeWhere #SuperGirl http://t.co/esRRMNQwuo
666305209149296640,Get Ready! #Big #ShowMeWhere episode coming this week with #LucasTill lucastill on #INETV @seeinetv!‚Ä¶ https://t.co/iH8JptsZRa
622085070837411840,#ShowMeWhere We are #American  http://t.co/XHemYVlHag
678743939978043392,Working on a sizzle reel for #ShowMeWhere! Trying to get this thing picked up! 4 years in the‚Ä¶ https://t.co/6LRWOrQLvE
619930737786097664,Get out to #Encinitas today for the annual #switchfootbroam! #ShowMeWhere talked to Chad Butler‚Ä¶ https://t.co/LJNuohfMiA
621385102866673664,Check out @ShamrocPeterson hanging out at the  Agenda Trade Show!  http://t.co/lj9lXoFoOO #ShowMeWhere #lifestyle http://t.co/4Lx1mrkXoh
621365265994022912,"#ShowMeWhere host @shamrocpeterson sat down with @agendashow founder, aaronlevant to get the low down‚Ä¶ https://t.co/MEX6E1phig"
687569866900017152,This album has the power of exciting me deeply Faithless - Comin Around  https://t.co/5wBKUXQvRn #ShowMeWhere'sTheWindowToEscape #indiedance
625070920055439360,Hanging w/ @ShamrocPeterson at the @PaulMitchellUS booth. #SuperGirlPro #ShowMeWhere #INETV #PaulMitchell #surfer http://t.co/weWpFSkejJ
631884107279040512,"Summer is almost over, here is our list of @Vegas hottest pool parties!
https://t.co/YpTgGiYxL2 #ShowMeWhere #Vegas http://t.co/AxqE2Pfr1j"
636953242627276800,Got to hang out w/ @Claud_Oval at the @ComunSD to watch @MASTERCHEFonFOX #Top5 #TeamClaudia #MasterChef #ShowMeWhere http://t.co/RNnl0LxwUC
633051385630748673,#ShowMeWhere host @shamrocpeterson backstage with rickycole_mwc at #WODLA! Thanks again for the‚Ä¶ https://t.co/7ZsQlIEcc5
623935101668335616,This episode we experienced @GuyFieri delicious kitchen &amp; bar located in @TheLINQ http://t.co/7KkO5tSKNF #ShowMeWhere http://t.co/b4IXEMrEvg
593473468185870336,@SPAMbrand #SPAMERICAN Tour &amp; @SunnyAnderson team up on  #ShowMeWhere show w/ @ShamrocPeterson http://t.co/NPuxFEPhki http://t.co/J0n73Oj3Nd
634765411783999489,"@CromwellVegas @DraisLV @theweeknd @TravelNevada @Vegas @GiadaVegas 
The latest episode of #ShowMeWhere is out!
https://t.co/xeOhCVVFYs"
624324551149686784,Let @seeinetv's @ShamrocPeterson show you everything you can do at The LINQ: http://t.co/YRZ0uG09TU #ShowMeWhere
636602578411851776,"Get to know the ins and outs of #TheCromwell with @ShamrocPeterson: http://t.co/TSXksGvK1j
#ShowMeWhere"
695585700989763584,üò≠üò≠üò≠üò≠üò≠ ‚úå‚úå Just block me.... #flaggots #showmewhere #youlilbitch https://t.co/2ESt0btftC
671434153015967745,"Check out #LucasTill lucastill catalinafilm #Festival on
#ShowMeWhere @seeinetv:
SEE HERE:‚Ä¶ https://t.co/kQwCUDznCX"
636960292585406464,"A #throwback episode of #ShowMeWhere that we loved. #TBT #ILovePoke #SanDiego # Hawaii #INETV
https://t.co/Tf5cq6khBF http://t.co/jy0M5mBGBc"
634766948342059008,"See how we Party it up day and night at @DraisLV inside @CromwellVegas
https://t.co/xeOhCVVFYs #ShowMeWhere... http://t.co/oJry7huCYn"
624712071104475136,Thinking of going to #Vegas @Vegas? Check out @TheLinq! Here‚Äôs what you'll see: https://t.co/18gymx23be  #ShowMeWhere http://t.co/Xj4b0Xm0xM
678030071966253056,Check out our very own @ShamrocPeterson song/video in honor of the new #StarWarsTheForceAwakens movie. #showmewhere  https://t.co/aoc8axrlV0
623957116882145280,This episode we experienced @GuyFieri delicious kitchen &amp; bar located in @TheLINQ http://t.co/D5qMVX4L2h #ShowMeWhere http://t.co/lLBQbA96lo
626061093203415041,According to @ABC this is The Ultimate Travel Packing List http://t.co/DCWsETW0S7 #TravelTuesday #ShowMeWhere #INETV http://t.co/R22kwGJCm3
619604836309446656,#ComicCon always brings out the best #Cosplay in the world! #SDCC15 #ShowMeWhere #SanDiego # http://t.co/m3S9dNP1Ko http://t.co/AUrzayOjBX
662885785918681089,@katypillar70 did someone officially say it was a revelation?  #showmewhere #hurtskids #yourenothelping #itsapolicy #manmade
593846535294558208,Ever seen @HelloKitty #Spam #Musubi @SPAMbrand? @ChefKatieChin makes some on #ShowMeWhere: http://t.co/DyS74AfY96 http://t.co/rMWz8kFcQc
630819371393245184,Enjoyed great food at Fire Break Kitchen and Bar @TahoeSouth @HRHCLakeTahoe #ShowMeWhere #INETV #EpisodeComingSoon http://t.co/TJHOZZpcqI
685153544270303232,"It's not luck, it's all about cause and effect. Be the cause for the effect...
#AttitudeIsEverything #ShowMeWhere"
631884493721313280,"Summer is almost over, here is our list of @Vegas hottest pool parties!
https://t.co/YpTgGiYxL2 #ShowMeWhere... http://t.co/Zx25DGFOU4"
632303667765379072,You asked for it! Here's our list of #Vegas @Vegas #hottest #Pool #Parties on #ShowMeWhere! https://t.co/vjEcqhIrsa http://t.co/xlo1eX4ylZ
619948225831792640,Surfing for a cause going down at @SwitchfootBroAm right now. @switchfoot   http://t.co/6GiAsjDZ2J #ShowMeWhere http://t.co/ExbIeG3hWx
621366634335334400,#ShowMeWhere host @shamrocpeterson sat down with @agendashow founder aaronlevant to get the low down‚Ä¶ https://t.co/dDeqvDRx8U
633051828402302976,"Great interview with @iam_dytto #Dytto @worldofdance #worldofdance #wodfinals15 #WOD #WODLA #FunTimes!
#ShowMeWhere http://t.co/FmYL66bbgy"
702558593870991360,America's Favorite Travel Guide is Moving Legalization Nationwide https://t.co/VcOTPNIRLz @leafly #travel  #cannabis #showmewhere
634449925464428544,"Here's a #TBT episode from the largest #Brazilian Festival in the west coast! 
https://t.co/EOZHg7CfNy #ShowMeWhere http://t.co/P0w6MCpmg1"
620329760158294016,"#ShowMeWhere visited #SanDiego for the legendary #ComicCon, where host @shamrocpeterson attempted to‚Ä¶ https://t.co/gs6TYiAjNW"
636961131387559936,A #throwback episode of #ShowMeWhere that we loved. #TBT #ILovePoke #SanDiego #Hawaii #INETV... http://t.co/VRUuzP0AwO
619607208716857344,#fbf #ShowMeWhere checked out the youtube Fan Lounge at @sandiegocomiccon with the guys from Mondo‚Ä¶ https://t.co/h0LVYRKymm
623929326933835776,Watch how we do @TheLINQ &amp; @HighRollerVegas in  @Vegas http://t.co/7KkO5tSKNF #ShowMeWhere #Vegas #VegasSeason http://t.co/n5uic6CAXh
619615985293742080,#fbf #ShowMeWhere checked out the youtube Fan Lounge at @sandiegocomiccon with the guys from Mondo‚Ä¶ https://t.co/6t4L8yROV0
669200742801137664,"Check out the awesome #MenaSuvari @Mena13Suvari catalinafilm
#Festival on #ShowMeWhere @seeinetv: SEE‚Ä¶ https://t.co/yW9BHOY4Oj"
625045285601869825,Great lunch before the shoot! #MastersKitchen #Oceanside #SuperGirlPro #ShowMeWhere http://t.co/yHSbRuoxZW
619932998172020736,@OMBAC The Wildest Game On The Beach starts today! http://t.co/sVD0AcNcuF #ShowMeWhere #OTL #SanDiego http://t.co/fAXr71tDF6
630821789321441280,@ShamrocPeterson and #INETV team working on the @TahoeSouth episode in @PeekTahoe @HarrahsTahoe #ShowMeWhere #travel http://t.co/1ZeovkThHv
624604163964432384,@Surfrider will be @SupergirlPro in #Oceanside. See what they do in this #ShowMeWhere episode https://t.co/bUr9UzDKzz http://t.co/LtEFWL7JEr
619593333195866112,Are you ready for the wildest game on the beach? @OMBAC #OTL starts this weekend. http://t.co/KA3u5QuetM #ShowMeWhere http://t.co/Ray4iN0xXK
632317749214248960,"You asked for it! 
Here's our list of #Vegas' @Vegas #hottest #Pool #Parties on #ShowMeWhere!... http://t.co/CDZ0GpwZH6"
662356462568611840,"When someone erases your poignant question to appear to have one upped you 
#Showmewhere#ulose"
625031406423441408,Lunch b4 the shoot at #MastersKitchen #Oceanside #SuperGirlPro #ShowMeWhere #INETV #Greatfood http://t.co/bLz1UktYrp
702559433948147712,@USNewsTravel We will make your list soon! #showmewhere #Diverseego
636232174430097408,"According to @DirectorIoD these are the latest travel gadgets.
http://t.co/MQ3Qbc7yNz #TravelTuesday #ShowMeWhere http://t.co/8Qi5Hctj7D"
623890473380392960,Its #VegasSeason &amp; the latest episode of #ShowMeWhere is out! @TheLINQ @Vegas @HighRollerVegas... http://t.co/XQKFMPxDfi
624996104686317568,"If you're in Vegas check out #TheLINQpool @TheLinq #TheLinq: https://t.co/18gymx23be
#LasVegas #ShowMeWhere #Travel http://t.co/QOKDLqJiBQ"
623996149574152193,Thx #JoeOpalewski @GuyFieri &amp; @GuyFieriLV @TheLINQ #LasVegas! Great #ShowMeWhere episode: https://t.co/XyzvgS9cWk #LV http://t.co/fN4wHIN6mo
631248128159559681,#Fun times w/ @seeinetv #ShowMeWhere crew in @TahoeSouth #Nevada @TravelNevada &amp; @PEEKNightclub @HarrahsTahoe #Travel http://t.co/IYYjkCOECj
619574053364346880,Thx #SDCC @ComicCon #DavidGlanzer great interview on #SD #ComicCon Inside &amp; Out: https://t.co/p5Yov0rvi7 #ShowMeWhere http://t.co/1gFSw1SBcn
697536343748947968,"Falling in love with even more details of #CrimsonPeak 
Sir Thomas is so desperately beautiful in the stabby scene with Alan...#ShowMeWhere"
634766503636828161,"Party it up day and night at @DraisLV inside @CromwellVegas
https://t.co/xeOhCVVFYs #ShowMeWhere #TheWeeknd #Vegas http://t.co/vTwZVUAYYG"
622089059981246464,Experience the craziest and funniest travel show! #American #Travel #lifestyle #ShowMeWhere  http://t.co/dCpcee7h3z http://t.co/DsKBcyMXvQ
624702012928557057,See how I became a #HighRoller @HighRollerVegas in @Vegas @TheLinq #TheLinq on #ShowMeWhere: https://t.co/XyzvgS9cWk http://t.co/PI6WX56vqs
