680980397698592769,‚à´‚ô° #Hillard and #Hanson women‚Äôs black studded V-neck #sweater shirt top | M | Medium https://t.co/4eHeDAdmlW https://t.co/c0884dU9ih
681165749231067136,Birth father mail to my old house. #hanson #vhs #icried https://t.co/Knb5iCdebp
681003112467804160,‚úø‚óï #Hillard and #Hanson women‚Äôs black studded V-neck #sweater shirt top | M | Medium https://t.co/4eHeDAdmlW https://t.co/Iz5ZEZo9jp
680960912593829891,"#NowPlaying  ""Mmmmbop - #HANSON "",  #GagalMoveOn with @rereza90_"
682166854379413504,‚à´‚ò∫ #Hillard and #Hanson women‚Äôs black studded V-neck #sweater shirt top | M | Medium https://t.co/4eHeDAdmlW https://t.co/uPj8yV6eTm
680985088809693185,#Hanson also goes into the post...#Hemorraging all over the place!
680534667993350144,‚ù§‚ù¶ #Hillard and #Hanson women‚Äôs black studded V-neck #sweater shirt top | M | Medium https://t.co/4eHeDAdmlW https://t.co/eRnlVrc7cA
681446618915303424,Christmas song?! They have a whole album Ross! #Hanson  https://t.co/2GUNftxT59
682416243702280193,‚úæ‚Ä¢ #Hillard and #Hanson women‚Äôs black studded V-neck #sweater shirt top | M | Medium https://t.co/4eHeDAdmlW https://t.co/0bZFVo6R1V
681335496518144000,‚ô¶‚â• #Hillard and #Hanson women‚Äôs black studded V-neck #sweater shirt top | M | Medium https://t.co/4eHeDAdmlW https://t.co/EjiwyUnu3F
682252948924059648,Check out our #listing in #Hanson #MA https://t.co/Nbop8HbdHZ #realestate #realtor https://t.co/AYF8IeNWIw
682381924757823488,"Phew, that's better! Listening to #ThisTimeAround and trying on dresses is just 100% exciting üòé #BTTI2016 #Hanson #BackToTheIsland"
682348218223493120,Œî‚ôß #Hillard and #Hanson women‚Äôs black studded V-neck #sweater shirt top | M | Medium https://t.co/4eHeDAdmlW https://t.co/UhSEiiFaf7
681743523356360704,‚â•√∏ #Hillard and #Hanson women‚Äôs black studded V-neck #sweater shirt top | M | Medium https://t.co/4eHeDAdmlW https://t.co/tr5bcgL6bi
680563208734830592,The fusion of the best gif and best song ever! üíõüíöüíú‚ù§ #mmm #mmmbop #hanson #90s #teletubbies #haha‚Ä¶ https://t.co/a6DcVS4DvT
680595885365932033,Very entertaining read on #Canadian (&amp; #US) #politics #cdnpoli &amp; kind of explains #Hanson in Australia too. https://t.co/widB8BjGek
682597591712833538,‚ùß‚ù§ #Hillard and #Hanson women‚Äôs black studded V-neck #sweater shirt top | M | Medium https://t.co/4eHeDAdmlW https://t.co/uw0MDEgcbP
681215514652327936,Prayers for the best coach at the Park #Hanson https://t.co/goIeqw2Zut
681395928419274752,‚ùã‚ú∞ #Hillard and #Hanson women‚Äôs black studded V-neck #sweater shirt top | M | Medium https://t.co/4eHeDAdmlW https://t.co/6AJnZBjgKh
680476317121384448,"Company profile ROBERT HANSON REALTY, LLC - https://t.co/eipUqXzMg3  #ROBERT #HANSON #REALTY, #LLC"
681599981074030592,‚åÇ‚ùã #Hillard and #Hanson women‚Äôs black studded V-neck #sweater shirt top | M | Medium https://t.co/4eHeDAdmlW https://t.co/jK4vICVaDM
682636972175822849,Is it time for BTTI yet? No?  Argh.  #Hanson https://t.co/RD9eqA61y4
682640025289371648,üì∑ mistyneedscoffee: Is it time for BTTI yet? No? Argh. #Hanson https://t.co/IP5MDmk8Rd
682408656156160000,‚ô•‚ù¶ #Hillard and #Hanson women‚Äôs black studded V-neck #sweater shirt top | M | Medium https://t.co/4eHeDAuXKw https://t.co/8ID4ZDYnIq
680631294817087488,Now Playing: #Hanson - I Will Come To You - https://t.co/6Dy4H8y2IJ
682189543085178882,‚ô™‚Äª #Hillard and #Hanson women‚Äôs black studded V-neck #sweater shirt top | M | Medium https://t.co/4eHeDAdmlW https://t.co/uiF2RwhA43
681855214803136512,"Welp, #Hanson wished me a happy birthday. My birthday can only really go downhill at this point. Thx, @hansonmusic! https://t.co/skBkQ1yHFL"
681479039500959744,‚ô£‚ùù #Hillard and #Hanson women‚Äôs black studded V-neck #sweater shirt top | M | Medium https://t.co/4eHeDAdmlW https://t.co/1kz8LPjz7D
681063542758359040,‚ù§‚Üí #Hillard and #Hanson women‚Äôs black studded V-neck #sweater shirt top | M | Medium https://t.co/4eHeDAdmlW https://t.co/paGYqAnTbE
682703367848607744,‚ôß‚Ä∫ #Hillard and #Hanson women‚Äôs black studded V-neck #sweater shirt top | M | Medium https://t.co/4eHeDAdmlW https://t.co/vglqtLZDg1
681203480812503041,"Director of P... - #Hanson , KY (https://t.co/rn5Uj6rSkL) Get Wastewater Engineering Jobs #WastewaterEngineering #jobs #job #GetAllJobs"
681448810178990080,‚úæ¬ß #Hillard and #Hanson women‚Äôs black studded V-neck #sweater shirt top | M | Medium https://t.co/4eHeDAdmlW https://t.co/MRQxYFdB2H
682704750295576576,taylorhansonmusic #hanson #happynewyear #2016 https://t.co/93K4vMD9ry
681449834205818880,"#HansonEspa√±a #Hanson

[BLOG] White Christmas https://t.co/lhEYy5x494"
681933346016919553,I NEED another @hansonmusic concert! Wish I had money for the MOE. Woulda been cool to travel. #hanson #love #music https://t.co/0gWDglyvr4
681784211372687360,It's that time of year!! All sanders have been on the road since 3AM. Please drive with caution #MAsnow #hanson
682491817393131520,‚ôÆ} #Hillard and #Hanson women‚Äôs black studded V-neck #sweater shirt top | M | Medium https://t.co/4eHeDAdmlW https://t.co/hD6uofcHHR
681766289094782976,‚Äª‚àÇ #Hillard and #Hanson women‚Äôs black studded V-neck #sweater shirt top | M | Medium https://t.co/v2EnQf4DV1
682440138413228034,HANSON FAMILY HOLDINGS LIMITED - information about company from United Kingdom you can found there https://t.co/fhFWhsaNrZ #HANSON
681169332450152448,√∏‚ù§ #Hillard and #Hanson women‚Äôs black studded V-neck #sweater shirt top | M | Medium https://t.co/4eHeDAdmlW https://t.co/OOJnbxE3kk
680579999154372608,¬§‚Ä∫ #Hillard and #Hanson women‚Äôs black studded V-neck #sweater shirt top | M | Medium https://t.co/4eHeDAdmlW https://t.co/BGKtdp0gWr
681615108338913280,‚â•‚àÇ #Hillard and #Hanson women‚Äôs black studded V-neck #sweater shirt top | M | Medium https://t.co/4eHeDAdmlW https://t.co/fhUMO9HaUQ
680428545697398784,Hugh sent me a new Hanson cd since enterprise lost mine #underneath #hanson üòÇüòÇ itsashameaboutrach https://t.co/xVsfNxQdyh
682650479541764102,‚ú∞‚Üí #Hillard and #Hanson women‚Äôs black studded V-neck #sweater shirt top | M | Medium https://t.co/4eHeDAuXKw https://t.co/X7shjkaMjm
682172908324696064,"Hubs got me a frame for the print of Zac #Hanson ""Panic in the Streets"" painting üòç https://t.co/5iiIjvkMa5"
681446809777139714,Yup and they have a beer company called MmmHops #truestory #hanson https://t.co/4k8kXpgU5R
680814120019431425,‚úî‚åÇ #Hillard and #Hanson women‚Äôs black studded V-neck #sweater shirt top | M | Medium https://t.co/4eHeDAdmlW https://t.co/e5NwdPbp8I
681956910455767040,The best nine of 2015 for taylorhansonmusic #hanson https://t.co/05GaDUIeVr
682083739220901888,¬§√∏ #Hillard and #Hanson women‚Äôs black studded V-neck #sweater shirt top | M | Medium https://t.co/4eHeDAdmlW https://t.co/NdHMt4gHFA
682551536036241408,One of the 2015 moments to remember üòÄüòÄüòÄ #Hanson #PracticingMyEnglish‚Ä¶ https://t.co/ttcgZx0tOO
682221481967890432,Had an audition for these legends new haircut magazine #hair #hanson #hairson #hairsonford #ForceAwakens https://t.co/Bn4uM2wZkT
681033485969190912,Best gift ever? Best gift ever. #nirvana #hanson https://t.co/3kKWC5iaxE
682038402498203649,‚ô¢‚Üí #Hillard and #Hanson women‚Äôs black studded V-neck #sweater shirt top | M | Medium https://t.co/4eHeDAdmlW https://t.co/eup3t6PHlv
681086220588322817,‚òÖ‚úæ #Hillard and #Hanson women‚Äôs black studded V-neck #sweater shirt top | M | Medium https://t.co/4eHeDAdmlW https://t.co/OVRvCnMTDd
680491138738970624,@IPM2016 #caughtbluehanded for Christmas in Kitchener. #Wellington @MargaretJohn68 Country girl at heart #Hanson https://t.co/x4ozgW1PJT
682471681651118081,"Is there any other way to start New Year's celebrations?

#Hanson #games #family #nye #nye2015 @‚Ä¶ https://t.co/EbWcS8op40"
681805504449015808,Off to jamaica in 3 days @lilmizzhitz  ARGHHHHHHHHHHHHHHHHHHH #BTTI #HANSON @hansonmusic
680459134131544065,‚ô¢Œî #Hillard and #Hanson women‚Äôs black studded V-neck #sweater shirt top | M | Medium https://t.co/4eHeDAdmlW https://t.co/mGazqxnC30
682265115110981633,≈ë‚úî #Hillard and #Hanson women‚Äôs black studded V-neck #sweater shirt top | M | Medium https://t.co/4eHeDAdmlW https://t.co/551ZnPaElH
681449700017451008,"#HansonEspa√±a #Hanson

[BLOG] The Amazon https://t.co/ArdXvmWIt1"
681781443140268032,‚ùã√ê #Hillard and #Hanson women‚Äôs black studded V-neck #sweater shirt top | M | Medium https://t.co/4eHeDAdmlW https://t.co/dkFvljiBCd
680603251780222976,My life is finally complete #hanson #mmmhops #mmmbop‚Ä¶ https://t.co/EvpO2PHMPg
681143714278801408,"Best Christmas present ever, Jason #Hanson jersey! #OnePride #bestkickerever #Legend #tandcmcd #golions https://t.co/hTsqOVUO9d"
681501718098481154,‚Ä¢‚ôØ #Hillard and #Hanson women‚Äôs black studded V-neck #sweater shirt top | M | Medium https://t.co/4eHeDAdmlW https://t.co/baGE8bBSCz
682498296145838080,#HousosCash Voice is a #Conglomeration of #Effie #Hanson #Lambie Hope it never has to go #OS #SoEmbrassment! #auspol https://t.co/iTCs2D8ODV
680587588629999616,}√∏ #Hillard and #Hanson women‚Äôs black studded V-neck #sweater shirt top | M | Medium https://t.co/4eHeDAdmlW https://t.co/TPPwvJhFc4
681857067473186816,‚òÖ‚òæ #Hillard and #Hanson women‚Äôs black studded V-neck #sweater shirt top | M | Medium https://t.co/4eHeDAdmlW https://t.co/OdZMU5Guaf
681131553963950080,‚úæ‚òº #Hillard and #Hanson women‚Äôs black studded V-neck #sweater shirt top | M | Medium https://t.co/4eHeDAdmlW https://t.co/fjqb3phWZ4
682486055401033728,Hello #Hanson fans! Who's going to #BTTI2016 ? Show of hands please üëãüèª üå¥üçπüíÉüèª
682106427905687553,‚àû‚ô¶ #Hillard and #Hanson women‚Äôs black studded V-neck #sweater shirt top | M | Medium https://t.co/4eHeDAdmlW https://t.co/qIrIgZ8arI
682257530672689153,‚úø‚òæ #Hillard and #Hanson women‚Äôs black studded V-neck #sweater shirt top | M | Medium https://t.co/4eHeDAdmlW https://t.co/Qj8ezPzBJK
681527869403705345,Brain #Health #Staying #Sharp #The #Mary #Hanson #Show #BrainSurgeryLive https://t.co/b8cjCGGm7h
682049418254745601,Be honest @taylorswift13 .. The middle #hanson brother is really your twin sister..
681932601062391808,‚ùÅ¬§ #Hillard and #Hanson women‚Äôs black studded V-neck #sweater shirt top | M | Medium https://t.co/4eHeDAdmlW https://t.co/QtFvRSLdCz
681176515472699392,"https://t.co/zfBEmZJs93
Still spinning this 18 years later. Where are the other #Hanson lifers out there? @hansonmusic"
682552254021255173,‚ùÉ‚ú∞ #Hillard and #Hanson women‚Äôs black studded V-neck #sweater shirt top | M | Medium https://t.co/4eHeDAdmlW https://t.co/ZpLihpFvzj
680674539072819201,Now playing #Hanson - #Mmmbop right now on https://t.co/wGqTKpQfnT #savewebcasting
681342081709654016,@hansonmusic #SnowedIn is my fav Xmas album ever. Have it on repeat all month long. Ever thing about doing another Xmas album? #Hanson
680495633178988544,I can't turn it off #hanson #snowedin #christmas https://t.co/L68oK2AGZ1
681154335300964353,The most amazing pic I've ever seen!!!! #Hanson #istolethis zoe_g_hanson https://t.co/AXoY9lniLm
681446713597505537,Yessss you know it üôåüèΩ #Hanson  https://t.co/KP0PmqNbIM
680995529761796096,≈ë‚àû #Hillard and #Hanson women‚Äôs black studded V-neck #sweater shirt top | M | Medium https://t.co/4eHeDAdmlW https://t.co/ssALQ7aRaa
681531946657161216,‚ô°‚òº #Hillard and #Hanson women‚Äôs black studded V-neck #sweater shirt top | M | Medium https://t.co/4eHeDAdmlW https://t.co/816Qnqi3H4
681283663334608897,Just some music while driving ;) #hanson #mmmbop #fanforlife #portugalponderings‚Ä¶ https://t.co/x4DPM3swSj
680987780894343168,Damn that was tough #Oilers #Hanson but I'm still proud of the effort
681953066082373632,https://t.co/TPkdoh6wkN Can it be May yet? I need #Hanson Day 2016 &amp; @TheHopJam  like right now.
682073609423044608,"""On a flight to NYC / Got my bean in a coffee cup next to my seat..."" #travel #NYC #BTTI2016 #Hanson @hansonmusic https://t.co/p9RUHTqWAe"
682461580001292288,≈ë‚Ä¢ #Hillard and #Hanson women‚Äôs black studded V-neck #sweater shirt top | M | Medium https://t.co/4eHeDAdmlW https://t.co/keDyWfs8GJ
682263509552500736,Once I Was A Rookie - a blog post https://t.co/QRtwFDme9E #Hanson #BTTI2015 #BTTI2016
681344795856379905,Why is happiness so far away üò¢. #hday2016 #hanson https://t.co/nLKw1Ih7qI
682024977206480896,Well there's no question what I did this year. #2015bestnine  #Hanson #RNRtour #HansonDay #btti‚Ä¶ https://t.co/0jgCvemuly
681305266374103045,‚ô¢‚ùÄ #Hillard and #Hanson women‚Äôs black studded V-neck #sweater shirt top | M | Medium https://t.co/4eHeDAdmlW https://t.co/t9YWfxS5cM
682268116890611713,Hanson - I will come to you https://t.co/MWT3qZaDzI #Hanson
681667990371221504,¬ª‚ùû #Hillard and #Hanson women‚Äôs black studded V-neck #sweater shirt top | M | Medium https://t.co/4eHeDAdmlW https://t.co/EXhzkOY468
682476288364396547,Back when I was the tallest girl (/member of #Hanson) in my class... #okehamptoncollege '93/'94‚Ä¶ https://t.co/lIRe7GlgXF
681434114151546880,Hope to see this man score another one of these again today on GoalCam for @officialbantams ‚öΩÔ∏èüí™üèº#Hanson #bcafc #sufc https://t.co/z1VriiwDa5
682673972509413377,I got these two awesome ultra rare #Hanson promo tapes. Very cool piece of #hansonmerchandise https://t.co/yF4jN94Zf4
681276401392062464,Interview: Erin #Hanson Pioneers the Energetic Style of Open-#Impressionism https://t.co/HPovIqn4Ra #painting
681811252641857536,Amazing book from an amazing band that is never ceases to impress me!!! #hanson #takethewalk‚Ä¶ https://t.co/eqKloJQGfG
682090618638618624,"I am very concerned that I had to INTRODUCE @Avareii to ""mmbop"" today. #Hanson #mmbop #classic"
725344761184419840,"Im selling some #hanson stuff on ebay, message me for details if you are looking for anything"
680126716740677632,‚óï√ê #Hillard and #Hanson women‚Äôs black studded V-neck #sweater shirt top | M | Medium https://t.co/4eHeDAdmlW https://t.co/tD3BUVifLY
724361502400995328,#Sunday #backyard #rocknroll jblaudio taylorhansonmusic  #hanson #theeagles #thestevemillerband‚Ä¶ https://t.co/mrXz60oE6u
725369265864478724,"@BBCR1  #tenminutetakeover #Hanson #MmmBop for Martyn, Cesca and Juggo - Lincoln - Ta Duck"
724502736939716609,CH Hanson 03040 Magnetic Stud Finder https://t.co/E3U0rsPY08 #CH #Hanson #03040 #Magnetic # https://t.co/RqanFODb9I
724290746107338752,"Field Account Manager - Hanson, MA, 00718, USA #careers #Hanson pls RT: We are currently searching for talented‚Ä¶ https://t.co/Rr6Y8LxPbt"
680239021365145600,Mooood this cd is everything‚ùå‚ùå‚ùå @hansonmusic #Hanson #HansonChristmas #HansonSnowedIn 90's! https://t.co/2vrH21bclW
724251210501378049,When your boyfriend plays #mmmbop for you in the truck üòç #Hanson @hansonmusic
724429678828773376,Hanson Rare Limited Edition Autographed Promo Poster 2000 This Time Around https://t.co/WsiAdD24mk via eBay #Hanson @hansonmusic
725418612723429376,"Zac #Hanson tweeted: ""Kazoo solo! See more from the making of #Loud this Friday on https://t.co/d1DE1mYLtM . -Z... https://t.co/BqGLQfDbkq"
725530858833219586,Won't you saaave me? #Hanson
726196186512809984,"As the stream is looping, can we just carry on with this for a few more minutes so that I can make some important observations... #Hanson"
724599089170661376,The Breeders Cup Juvenile horses are being born now. #Hanson #UncleMo https://t.co/FAB4iIB845
724379907829174272,Having wayyy too much fun on #Snapchat!! #taylorhansonmusic @hansonmusic #IfOnly #Hanson üòÇ https://t.co/sXcWXAVxfX
680317108283117568,"To all my #Hanson street team members, friends &amp; fans across the‚Ä¶ https://t.co/G32o0KE2zp"
726530305042042880,"RT @MWF2001 14th Anniversary BASH!
#DevonDudley #Hanson #JohnCena Sr
https://t.co/H16MgsgHUr

SALE https://t.co/pwi6pps9DK
#WWEPayback #WWE"
726200173081296897,"Excellent, @MichaelCastner got a screenshot of the nose picking, which I wasn't quick enough to take! #Hanson  https://t.co/jwJP2m2RDY"
726188836586438657,Zac: really not sure if it's a ponytail or a #manbun therefore let's put it to the vote #Hanson #TheHairReport https://t.co/9i57ftat4G
724036405312274433,Walking up to P.Y.T. Is pretty much equivalent to walking up to MmmBop. #Brewers #Hanson #ESPN
725931307251855361,Playing - #Hanson - This Time Around on i72 - Hot New Country
726332467590750208,#UBERX #Driver Partner needed in #Hanson at Uber. Apply now! #jobs https://t.co/iNakSSUT0s
726191915843096576,Making it up as he goes along.... #Hanson https://t.co/WSdopGcEpT
680376023540613120,‚úø‚â• #Hillard and #Hanson women‚Äôs black studded V-neck #sweater shirt top | M | Medium https://t.co/4eHeDAdmlW https://t.co/fiGyLlmUBR
725795657567637505,"#HansonEspa√±a #Hanson 

[Member's Blog] Take Me To The River. https://t.co/uNVsyNz4KV"
680098333436866560,#nowplaying #hanson ~ Hanson | What Christmas Means To Me ||| Radio TEDDY - In #Koblenz #RheinlandPfalz auf 87.8
725415538399285248,"Traffic Modeler Elizabeth Safranski celebrates 10 years with #Hanson, https://t.co/pDXmBDkoLl. https://t.co/kLKjoPma8M"
725443515669434368,@officialbantams I need to win this card! He is insane in FIFA and in real life #Hanson https://t.co/5FiKCpJVh4
725368432481452033,@catturvill I do believe this was your guilty pleasure at some point #hanson https://t.co/v2LfZH4Nke
726199499773743106,Don‚Äôt know another band that has the balls to open up their songwriting process to the outside @hansonmusic #hanson https://t.co/S0yWeVOaNo
725810610869526528,üéßüíïüíïAhhh run it out #tlc #noscrubs @seanearle #hanson #usher #meetvirginia #mariahcarey #ginuwine #pony #dantalevski https://t.co/NK7xSvFtKT
726015583402229765,"#CDL-A #Refrigerated OTR Company Truck Driver needed in #Hanson at J.S. Helwig &amp; Sons, Inc. Apply now! #jobs https://t.co/J6cxqwLxjh"
724139882281455616,@vanbadham @nobby15 sure. &amp; I stand with reform I'll never caste vote for #Hanson #FamilyFirst # LNP cos of some nasty pref deal
680116989554245632,Now Playing on #Channel80: #Hanson - Where's The Love - https://t.co/9Bxucccw9R
724800909679566848,#260416_W: [#OwlCity] feat [#Hanson] - Unbelievable https://t.co/W1auk7uB2n [#MobileOrchestra]
680209827461636096,‚àÇ‚ô™ #Hillard and #Hanson women‚Äôs black studded V-neck #sweater shirt top | M | Medium https://t.co/4eHeDAdmlW https://t.co/wsqxm9RQJO
680266877466218496,Playing - #Hanson - Merry Christmas Baby - Your Continuous Christmas Favorites
725253814849130500,The mystery of the #Hanson fad https://t.co/cl1DDfDEZn
724114801732030464,Im gonna be sorting through my #Hanson collection later so if theres anything you are looking for let me know! X
726191102668197888,"They do enunciate things weirdly, don't they? #Hanson #GetLoud https://t.co/o68h8CMLPZ"
725413681807290368,@hansonmusic #20years #mmmbop i was listening to 3car garage yesterday!!!! Love it!! #hanson
726195809289555968,Well that was a tiny bit disappointing. Suppose I'd better go get dressed now... #Hanson
725221801714941952,God i remember this song like it was yesterday. Breaktown.  #hanson
726189267249192960,Gratuituous screenshot of Taylor's hair #Hanson #TheHairReport https://t.co/suI4wutkjo
724327075214020610,ZONE 3- MAGNUS HANSON (FULL PART): Magnus Hansons‚Äô part from the‚Ä¶ https://t.co/2Zblligq6A #Skatevideos #full #hanson #magnus #part
724127275046830080,"Company profile HANSON-WILSON, INC. - https://t.co/KrcuKDK7ZL  #HANSON-WILSON, #INC."
724959867367231489,#Hanson‚Äôs Nathan Higgerson quoted in POWER article: https://t.co/p5AVqgapeE
725046545645735937,Which famous actress is the model for the latest android robot? https://t.co/UYCXbiYvSs #robot #robotics #hanson https://t.co/2uBDXwcD0y
724633799590600707,@hansonmusic #MeMyselfAndI I never thought I'd relate to these lyrics but this song is so perfect for my #brokenheart. Thank you #Hanson
724230011176247297,"Uber is hiring a #UBERX #Driver Partner (Flexible Schedule), apply now! #Hanson #jobs https://t.co/YhGrKG5Nvo"
725009132747673600,"Straight from NYC, #Hanson shares this beautiful editorial feat. Cassy &amp; Pirina @TrumpModels https://t.co/KQz7U26WbR https://t.co/i2MpsPzzSA"
680216134151307265,Hanskeys Snowed In :) Merry Christmas @hansonmusic #hanson #merrychristmas #Canada #ChristmasEve
726190386486587394,"zac: *long pause* that's cool too Translation: Taylor, shut up. #hanson #membersstream #lol #awkwardballoon"
726185660042760192,"Oh, there you are #Hanson!"
726361001507975168,An oldie but a goodie üëçüíØ #Hanson #MMMbop https://t.co/GmlaYCVkYD
680209447264755712,"üé∂you pull me together, you're my favourite Christmas sweaterüé∂ hansonmusic taylorhansonmusic #hanson https://t.co/NUYtloyWcS"
680631293483315201,Now Playing on #Channel80: #Hanson - I Will Come To You - https://t.co/9Bxucccw9R
680300488823144448,‚ù£} #Hillard and #Hanson women‚Äôs black studded V-neck #sweater shirt top | M | Medium https://t.co/4eHeDAdmlW https://t.co/ZoyAJQ1fwK
726166324901208064,"Time to load up the old #6cdchanger in my #vwcabrio with some throwbacks.
#hanson #coldplay‚Ä¶ https://t.co/0KtJFp8eB3"
726171011385712641,#Hanson fan club live stream on https://t.co/vg9MeMXsmk in 50 minutes! Tune in to see them making their new‚Ä¶ https://t.co/uD2VxqYnbV
726167540284706820,"RT @MWF2001 14th Anniversary BASH!
#DevonDudley #Hanson #JohnCena Sr
https://t.co/H16MgsgHUr

SALE https://t.co/pwi6pps9DK
#WWEPayback #WWE"
726404243758940160,#Experienced #CDL-A Truck Driver - New Pay Increase! needed in #Hanson at Jobsball. Apply now! #jobs https://t.co/HyN0KgNW0d
726005815572856832,#RADIO #90s #juice Now Playing #Mmm Bop #Hanson #APPS Apple https://t.co/gsMf7U2vzO Google https://t.co/idypaT7UqA
725641544800296960,"A #TBT from our team #Hanson #ThrowbackThursday - @asphodelia @EmpiresWitch @Daisy_979 
https://t.co/Ru318jAr8S https://t.co/yOLtowSkoC"
725394557001695233,Researching for an upcoming #lifeissweet episode is including watching lots of these guys... https://t.co/aS01AEjNrq üòÑüëçüíó #SoTalented #Hanson
726430369780637697,Cheers Hanson üëçüëçüëç #hanson #birthday https://t.co/9uejkV2rbY
726208944348090368,"And now, it's really bed time - good night lovely followers #Hanson #GetLoud"
680337547407392768,Everybody needs a little lovin' around the Christmas time.#Hanson https://t.co/iR4jYApoFE
680269307901652992,The struggle is real. #underbitesunite #hanson #puppy #niecepuppy @remark10 https://t.co/J0tTF8ZCl5
724969856060280832,Who is that kid on the left?!?! #Hanson #TransformationTuesday #BackIn4thGrade‚Ä¶ https://t.co/y8ADqPplbU
725436370072813568,"Last time I played theryman was in 2004 with #Hanson (yes, Hanson) #GenerationAxe #SandbergBass‚Ä¶ https://t.co/oYA0aDGvhq"
724434511946092545,"@platozkv @RichForrest2 @jrostant @smh Think #Anastacia, yes failing victory hung would be delicious. Worry about #Hanson #Hench lose canons"
724337806496174080,"#HansonEspa√±a #Hanson

[BLOG] A Lot Of New Music. https://t.co/JMywZLpKKI"
724782560853807108,What type of measurement is an mmmmmmm bop? Metric? #questionsnotasked #hanson
726053744857604097,Looking for something fun and local tonight? Join me at the tavern at the post in #Hanson for a‚Ä¶ https://t.co/MFqV7DaORB
724393669286047744,@BlackChipPoker how's mmmb0p doing? #hanson #bestbandever
680232504872185857,√∏Œ© #Hillard and #Hanson women‚Äôs black studded V-neck #sweater shirt top | M | Medium https://t.co/4eHeDAdmlW https://t.co/ymxNaAlY2G
726193096816472064,"Can we unanimously agree that they should fire the cameraman? Terrible camera work, once again #Hanson"
724092472419176448,@Andy1Green at a wedding. Dancing to some #nsync and #Hanson #libandmitchgettinhitched
725058952447332352,hanson foot ankle ppt principles Powerpoint Templates - https://t.co/pp4tddtmX7  #hanson #foot #ankle #ppt #principles
680005833493622784,‚ô£‚Ä° #Hillard and #Hanson women‚Äôs black studded V-neck #sweater shirt top | M | Medium https://t.co/4eHeDAdmlW https://t.co/fteYzWqo5o
725424215571238913,"We're finally on Instagram, #Hanson fans - follow us there! https://t.co/5z3aKF6iBo"
724737915939479552,"We are Bauhaus!

Open 7 days a week on Pine Street!

Below Hanson's Shoe Repair in the nostalgic #Hanson building!"
726192755974758400,What kind of noises is he making in between verses? #Hanson
724212190207729664,"Before One Direction, The Vamps... Meron ng Hanson :) #majorthrowback #hanson #mmmbop https://t.co/Ac6cdCGPgv"
726011563950362624,@TheBertShow @BertShowBert @KrisKling @MootePoints LOVE that you played a snippet of @hansonmusic üòçüòç I love them so much! Xoxo #hanson
680224870873993216,"Watching #JackFrost so I can listen to @HDTGM. So far gotta love it, a #Hanson song from Snowed In is in it..."
726190244765290496,"Ominous sounding, menacing drums there #Hanson #GetLoud https://t.co/XXN8n2RLWf"
724682103430979585,Taylor #Hanson https://t.co/JfAyBc10pO
725560917052805120,"Last time I played theryman was in 2004 with #Hanson (yes, Hanson)

#GenerationAxe members:‚Ä¶ https://t.co/Y7Qz3KGAwx"
726247911516852225,Little John has a verse? #What #Hanson #stream
726120627082391552,How do I spend my lunch breaks? Watching old 90s music videos! #SClub7 #bewitched #hanson #nsync #classic90skid
726159927094333440,#Hanson 97 bubble throwback:) have a great weekend! #90skid #stillafan #mmmbop #zachanson‚Ä¶ https://t.co/Ii31AhwrwE
680208378560405504,Went around town. Looking at #christmas #lights while listening to #hanson #snowedin https://t.co/AKgSx93cPa
680219346640097280,17 years without a skip on this CD. Gotta be a record or something. #snowedin #hanson‚Ä¶ https://t.co/TDPUZS6trs
726204782042566656,"Ok folks - that's it, we've done 2 loops of this, time for bed (Isaac agrees) #Hanson https://t.co/MT0Up9HV2X"
724362454407340032,https://t.co/mkkNR82Ea9 I had forgotten how good this song is #hanson #childhoodmemories
724533989529231360,#RADIO #90s #juice Now Playing #Mmm Bop #Hanson #APPS Apple https://t.co/gsMf7U2vzO Google https://t.co/idypaT7UqA
726185677033971712,Started! Have fun everybody! #Hanson #GetLoud https://t.co/5ALtCFdgD2
723860482470359041,75mins for Hughes üëè replaced by #Hanson #dcfc #derby #dcfcfans #coyr
680233241165611008,I love that all my friends still love #Hanson. It's nice here in the 90's. @hansonmusic
723663357421588480,Sounds good Isaac :) #hanson #getloud live stream time üòö
871259066923835392,Billion #Muslims in the world. #Hanson wants to blast them out of existence. A hell of a job especially when 99.9% of them are not killers
871317983221747713,"I got it, wohooo!üòÉüí™üèªüëçüèªThank you, Isaac.‚ù§Ô∏è #hanson #concert #MOEWorldTour #show #mojoclub #hamburg #plektrum‚Ä¶ https://t.co/RzZ6q4BMY9"
871266113891389440,#Shorten slams #Hanson's '#disgusting' #antiIslam #LondonTweet | #NoPauline #PHONy #PleaseExplain   https://t.co/cJRybtDWy2 via @ABCNews
871320065097973760,"Senator #Hanson says ""stop #Islamic immigration before it is too late"".
Ms #Hanson please SHUT UP!! #auspol"
723649487583870977,New Hanson EP recording sessions. It's nuts #Hanson #memberleak haha https://t.co/1aFDkSMVn6
871285836205015040,#PHONy #NoPauline #PleaseExplain #OneNotion | #Hanson Pushes #AntiIslamPolicy After London #TerrorAttacks https://t.co/bhQQNUoTAl
871276926924496897,"Perfect ""distraction"" for #Hanson: ""How dare you bring attention to my rorts while I am busy vilifying all members‚Ä¶ https://t.co/xtdMwgvCnZ"
723662192596406273,"45 minute @hansonmusic Stream complete. #Hanson meets Billy Joel, Jerry Hay, Chicago and The Kitchen Sink."
871466111329382401,Way back home by #hkx with a delay of 60 minutes. Listening to #hanson music. üéßüé∂#keepcool‚Ä¶ https://t.co/XlwfRA2ury
723652521986809856,Awesome music @hansonmusic ! üéº #hanson #hansonstream #hansonmusic #hansonnet https://t.co/BiNeCO7gWL
871477070592827392,"We're #hiring! Click to apply: Residential Counselor - Direct Care - Full Time - https://t.co/KM9FFrWSAj #HealthWelfare #Hanson, MA #Job"
871472048240865280,"‚Äò#Crass, #disgusting, #idiotic‚Äô: #ALP slams #Hanson over terror opportunism | #PHONy #NoPauline | The #NewDaily https://t.co/8GCuNXnFR9"
723740175805890560,"Nordic matches today: @Karhanen üá´üáÆ vs. @Thorbjornolesen üá©üá∞, @MikkoIlonen üá´üáÆ vs. @rikardgolf üá∏üá™ and @RKakko üá´üáÆ vs. #Hanson üá∏üá™ #ShenzhenIntl"
723668027854721024,Now Playing on #Channel80: #Hanson - Where's The Love - https://t.co/9Bxucccw9R
871423596354166785,@MarkBai97570492 @shermon_burgess @CarlKenner His support for #Trump &amp; #Hanson politics should be an indication thi‚Ä¶ https://t.co/257QNMl1Bb
723689298520858624,Every time they show @KellyOlynyk  on the bench I get the urge to listen to #Hanson  #CelticsTalk
871427085004410885,#Hanson's Anniversary edition of Middle of Nowhere Acoustic is same w/ new packaging. https://t.co/8thAAHPmFV
723648821780045830,Is the sound really low of anyone else? I have my volume turned all the way up! #hanson #stream
871194052183457792,"There is no low #Hanson won't go to London Bridge attack: Hanson, Trump use terror for political ends  The New Daily https://t.co/nm02P8fFok"
871152286201925632,"@InsidersABC ""Please Ex-plane"" #Hanson finally has some meaning"
871474985319055360,"Can't alienate a VOTE. 
Can't put #Hanson offside. 
@TurnbullMalcolm a PATHETIC LEADER. https://t.co/tZSMH6BF8a"
722564985562533890,I made a video for the #MOEYS with the help of dear friends @dickblackmusic and @egbdrmf give it a watch? https://t.co/BJbvOoYioM #hanson
871192193968427008,Both #trump and #hanson should hang their geads in shame at gleeful politics after #LondonBridgeAttack
871368852415827968,"#auspol Yet again, #Hanson uses the misery of a terrorist attack to sow her insidious poison &amp; xenophobia into the Australian community"
871311827464007680,Outcry as #Pauline #Hanson turns UK police warning into #antiIslam meme https://t.co/B23TizwBY4 https://t.co/E13pInPUg9
871286898198818816,@hansonmusic 20 years ago #Mmmbop was no.1 in the world charts #Hanson
871356311216177153,"When you've blocked 51
Pauline #Hanson supporters in a day &amp; you've yet to snuggle into your doona. Goodnight. Ther‚Ä¶ https://t.co/1EdQjjny3w"
723675866992095232,"Proven @hansonmusic fact: They DO listen to MMMBop while drinking MMMHops! 20 years laterrr! Girl, I am OLD #hansonüéπ https://t.co/09an2RJ9PD"
723176363516006400,"Construction Technician David Whited joins #Hanson‚Äôs Indianapolis office, https://t.co/2sROu735TM. https://t.co/RWUFzLVZao"
723648260875890688,We start with Taylor &amp; His Magic Red Beanie #Hanson #Loud https://t.co/Pk6BfGn3IF
871229374560731136,"#NoPauline #OneNotion #PHONy #PHON | #Hanson, #Trump criticised over #LondonTerror tweets  - Yahoo7 https://t.co/ZCiE5LzgWx via @Yahoo7"
871475862352166912,"Cruella de #Hanson will use ANYTHING including the Gentelman Shot In His Electorate. 

#auspol #PHON https://t.co/Srxd4biWEr"
871354459867160576,"@Kon__K I suggest you show those supporters' tweets, so we can keep exposing the hate @PaulineHansonOz attracts. #Hanson #PHON"
871154976835371008,Some pics from the Amsterdam show on June 2. More photos at: https://t.co/SFIiPxXBAw #Hanson #MOEWorldTour https://t.co/WBwC51YXBb
871440733995139072,"Via IG @taylorhansonmusic
best friend and bride #Hanson #Hanson25 @hansonmusic https://t.co/kf0mZ25WsT"
723653985362698240,@hansonmusic This is what I'm talking about!!!! YAAAAAAAAASSS #hanson #Isaaclead
723646113694257153,"If you're watching the stream, join us on Twitter at @Hanson_ITA #Hanson"
871357087950839808,@Kon__K Seriously is this woman deranged this is not about her it's about London. #stophate #Hanson
723824139425988608,"standing in 4 @motsamusic tonight at #hanson in #graz w/ mosbee https://t.co/A8g9GmZ1iE looking forward to this, don't show up late!"
723648441402826752,*goes after Taylor with a razor* #Hanson
871451964231516161,"My heart is a weapon and my mind's electric
I'll shock the world when you least expect it...
#IWasBorn #Hanson #Hanson25 @hansonmusic"
723476839193272320,Everyone should start their #Friday listening to #MMMBop by #Hanson. ü§òüèªüòé #flashback #throwback‚Ä¶ https://t.co/D6iUijKN3A
723324240322240512,#Pharmacy #Technician needed in #Hanson at CVS. Apply now! #jobs https://t.co/ZuIDGJWzoR
871221568763969536,@PaulineHansonOz #shutup #youareafool #Pauline #Hanson mimics police warning after attack https://t.co/l2v1hbeB2K via @newscomauHQ
871320618305638400,@MinhKular Maybe she can move to Moscow.  I remember when Britain was her choice.#auspol #hanson
871192989200039940,Love @hansonmusic as much as we do? Watch the video we @popsugar created showing their 20 year evolution! #Hanson https://t.co/jWiQrXtz0m
723919262587318280,"#NowPlaying #MMMBop - Single Version by #Hanson
Why did society shit on this song again? ‚ô´ https://t.co/Dfib5TfJAk"
871286421239119876,"That moment, when you are 14 again... #hanson #concert #show #mojoclub #hamburg #mmmbop‚Ä¶ https://t.co/UyUebaRYCW"
722640229711155200,"Radio&amp;#039;s Success Depends on Choice and Control, Hanson Says - Radio World #hanson https://t.co/Uik1iRdj46"
871276667536199680,"@abcnews @PaulineHansonOz .@ABCnews are, in their own way, promoting #Hanson's #racism, &amp; using #londonbridge as ma‚Ä¶ https://t.co/pzLI0ovllQ"
871299399032348672,"@Bukumbooee #Hanson, Bernardi have the same underlying Dynamic as Islamic radicalisers and Christian fundamentalists #auspol"
871310174627274752,Selling my @hansonmusic tickets for 10th in ldn on @Twickets #ticketsforfans #hanson  https://t.co/9dj2myhw3o
871284412511436801,"What do I even say to such a comment? This is what hate breeds &amp; what #Hanson makes acceptable. Love, compassion &amp;‚Ä¶ https://t.co/iR8fEpZuMR"
871451765719396356,"Don't need a map, I can't be directed
I've got a madness, don't need the method...
#IWasBorn #Hanson #Hanson25 @hansonmusic"
871296178570141696,".... and the vicious, bigoted, #slowlearner and opportunist Pauline #Hanson will end up in gaol for electoral fraud‚Ä¶ https://t.co/SvZgV22PaH"
871368592872185857,Zac in actie üòç#MOE25 #hansonworldtour #mmmmbop #hanson #hanson25 #paradiso @hansonmusic‚Ä¶ https://t.co/ceDP5x7TWw
723650532586455040,Loving the @hansonmusic stream! #hansonet #hanson #hansonmusic
723903131948580866,"Form is temporary, class is permanent. Well done big lad üëèüèªüòÄ #hanson #bcafc"
871269192791674880,Outcry as Pauline #Hanson turns UK police warning into anti-#Islam meme üá¨üáß #Australia https://t.co/7wLQfpfAEF https://t.co/BNrP6Wxslu
871322169560715264,It was an absolutely awesome show!!!üòª‚ù§Ô∏èThank you so much guys. I had blast. #hanson #concert #MOEWorldtour‚Ä¶ https://t.co/Vt21fYruSd
871253252964196352,Very disappointing that #Hanson would use a tragedy to take attention away from concerns with political donations.‚Ä¶ https://t.co/h31W97i5rc
723652872458625024,Hanson Streaming Taylor @hansonmusic on Keys #LOUD #Hanson https://t.co/C0afOf0lKX
723650243611353089,@craigjack36 She's like the flu virus. She just keeps mutating #Hanson
871222771560226816,"Never but it's what the hard Right does to whip up fear &amp; loathing, @nstreet03. 
#Hanson
#Abbott
#Trump 
#politas"
871430923006246912,"If you're looking for work in #Hanson, MA, check out this #job: https://t.co/oacCpQOjTt #Hiring"
871512159049715717,"I have jumped and walked so much these last few days, my feet are bleeding üòÇüò±ü§î #Hanson #MoeTour‚Ä¶ https://t.co/Be26HDvNUW"
723650943288520704,"Ike is looking hot
Ike is looking so hot #getloud #hanson üíï#zacgirlmaybe #zacgirlconfused
@hansonmusic"
871450363676774401,Hanson Day Brazil 2017! üòâüòâüòâ #Hanson #Hanson25 #HansonDayBrazil @hansonmusic @CIsaacHanson @zachansonmusic https://t.co/ssLcV48MAV
871316475289653248,"Outcry as Pauline Hanson turns UK police warning into anti-Islam meme https://t.co/GNBI8fLWC5 Crass opportunism by #Hanson, Bernardi et al."
722543138229895168,Check out this #job: #RN #Travel Nurse at Parallon in #Hanson #jobs https://t.co/fkBjj1svWf
722547982470684672,#RADIO #90s #juice Now Playing #Mmm Bop #Hanson #APPS Apple https://t.co/gsMf7U2vzO Google https://t.co/idypaT7UqA
722522217637089285,"1 day, just maybe I will get 2 c @hansonmusic in concert....oh little town w/ no concerts, u thoroughly disappoint me.  #bucketlist #hanson"
871455372657217538,Mmmhops! üòâ @hansonmusic #Hanson #Hanson25 https://t.co/KlnwcDIyyn
871433165721751552,"You guys looked so good yesterday, and Zac.... woooow!!üòª#hanson #concert #show #MOEWorldtour #mojoclub #hamburg‚Ä¶ https://t.co/cuCbPe0Knf"
871270638366973952,"I saw Hanson LIVE ‚úÖ
I sang to MMMBop ‚úÖ
Taylor smiled @ ME ‚úÖ 
üòã #Hanson #MOEWorldTour"
723653685495001088,"""looking for a cure, for my worrying soul"" #hanson #newlyrics"
871360832063414272,"""I am falling deeper and deeper in love"" ‚ù§Ô∏è #deeper #hanson #concert #livemusic #hamburg #mojo‚Ä¶ https://t.co/iequLGLcjP"
871146875646128129,"A""GUTFUL"" of diversionary #Hanson &amp; #PHONy's miscreant crimes. LNP must be ready to obliterate them. #Savva &amp; #Ashby r on the job. #insiders"
871515903376072704,@AlistairPDBain @PeoplesMomentum @jeremycorbyn Only trash use tragedy for political gain #Trump and #Hanson #auspol #scum
723772532545875968,"@MikeCarlton01 #Hanson can only take votes away from the extreme RW of LNP, perhaps Abbott, Abetz, Cormann, Andrews will join her - fun time"
871294014389051392,Shorten slams #Hanson's 'disgusting' London tweet https://t.co/4fbGVqKasu via @ABCNews #auspol
871452118456168448,"Everybody's betting on the big guy
But don't underestimate the sting of the butterfly...
#IWasBorn #Hanson #Hanson25 @hansonmusic"
723209700100075520,always #Michael #Hanson https://t.co/PcD2LbFXCs
723668029599563777,Now Playing: #Hanson - Where's The Love - https://t.co/6Dy4H8y2IJ
871296683052679168,When you've blocked 31 Pauline #Hanson supporters and you haven't even finished your first glass of üç∑for the night. https://t.co/oRlJZ3bk9m
871319132561657860,"5th row, yay.üí™üèª#hanson #concert #show #MOEWorldtour #mojoclub #hamburg https://t.co/7OWVzuZZu9"
871323794303930368,"@mrsewillis #realitytwitter I mean we also searched bars in Auckland, t-shirt printing and did a #hanson quiz. That‚Ä¶ https://t.co/9nT61JtzhG"
723876791723634688,"RT @MWF2001 14th Anniversary BASH!
#DevonDudley #Hanson #JohnCena Sr
https://t.co/H16MgsgHUr

SALE https://t.co/pwi6pps9DK
#NXTKingston #ROH"
723769174720430080,"Ned Braden: Now, they give you one phone call. See they book you, and then the give you one phone call.
Jack #Hanson: Call the pizza man!"
871458620701110274,There is almost glee amongst the worst of them. #Hanson #Abbott etc https://t.co/BPTBTo6ZQs
871442723781398529,Tomorrow night it's Showtime... 25 years later...! #Hanson üé§üé∂‚úîüíØ‚ù§üòä https://t.co/iOR0AoA1lE
723648120794415104,"Yes, Loud. That's what this is. #hanson"
723651691912957952,"Husband: church is like a cult
Me: What are you saying about cults?
H: yeah, but yours doesn't require your time every week.

#hanson"
871169493086519297,#PHON #hanson #ashby Plane Problems via @Otiose94 https://t.co/pNJrT3JwpO https://t.co/1d0spIbQsQ #auspol #Insiders
723443529880473600,Last minute...but @itsmeanya1 &amp; I's #MOEYs2016 video is up! Please check it out if u have a sec! Enjoy! üòÉ #Hanson https://t.co/7JHRfDtSQc
722938480381132800,#Hanson #throwback looking like #family skipped #school https://t.co/w9D8j08eyk
723905817376886784,Bobby Campbell he's coming for you #bcafc #Hanson
722881671859572736,Anybody remember getting this #Hanson ECD in the mail back in 2000? It had the If Only music‚Ä¶ https://t.co/Vc5sk2cjpX
871515563872460801,"Via IG @zachansonmusic
Had a great day off in Cologne, tomorrow Paris. #hanson25 #MOEWorldTour #Hanson @hansonmusic https://t.co/4nHVTU8j7E"
