593857657208975362,@georgedeek '#Palestinians get a salary for #terrorism. The bigger the crime the bigger the salary' @StandWithUsUK
593761939316047873,The #Palestinians No One Talks About - a thoughtful report from @GatestoneInst | http://t.co/GhyPimgT0i
593746335980978176,"#LaurenHill #Israel  slaughtered #Palestinians and ethnic cleanse from homes  occupied their land,  demolish homes. Don't play for Apartheid"
593687932101369856,#IDF arrested in Judea &amp; Samaria 8 #Palestinians suspected of involvement in terrorist activities @ILNewsFlash http://t.co/fmBGWJBmaU
593739510657187840,Why is it #palestinians have a monopoly on suffering! http://t.co/cM7EhwYyhz
593923589176360960,#Palestinians Burned ALIVE after #Zionist #Terrorist rained down Nuclear Weapons on them in #Gaza 2009 http://t.co/cVurNgnZEv
593835277317066753,2014 #Yarmouk before ISIS Invasion #WhatDoesItTake #refugees #SyrianLivesMatter #Syria #YarmoukCamp #Palestinians #UN http://t.co/9ZRNuf03Cc
593793708891451392,UPDATE IOF Abuse Children Dogs are being used as weapons against #Palestinians #icc4israel http://t.co/Zb36FyvAgP http://t.co/FEDzKiIKdL
593826587335852032,#Palestinians demand end to #Lebanon job restrictions http://t.co/Xc77LEiISo via @dailystarleb
593864099450093568,@ops_pal:His name gennady lubakh #zionist bastard marine behind attacking our #palestinians fishermen #gaza http://t.co/5eEE3zyhkV #Israel
593855662335078401,"@therealshlemiel
you're talking about corruption?
who pay or blackmail #Palestinians?
you know it very well
israel use usa $ to implement it"
593555055535599616,'The #Palestinians No One Talks About' from @KhaledAbuToameh http://t.co/873vSphvIu #Jordan #Syria #palestine
593926737374883841,Blackmail: #Palestinians needing medical exit visas recruited as informants by #Israel http://t.co/7W2CboHkwj http://t.co/PnpQmae5Cl
593820336518336512,#Palestinians Working in #Israel = Invisible #Workers http://t.co/Cf00H80uoD via @btselem #MayDay #WorkersDay #IWMD15 http://t.co/2uv9OVHMqf
593825072072171520,"The #Palestinians Requesting th recordings of ‚ÄúZ‚Äôayem checkpoint‚Äù to open an investigation 
http://t.co/n0Zpajsi1E http://t.co/jhvzLmzht7"
593766754217766912,Video of #settler #pricetag attacks on #Palestinians and human rights observers in #Hebron http://t.co/QNrPYyzkSX
593924733038530561,#Zionist #Terrorist being the most vile creatures that they are in some #Palestinians home after the broke in. http://t.co/aUXmzxUcxq
593897618708664320,The closure of #ShuhadaStreet is a symbol for #Palestinians of the destruction of the economy in favor of the rights of extremist settlers.
593771242471165953,"https://t.co/cDDEnqV9kB
""#Israel rhetoric &amp;deliberate deprivation of #Palestinians prepare for another military offensive"" #MiddleEast #IDF"
593737996425424896,"#NAZI @NETANYAHU RETURNS WHAT ALREADY BELONGS TO THE #PALESTINIANS, LIKE THEIR TAX REVENUES HELD BY BIBI AND  FINALLY...@MiddleEastEye"
593567012456136705,#USA is a puppet colony of #zionist #Irael a criminal genocidal regime murdering #Palestinians 4 land #UniteBlue RT https://t.co/4xkgf7LPSx
593908016459554816,"#Ethiopians block #Jerusalem roads over police brutality
http://t.co/wRrfSO9hBd. #Jews are racists to their own. No hope 4 #Palestinians."
593735730792239104,"by @cptpalestine: During interrogation, even 12 yr old #Palestinians r denied access 2 a lawyer &amp; visits fro‚Ä¶ http://t.co/MKMG9GEeC1"
593886135966896128,@SenSanders - Bernie Sanders: Help Stop Congress From Backing Settlements http://t.co/NVTOYUlxSj @moveon #Palestinians #Palestine
593652108185849856,by @moethemyth: Never forget the brave Rachel Corrie who was murdered whilst trying to protect #Palestinians #israel http://t.co/VbqwQPA9ms
593556352280240128,'Hamas recent decision to impose a new tax ..on goods...Drew criticism from many #Palestinians' http://t.co/7pTf5ROEAx
593744152023543808,"Yes, the #Palestinians are being oppressed, but not by #Israel: #Gaza protesters beaten and detained by #Hamas http://t.co/bBwQMUnR2q"
593861071150194689,#Palestinians No One Talks About by @KhaledAbuToameh  http://t.co/aefvdQJ837
593883304404869121,#Racism endemic in #Israeli society. #Jews against #Palestinians and #Africans. Now Jew against Jew. #Apartheid https://t.co/rqsxmHZ1ba
593827260634791936,"455,555  #Palestinians in #Lebanon can legally only do menial labor. Today in Beirut they protested for the right to work in front of #UN."
593821008697647106,@RaniaKhalek @jvplive all wrong if true but have you read what #arabs /#palestinians write about #jews #israelis? But you're silent on that
593617786376564736,"#israel, #israel, #israel!  #palestinians? fuck em, right?  Give Israel $3 Billion a year in aid... even though it's got one of the"
593726062468694016,"Hitler  is trending, now   Bibi is doing the  same to the #Palestinians."
593559129769299970,"""@AmareshMisraFC: #IOF Kidnaps 18 #Palestinians""
#FreePalestine
#ICC4osrael
#occupation
#Boycottisrael
#JSIL
#EU
 https://t.co/wtszHF546d"
593914394628657152,#Norway is profiting from #Israel‚Äôs military occupation and assaults on #Palestinians: http://t.co/YKQgyg8Hve http://t.co/iO0REeKo4D
593861235340378112,#Palestinians in #Israel strike over #homedemolitions http://t.co/5wosubisPq #FreePalestine @OIC_OCI @arableague_gs @UN @hrw #international
593865038038970368,"The #Palestinians No One Talks About 
by Khaled Abu Toameh
AprilL 30, 2015

The #internationalmedia continues to... http://t.co/tNxJrxeHCb"
593671589423525888,#Israel Racist to Blacks  #Palestinians outcast in their own land should have given Israel Germany after war https://t.co/pPUEHs8YXP via
593858725410152449,"@therealshlemiel 
that s your logic
the problem is that u talk about #Palestinians as subhumans
i inform u that #Pal R wonderful humanBeing"
593814823416107009,@imAK48 @MsLaurynHill nooooooo. Please say it isn't so. #Palestinians have yet to have their Sun City.
593825937885626368,"#WESTBANK #Palestinians to submit complaint to #UN regarding #Israel aggression, incl. separation wall &amp; settlements http://t.co/sHIukM4xnj"
593784651786952704,"#RobbieWilliams the evidence is openly available. Instead of ethnic cleansing and brutality, #Israel must accept #Palestinians as equals"
593855340522897408,"#Settlers &amp; #soldiers attempt to drive many #Palestinians away in #Hebron, yet #sumud conti‚Ä¶ http://t.co/k4E9Um5CZ8 http://t.co/7Cqr6gsYIv"
593857538149449728,Good news! @MindBodyMed on 60 Minutes 5/3. Learn how we're helping #Palestinians &amp; #Israelis heal their traumas. http://t.co/Ft5dmSucHV
593880354252988417,".@MsLaurynHill please heed call from #Palestinians not to play for #israeliapartheid. IJV supports #BDS, now its your turn #KillingMeSoftly"
593574441285603328,#Todays #top #trends: 1. West bank #palestinians vote for #Maccabi #TelAviv for best #soccer Team
593762178450202624,#Palestinians to submit complaint to UN regarding Israeli settlements and Apartheid Wall https://t.co/QQPAaUeEji
593495448960262146,"The #Palestinians No One Talks About http://t.co/I3AlgPxDce @KhaledAbuToameh  @GatestoneInst
‚äïhttp://t.co/mS6BnCOpup"
593861898292076544,"Progress: @Newsweek referred to #Palestinians, not #IsraeliArabs, talking about their #dayofaction and #demonstration in #TelAviv"
593926013308002304,Equal access!: #Palestinians refugees demonstrate for labour rights in #Lebanon.  http://t.co/i2HXAw8fCf
593824131801554944,#Fear drives many #Palestinians off the streets during #Israelisettler tour #Hebron #Palestine http://t.co/uiwCgKXQbo http://t.co/9sNr8XE45T
593767901007638529,"""Supporting #Palestine is about standing up for humanity."" 8 ways you can help #Palestinians: http://t.co/in1uM1bU6O"
593539950806736897,@UN @amnesty Watch what Israel does everyday to Palestines!! #Palestinians #palestine #Gaza #wakeupnow
593904249098010624,#Israel responded to thousands of rockets shot at civilians. Why can't #Palestinians accept they badly lost a war they started? @SultanAssi
593785933931028481,UN Renews Commitment to Perpetuate ‚ÄúLimbo-like State‚Äù of the #Palestinians http://t.co/PXJ4mcX0lH #RT #Follow #news http://t.co/bWrpkcSBam
593763555318571008,"Killing 2,200 #Palestinians, including 500 children, in #Gaza, saving in #Nepal: Israel's moral hypocrisy http://t.co/YgQ0Ju0fTN!"
593890517810868224,End the two way arms trade between the UK and #Israel: Letter by Manchester #Jews for Justice for #Palestinians http://t.co/jC7empGtXm
593902239330107392,Brilliant observations on #UK PM #Cameron's embrace of #Israel's war on #Palestinians by @JulianaFarha: https://t.co/2I123MPPjZ
593779819915169792,"#Israel returns 15 fishing boats seized from #Palestinians in #Gaza.
http://t.co/7NtrwuKfBw
http://t.co/5c6Bg9PF6l
http://t.co/sineOmY28X"
593738467789647874,"HE WAS FORCED TO RELEASE TO THESE FUNDS TO THE #PALESTINIANS. NEXT, THE #PALESTINIANS SHOULD TAKE BACK #THEIR LAND THAT #HITLER STOLE AND..."
593529039492493312,#Palestinians #Jews#Israel #Gaza http://t.co/CrN83hXS8L
593835457315667968,2014 #Yarmouk before ISIS Invasion #WhatDoesItTake #refugees #SyrianLivesMatter #Syria #SaveYarmouk #Palestinians #UN http://t.co/vohg23vqdv
593765226522238978,8 month after ceasefire 110000 #Palestinians remain homeless in #Gaza because Israel bans entry of building materials http://t.co/aSgcwkTZg6
593808885116510210,"@schmitLeo @theIMEU To #Israel anything that can help #Palestinians, even in a small way, is a ""Threat for Israel""."
593918859448422402,"Gaza kids. #Gaza #Kids #Criminals #palestine #palestinians #WarCrimes, #Israel http://t.co/2ArtyIlJAT"
593563007709511681,"Is God gathering his children
to a piece of land in the Middle East
or
to #Jesus

Would Jesus slaughter #Palestinians for land?"
593811415347126274,#Palestinians seeking medical exit visas are blackmailed to become informants by #Israel http://t.co/7W2CboHkwj http://t.co/PnpQmae5Cl
593788188633735168,"When getting safely home from work is not a given. On #WorkersDay think about #Palestinians
http://t.co/BGqdMNn7X1 http://t.co/PpAqr5LmZ6"
593871629391962112,#UN: #Israeli actions killed 44 #Palestinians at #UN shelters. #Gaza #UNRWA http://t.co/pQkevFl87d
593499465434075138,@Robert_Martin72 well done Robert for all your amazing work exposing the plight of #Palestinians . U really have to see to believe suffering
593738070551359488,Israeli terrorist teens indicted for attacks on #Palestinians http://t.co/eX6WykrvQj
593629612560687105,U.N. Renews Commitment to Perpetuate ‚ÄúLimbo-like State‚Äù of the #Palestinians http://t.co/PXJ4mcX0lH #RT #Follow #news http://t.co/V74CXsRRtI
593844097292480512,#Palestinians deserve Freedom NOT the constant brutality &amp; genocidal terror inflicted upon them by the #ZioJewEntity https://t.co/vzKKZCzsfy
593495450570727424,"The #Palestinians No One Talks About http://t.co/cAlOslCEL3 @KhaledAbuToameh  @GatestoneInst
‚äïhttp://t.co/EsrdXenFXc"
593922724520689664,#TempleMount the only place in #Israel where #palestinians are encouraged/allowed to verbally abuse/attack #Jews. http://t.co/hDSubhjoBK
593918665327833088,Look what @AmyMek put on her account after i made clear that #Isra√´l is the killer not the #Palestinians !!! http://t.co/CCWQkuDvxL
593495439824932865,"The #Palestinians No One Talks About http://t.co/VPqjjFo5ds @KhaledAbuToameh  @GatestoneInst
‚äïhttp://t.co/lpZ0aoVeZb"
593563992406134784,ALP Shadow Min @MRowlandMP says #palestinians have right to self-determination &amp; more than words needed http://t.co/I4PXTvZVVN @smh #auspol
593717183190069248,"#Israeli writer says ""sub-human"" Blacks in #BaltimoreRiots are like inferior #Palestinians 

http://t.co/ltT9w2E80Z http://t.co/fVuGgnbiFp"
593864754327900160,"The #Palestinians No One Talks About. #Jordan #Syria #Lebanon #saudiarabia #Iraq #Egypt 
http://t.co/GT4V54GhT8 http://t.co/In2eaEhnTM"
593775238783049728,"#UN Finds #Israel #Responsible for 2014 #Attacks on #UNWRA #Gaza #Schools, #Killing 44 #Palestinians - @Truthdig http://t.co/RmuefZqeFg"
593790843582029824,PA (#Palestinians)assaults democracy; #Hamas members charge PA with mass arrests of Hamas students following... http://t.co/D86Gn7stj4
593866574655791104,"Could #Palestinians #claim more of the #gas-#rich #Mediterranean?

http://t.co/gtxCXHAEpE"
593884633231695872,BDS = BLIND DEAF SILENT    #ISRAEL #PALESTINIANS #GAZA #JEWS http://t.co/BGevafzsb6
593713033605611521,[1948] 'The #Palestinians who had fled the fighting expected to return home once it had ended. But #Israel refused to let them do so.' #Gaza
593857515114213376,"This is what #Palestinians have to endure..The Criminality, Barbaric &amp; Twisted Wickedness from the hands of #Zionist http://t.co/KieHmaFfYW"
593918771137552384,"In #solidarity with marchers for equal #human #rights for all #Americans, all #Palestinians... http://t.co/SigayqlLtK"
593571586420174849,"@therealshlemiel are idf working in occupied territories or not?
you deliberatly attack #Palestinians
israel isn't DEFEND itself."
593713545117827072,Soldiers Kidnap 8 #Palestinians In The West Bank - International Middle East Media Center http://t.co/AcNHvejIzG #BoycottIsrael #BDS
593704186040168448,"@IDFrescue This is the first time we use dogs for a noble goal, we usually use it to terrify and attack #Palestinians !!"
593544893739307008,Inventing #Palestinians.  Are Arabs the Indigenous People of Palestine? http://t.co/bSmwKkMfc2 via @jewishpress
593500813302988800,"Decisions, decisions...! The #Harper government gave only $5 million in aid to the #Palestinians when Abbas in 2013. https://t.co/oPBV3Nkkc5"
593884167349346304,True!! #Israel #Palestinians #Gaza #Jews #Syria http://t.co/IdQ4fVKVLx
593597590811201537,Not only #Palestinians get beaten up by Israelis. Here an Ethiopian serving IDF gets the beat down for color of skin https://t.co/rLTFSN5kGb
593763279530524672,#Israel‚Äôs rhetoric and deliberate deprivation of #Palestinians prepare for another military offensive https://t.co/1j9wnzuFtH @middleeastmnt
593846576583348224,2014 #Yarmouk before ISIS Invasion #WhatDoesItTake #refugees #syrianchild #Syria #YarmoukCamp #Palestinians #damascus http://t.co/OoXeBVREom
593736337599111168,#Israel bans 4 #Palestinians from #Aqsa mosque http://t.co/BwnUL0Ftf2
593892348892946432,No mention of the mythical #palestinians. http://t.co/suFjhJWb5U
593834887984979969,"#Palestinians have ZERO Right to deny/be ""Angry"" b/c #Israel has EVERY Right to #Pray at #HolySite #pjnet #ccot #tcot http://t.co/p34iQX8VIw"
593865591469043712,@EMPRESS_I @nizzazza @NasserZB we r free 2 say wat we like as long as know1 takes any notice #endgazasiege #freedom&amp;dignity 4 #palestinians
593495418421444608,"The #Palestinians No One Talks About http://t.co/hCkFPkD2WF @KhaledAbuToameh  @GatestoneInst
‚äïhttp://t.co/JrW8S7ksip"
593442463588704257,Industry leader Loay Khoury says #Palestinians Stand Out As the Most Educated In the World. @HQSFPalestine http://t.co/koHA7JN1nT
593368711060267008,The #Palestinians No One Talks About http://t.co/Mv7wW3XMpZ #Gaza #Israel #Palestine #HumanRights @KhaledAbuToameh http://t.co/Y4lxy6PNhi
593422014737752064,#Hamas recruiting #Palestinians in #Malaysia for attacks http://t.co/zINY5qdfgM via @timesofisrael As if the haven`t done enough madness!
593495386574213120,"The #Palestinians No One Talks About http://t.co/Hkozs5SdMM @KhaledAbuToameh  @GatestoneInst
‚äïhttp://t.co/dbFk2Oq6CU"
593391235030786048,Israel bans 4 #Palestinians from #AlAqsa and detains #Palestinian worshiper for performing prayers at #AlAqsa yards http://t.co/zjr3i0vHrx
593495355263684608,"The #Palestinians No One Talks About http://t.co/N5x1VsBufz @KhaledAbuToameh  @GatestoneInst
‚äïhttp://t.co/GxGBtb0Ucr"
593495419931533312,"The #Palestinians No One Talks About http://t.co/6Bd5EPon8T @KhaledAbuToameh  @GatestoneInst
‚äïhttp://t.co/uGoTH3hPmr"
593410744235982849,"Is it possible2call #Israel a democratic state,claiming that #Palestinians have""self rule""on the WB,but denys South African minister access"
593432366980276226,The post-Oslo generation of #Palestinians has never known optimism http://t.co/lFb5HpUj8d via @WPReview #WestBank http://t.co/LBQIwiiRbv
593510331286065154,"White House to @UN, leaning on #France: First #IranDeal then peace talks b/t #Israel &amp; #Palestinians http://t.co/2f66h5tJM6"
593388468039909377,@ops_pal:His name gennady lubakh #zionist bastard marine behind attacking our #palestinians fishermen #gaza http://t.co/5eEE3zyhkV #Israel
593332308586795008,Chicago demands Boein end weapons sales 2 #Israel  http://t.co/p1svScSuaD #Boeing #meeting #Palestinians
593179651599683584,#UN inquiry finds #Israel killed 44 #Palestinians at UN schools in #Gaza http://t.co/l9gKppzheC
593394195898966016,#Palestinians protest Israeli policy of razing Palestinian homes. 50000 #Palestinian homes under threat of demolition http://t.co/em1XvQjnEa
593505747079598081,"42 DAYS LEFT TO LINA'S RELEASE B/C #PALESTINIANS PRISONERS MATTER - ISRAEL SHAME
http://t.co/7oTmX1dDwe via @PSogeco http://t.co/D2hBQ4iHCc"
593495401296228353,"The #Palestinians No One Talks About http://t.co/2rNyzy0Ftm @KhaledAbuToameh  @GatestoneInst
‚äïhttp://t.co/djgwb0y2py"
593495356698071040,"The #Palestinians No One Talks About http://t.co/yhBuX4aQ6l @KhaledAbuToameh  @GatestoneInst
‚äïhttp://t.co/26OCI6CS5D"
593495424805146624,"The #Palestinians No One Talks About http://t.co/3a7F16aMnh @KhaledAbuToameh  @GatestoneInst
‚äïhttp://t.co/dcsTV0NIlE"
593495423437787136,"The #Palestinians No One Talks About http://t.co/Azdqkbnd1U @KhaledAbuToameh  @GatestoneInst
‚äïhttp://t.co/kNdurnc3Us"
593495382195314689,"The #Palestinians No One Talks About http://t.co/yJmLy95ZeS @KhaledAbuToameh  @GatestoneInst
‚äïhttp://t.co/4yHRgn5DNE"
593504737787400193,Those #bastards won't get away with their crimes against #Palestinians #ICC4Israel #FreePalestine http://t.co/fniaVW0dgV
593493488710320130,**The #Palestinians No One Talks About** &gt;  http://t.co/jIiAeGqrhy &gt; #ArabNations #Hamas #Israel #PalestinianAuthority #SyrianCivilWar
593305761406660608,#Israel: Three teens indicted for attacking #Palestinians ‚ñ∫‚ñ∫ http://t.co/fmu6wZlwYU
593275140776951808,"by @cptpalestine: During interrogation, even 12 yr old #Palestinians r denied access 2 a lawyer &amp; visits fro‚Ä¶ http://t.co/MKMG9GEeC1"
593485397507895296,I will show the #world 24 pics out of 245 how they come from all around the world 2 kill &amp; attack #Palestinians (2/5) http://t.co/4TQ5kN17a2
593495417200840704,"The #Palestinians No One Talks About http://t.co/WX4bCgRYU0 @KhaledAbuToameh  @GatestoneInst
‚äïhttp://t.co/2GnCWlRczb"
593292376388546560,CORRECTION : #Arab  #Palestinians https://t.co/LVzmBRhUBd
593411893907193856,And these flechette bombs: Humanitarian bomb is not! #Gaza„ÄÄ#Palestinians„ÄÄ#Palestine #TheCove „ÄÄhttp://t.co/zPTFO5jmDQ„ÄÄ#Êó•Êú¨„ÄÄÔºÉÁæé„Åó„ÅÑÊó•Êú¨„ÄÄÔºÉÂ≠ê‰æõ„ÄÄÔºÉÂ≠ê‰æõÈÅî
593475085689888768,"#Israel's significant aid to Nepal ignored around the world; #Palestinians say nice things, &amp; continue terror. http://t.co/dpMlWmzCdP"
593495444996521984,"The #Palestinians No One Talks About http://t.co/lOfRtHmqzx @KhaledAbuToameh  @GatestoneInst
‚äïhttp://t.co/iq4GKIYpP5"
593494991986663426,"The #Palestinians No One Talks About: http://t.co/9rHUhGZcpt
#HAMAS"
593371195933732865,#IsraeltheRegion #Nepaleseearthquake #Hamas #Palestinians IDF opens field hospital in quake-struck Nepal http://t.co/gXcw41aG9W
593495442119401474,"The #Palestinians No One Talks About http://t.co/lRs1rgqFcl @KhaledAbuToameh  @GatestoneInst
‚äïhttp://t.co/hJBDvphiIF"
593495353896275970,"The #Palestinians No One Talks About http://t.co/DgTvdlLzwK @KhaledAbuToameh  @GatestoneInst
‚äïhttp://t.co/eAKnR4SP4I"
593294856887369728,UPDATE IOF Abuse Children Dogs are being used as weapons against #Palestinians #icc4israel http://t.co/Zb36FyvAgP http://t.co/FEDzKiIKdL
593388784487641089,"Israel detains 9 #Palestinians in Beit Ummar, including 2 children &amp; 5 men who had been formerly imprisoned in Israel http://t.co/bctfVGAJJp"
593211039052918784,What was their crime? Being #Palestinians?
593495375262056448,"The #Palestinians No One Talks About http://t.co/TcV0kY04Si @KhaledAbuToameh  @GatestoneInst
‚äïhttp://t.co/KNLKf9UPNH"
593496288487837696,"#Palestinians fight to lift off siege: terrorists 
#Israeli politician calls for a complete genocide of all Palestinians: 
self defense GTFO"
593503428304719872,#UN admits #Palestinians fired rockets from #UNRWA schools - http://t.co/esBc63aCM9 #Israel #terrorism
593495397605085184,"The #Palestinians No One Talks About http://t.co/8EoaEMwtaO @KhaledAbuToameh  @GatestoneInst
‚äïhttp://t.co/CrXDAosdFe"
593381114061914113,"@IsraelNewsNow Four #Palestinians Kidnapped In Jenin, One In Jerusalem  http://t.co/K641YLCNJq ‚Ä¶ via @KhamakarPress"
593487264321241088,#UN admits #Palestinians fired rockets from #UNRWA schools | http://t.co/DLTvo6XgMm #Israel #Gaza #Terrorism #Islam
593391906501033984,Yet again the World is forgetting about the massacre of innocent #Palestinians JUSTICE SHOULD BE UPHELD #IllegalIsrael #OpenYourEyes #Gaza
593473703855464450,Egyptian leadership always deal with israel and palestinians as smart enemy is better than stupid ally...#Egypt #Israel #Palestinians
593240158910095360,#MalikShabazz to #Geraldo abt rioters throwing bottles @ cops: 'It's like the #Palestinians' America welcome to the #Intifada #FreddyGray
593440634008170496,"Somehow missed this earlier, @mehdirhasan on #Palestinians #Yarmouk &amp;blindeye when the fault isn't #Israel @guardian http://t.co/JeKU79ckoJ"
593495376679837697,"The #Palestinians No One Talks About http://t.co/RNdwi8XSW8 @KhaledAbuToameh  @GatestoneInst
‚äïhttp://t.co/aeHwFPppiK"
593332296452681728,Chicago demands Boein end weapons sales 2 #Israel  http://t.co/jquCN6naFA #Boeing #meeting #Palestinians
593408968099295233,"Some 100,000 #Palestinians remain #displaced following the 2014 escalated hostilities in #Gaza, when their homes... http://t.co/j89cAggnFr"
593225472789590016,"http://t.co/aIkVV2qWxR
#UpperNazareth #Israel Mayor tries to keep out #Palestinians. Boasts he's part of ""a glorious dynasty of ‚Äò#racists‚Äô‚Äù"
593475942313492482,"The post-Oslo generation of #Palestinians has never known optimism http://t.co/rltXuqmqxp via @WPReview #WestBank http://t.co/jBVEX9S2kg"""
593332303041957888,Chicago demands Boein end weapons sales 2 #Israel  http://t.co/BxUM50K9WN #Boeing #meeting #Palestinians
593433553456664576,by @moethemyth: Never forget the brave Rachel Corrie who was murdered whilst trying to protect #Palestinians #israel http://t.co/VbqwQPA9ms
593377535326486528,#Israel solves its #water shortage--calling #California http://t.co/nbGPC23MB5 #drought #desalination #Palestinians #Jordan
593495379972231170,"The #Palestinians No One Talks About http://t.co/GuLklxIc6K @KhaledAbuToameh  @GatestoneInst
‚äïhttp://t.co/1X4awYzgrM"
593495362909839360,"The #Palestinians No One Talks About http://t.co/J3jUHlkN3N @KhaledAbuToameh  @GatestoneInst
‚äïhttp://t.co/76k8F8CT4X"
593368463525163008,UPDATE IOF Abuse Children Dogs are being used as weapons against #Palestinians #icc4israel http://t.co/Zb36FyvAgP http://t.co/FEDzKiIKdL
593495398804631552,"The #Palestinians No One Talks About http://t.co/OwNV7KFGGc @KhaledAbuToameh  @GatestoneInst
‚äïhttp://t.co/AfQzyu1mye"
593382371132604416,UN inquiry: Israel killed 44 #Palestinians and injured 227 at UN shelters in #Gaza  https://t.co/9KdHeRMvkP
593304711639465985,"Four #Palestinians Kidnapped In Jenin, One In Jerusalem http://t.co/yK4vgllcfx http://t.co/areBKP9v6N via @KhamakarPress"
593485956700893188,#Israeli Army Kidnaps 13 #Palestinians in #WestBank: http://t.co/rjc6U1OdRk via @imemcnews #Palestine http://t.co/pdjsGAAP10
593465928790253569,@UN @hrw @amnesty @OIC_OCI @ArabLeagues @EuropeanUnion &amp; other are responsible of #Palestinians Genocide by #Israel http://t.co/z5NKWhsenT
593495352541618176,"The #Palestinians No One Talks About http://t.co/0anGs3qZ17 @KhaledAbuToameh  @GatestoneInst
‚äïhttp://t.co/u6lPyPP0Ii"
593497735325679617,"UPDATE:18,000 #Palestinians trapped in the besieged #YarmoukCamp in Syria controlled by ISIS http://t.co/JeAeuDZKHx http://t.co/PKjPhE1THY"
593389520508342272,"Israeli soldiers detain 7 #Palestinians, including 2 brothers, in Qalqiliya town http://t.co/bctfVGAJJp"
593180621981245440,@eddie1971nyc Isreal is sending aid to #Nepal instead of sending aid to the #Palestinians who are they trying to fool?
593291567630135296,#Palestinians forced under curfew so that #Israeli settlers can walk thru Palestinian streets chanting death to arabs http://t.co/36wQIaYSfL
593320928282566658,@BSfromPS @shekissesfrogs You and your type will die out and #Israel will exist for the #Palestinians to have peace.
593469303057420288,Former U.S. President Jimmy #Carter has cancelled a planned visit to the #Gaza Strip.http://t.co/jrNTtgIwpF #Palestinians #Palestine #Israel
593332299724259328,Chicago demands Boein end weapons sales 2 #Israel  http://t.co/EjSZKutRgR #Boeing #meeting #Palestinians
593410859331940354,do you know of any #scholarships for #palestinians? let us know so we can publicise via #ahdaf http://t.co/ToUFFIZh4q
593311276027269120,#Yarmouk's #Palestinians: 'Waiting for death to knock'. #refugees #Syria http://t.co/hVUicSHTM8
593455962511384578,#Palestinians to submit complaint to #UN regarding #Israeli aggression https://t.co/Xtbq80T5Yr #FreePalestine #Gaza http://t.co/YmB40bfX2H
593468441920708608,"Screaming over Israeli ""oppression"" of #Palestinians while whispering over real oppression of Palestinians: big media http://t.co/Mv7wW3Gbyr"
593212397357248512,"""@redbrasco: #Israels secret weapon leaked.  #Palestinians accuse Israel of disturbing the #Force. http://t.co/fCInBBELHG"" #IStandWithIsrael"
593442480210612225,Two #Palestinians children have been arrested forcefully from their parent by the #Israeli soldiers. When would #Israel stop its #violence !
593450052946792449,"@1001ptsUK Now only if America can do the same for American Indians, Slavery, and the #Palestinians."
593412704146161666,"http://t.co/PxI2FgONh2
""#Palestinians gas : black box ""

#Israel #WestBank #Gaza  #gasaccess 
@cenkuygur @AnaKasparian @Julia_ATC @4noura"
593371312715898881,Israel is now stealing #Palestinians traditional clothing - the #thobe http://t.co/V4OMOVLQGa
593292839511007232,"The plight of #American Blacks &amp; the Natives of America &amp; the plight of #Palestinians, #Syrians, #Iraqis,... http://t.co/S1TtX6JKDF"
593212870998958080,@MikeBloomberg ask #Israel to stop #IsraeliApartheid against #Palestinians &amp; see the bond crumble
593495360451923968,"The #Palestinians No One Talks About http://t.co/Mv7wW3XMpZ @KhaledAbuToameh  @GatestoneInst
‚äïhttp://t.co/Dkk2k7OiPl"
593204441966387201,#Israels secret weapon leaked.  #Palestinians accuse Israel of disturbing the #Force. http://t.co/zGoR9a0xYf
593490850866421760,By defending #Israel's actions in #Gaza @Ed_Miliband &amp; @David_Cameron provide impunity 2 Israel &amp; show immense insensitivity 2 #Palestinians
593467129451646977,"Listen USA, your 9/11 is the 24*7 for the #Palestinians.. Pls stop waging the Israel before the Muslims actually... http://t.co/fc6DaDcEMq"
593493987375349763,by @moethemyth: Never forget the brave Rachel Corrie who was murdered whilst trying to protect #Palestinians #israel http://t.co/VbqwQPRKL2
593492502692364289,"Why were Human Beings Divided into Various Countries and Races?  

http://t.co/ILhC6X1oOe

#GAZA #RABBI #JEWISH #PALESTINIANS #ISLAEL"
593317299785957376,The #Israeli army #arrested 25 #Palestinians overnight in the West Bank.
593492112915701761,Some of their filthy topics &amp; ideas how 2 be trained &amp; use force 2 kill #Palestinians @DavidRomeiPHD @Malcolm_XS (5/7 http://t.co/N90zrRuUYd
593295579272323072,@Way2Wonderland destruction devastation #Palestinians killed 521 children 283 women http://t.co/bNAyOwuVnR http://t.co/g3JLYMJGNC
593507808772956160,PHOTOS: Thousands of #Palestinians protest policy of #Arab home demolitions in Tel Aviv http://t.co/FE6IQIgWDF http://t.co/TTTbhZuZZg
593421373009047553,"Meet the new MK: #Zionist Union‚Äôs Ben-Reuven plans to fight for agreement with #Palestinians http://t.co/3xF4vTA5H6
#Palestine #BDS #ICC"
593411919513522177,"#UN admits #Palestinians fired rockets from #UNRWA schools

@volkskrant @trouw @nrc @hdhaarlem @brabantsdagblad @EOnl
http://t.co/PKIUgQKB9g"
593495447504715776,"The #Palestinians No One Talks About http://t.co/tRey8jVBFe @KhaledAbuToameh  @GatestoneInst
‚äïhttp://t.co/gElqoL4MIn"
593433282810884096,"@David_Cameron, how about putting yourself in the shoes of #Palestinians too? http://t.co/zRLzuKALzx"
593407642531409921,@PostDjazair @__Nadineee god bless #Palestine  n #Palestinians #Mawtini üôèüôè
593495373550858241,"The #Palestinians No One Talks About http://t.co/yOiiV1EkWu @KhaledAbuToameh  @GatestoneInst
‚äïhttp://t.co/640ZRtlrGf"
593495383793213440,"The #Palestinians No One Talks About http://t.co/xl5ne9N1mr @KhaledAbuToameh  @GatestoneInst
‚äïhttp://t.co/tTLfl7JOfC"
660543352337731584,Israeli occupation executes two more #Palestinians via @KhamakarPress https://t.co/G26IWN6xgO https://t.co/zeMSDu5dYH
660528602165956608,@Rubiconski @AbbsWinston More people are now aware of the daily Barbarism inflicted by the Evil Zio Israeli regime on innocent #Palestinians
660589331359391745,"How ISIS Could Send Europe Over the Edge https://t.co/aAN76bLpLF
ISIS sends 500,000 Mujahedeen 2Europe
https://t.co/oZ1JUSg6F5
#Palestinians"
660598159169748992,10 reasons why we all should #boycott Israel in solidarity with #Palestinians https://t.co/ewh3B3k4MF #gaza #palestine #israel #BDS
660526695254888448,"#Palestinians held hostage by #Israel - even after their death!
Since the beginning of October, 2015

ŸÖŸÇÿßÿ®ÿ±... https://t.co/xbGZBQeKZA"
660538619418025984,"@PSogeco @cnni Defeat BDS 
https://t.co/m8oyZQNFcQ 
 #BDS #Israel #USA #swedish #Sweden #Palestinians #Muslims #Arab https://t.co/d1pJBvZV0E"
660528659648913409,This time it is the #Palestinians who are #defending themselves. They have the right to arm against attacks from #ILLEGALSETTLERS #Israel
660550687009341441,"During the #intifada ,the Israeli occupation arrested more than 1,500 #Palestinians, including 300 children. #ThirdIntifada #intifadaAlQuds"""
660499992700985344,"#Israel threatens to ""gas"" #Palestinians. Sounds like the #Nazi policy against #Jews, no? #Palestine #Holocaust https://t.co/tBcmUf423o"
660540826003574785,"‚ÄúWe blind yr eyes w gas until U die,‚Äù #Israel tells #Palestinians https://t.co/bS538yO6ZZ ‚Ä¶#Palestine #FreePalestine https://t.co/E4rcpN4Yqh"
660607169742684161,"#Palestinians selling Falafel wearing masks to protect themselves from #Israeli tear gas in Hebron 
#FreePalestine https://t.co/uFKNGdWgJp"
660580009040449537,#Palestinians clash with Israel soldiers at Hebron funerals #jobs #money #work #: Hebron (Palestinian Territor... https://t.co/hvLKHRBhA6
660550738792333312,"Presumably U mean #Jordsan.  
BTW there are no #Palestinians as a race 
They R #Arabs, but their own don't want them https://t.co/xoOa0dkd4t"
660537938707615744,"@PSogeco Arab Israeli divorced women with 2 kids....not ""girl allegedly shot in Afula ""
Invented #Palestinians arabs https://t.co/b9yXtN1LpV"
660602893419094016,#retweet: #retweet: #retweet: #retweet: #Israel turns out thousands to remember 'the bonecrusher' of #palestinians  https://t.co/MD7sdfh8ju
660543339654225920,#URGENT SIGN PETITION TO THE #ICC ISRAEL GENOCIDE AGAINST #PALESTINIANS @cnni #ICC4Israel https://t.co/T0IWRtON6X https://t.co/Pb2gBH1Amh
660520630320697344,This is how #October was for #Palestinians . #Palestine https://t.co/STlYR6C8MP
660587984635432961,"https://t.co/crS2sDLeyX
72 #Palestinians have been killed this month by #Israeli gunfire. 14 of these were children"
660600746224828416,"Islam is a part of America 
https://t.co/8tpHno3fVZ 
#USA #Muslims #Obama #palestinians #Islam #Hamas #Arabs #Evil  https://t.co/t8vnjHXPrV"
660525619458023425,"@Rubiconski #IOF has been Killing, Maiming, Harassing, Stealing, Occupying, Oppressing ..... #Palestinians for over 70 years!
@AbbsWinston"
660538795503329280,#Palestinians file new evidence of #Israeli ‚Äòwar crimes‚Äô to International Criminal Court #ICC #Israel #Gaza https://t.co/9bBEPqUBX8
660539010952126464,"@PSogeco @in3dmu Pope Francis: #AntiZionism is #antisemitismus 
https://t.co/UjG9LaDn83  via @tabletmag  #PopeFrancis  #BDS #Palestinians"
660546031562719232,"@ajam Where are the invented #Palestinians arabs
https://t.co/b9yXtN1LpV
 #Israel #USA #BDS #Muslims #Sweden #Arabs https://t.co/jHZWukRMjf"
660500528594599936,#BDS = unemployed #Palestinians. Only idiots support this movement https://t.co/1v3GEXyz3m
660550369634717696,#Abbas demands international protection for #Palestinians via @KhamakarPress https://t.co/IJhjWo9mdc https://t.co/pm4Daehqsw
660552850754285568,by @bfry1981 #Israel #Netanyahu #Palestine #Abbas #Israelis #Palestinians #WestBank #Hamas #Gaza #Jerusalem plz shr! https://t.co/rkMAmIt5DQ
660547277161783296,"Meet the #Zionist #Nazis who dropped bombs on #Palestinians in #Gaza 
They slaughtered many children 2 
https://t.co/7qS1LyY0Xw"
660598895442022404,"@HuffPostRelig Pope Francis: #AntiZionism is #antisemitismus
https://t.co/UjG9LaDn83 @tabletmag  #PopeFrancis  #BDS #Palestinians #Muslims"
660590505886117888,Both #Palestinians &amp; #Israelis are from lineage of #prophets. How nice they live in sacred lands. They'll be happy if they live as brothers.
660581766831276033,#palestinians are terrorists  https://t.co/GbBNUxpwSz
660521291678617600,@Robert_Martin72 even #jews fought back against #hitler by doing similar things #palestinians are doing... #USA #Israel #hypocrite
660556336455790592,@AliAbunimah @osiris322 //#Nazi's didn't use gas chambers as told by the Jews-but israelis would use on #Palestinians in a heartbeat
660579746074501120,"Stand up against #Israeli #terrorism
#Cowards killing #defenceless #Palestinians https://t.co/xO5idnhuJ2"
660550719343190016,#URGENT SIGN PETITION TO THE #ICC ISRAEL GENOCIDE AGAINST #PALESTINIANS @cnni #ICC4Israel https://t.co/TFdPPIhUU8 https://t.co/8XIi5Emq8E
660535951031197697,@PSogeco @Uni4Pal Where are the invented #Palestinians arabs https://t.co/b9yXtN1LpV   #Israel #USA #BDS #Muslims https://t.co/x9QKbOiGbK
660536546534166528,"@netanyahu ""#palestinians are responsible for the holocaust"" there is no end to the evil or lies of #zionism/#israel https://t.co/rD8ZN3doFA"
660565454994464769,"72 #Palestinians killed, 2240 injured, 1000 arrested in Oct. clashes with #Israel occupation https://t.co/S1c3bKmlcH via @ahramonline"
660527045907189762,What About The #Arab #Apartheid against #Palestinians? https://t.co/MvXsPsGE8Q  #USA #US #EU #UK #UN #BDS #CNN #NBC https://t.co/fTvjoNrdcz
660606889902931968,"@StandWithUs
#Zionists turned #Gaza into an open skies prison, reduced it to rubble, and call #Palestinians' hate ""illogical""?
WTF"
660562004831281152,"@NYTimes: ""#Israel #Restricts #Palestinians‚Äô Entry Into Part of #Hebron"" https://t.co/pbyIONyVEe"
660535593353498624,"US Slashes Humanitarian Aid to #Palestinians, Boosts #Israeli Military Aid by $1 Billion!
Military aid increased... https://t.co/zBlDBVI2lO"
660588963145584641,"Today I witnessed the main square of #TelAviv, Kikar #Rabin, full of 110,000 Israelis asking for #peace with the #Palestinians. #Israel"
660574499197206528,"This is how #October was for #Palestinians, how was your month? #SaveAlaqsa https://t.co/U2PSAIcqIl"
660515459566030848,#Netanyahu evil against attacks against #Palestinians #PalestineResists  https://t.co/5L1MMyeDoT
660537389304127488,@Mondoweiss Where are the invented #Palestinians arabs https://t.co/b9yXtN1LpV   #Israel #USA #BDS #Muslims #Sweden https://t.co/MzWuhOw57E
660603932108976128,#Palestinians clash with Israel soldiers at Hebron funerals #jobs #money #work #: Hebron (Palestinian Territor... https://t.co/3ERQZtTZzl
660545548991209472,#islamwatch Hamas ‚ÄòReenacts‚Äô Jerusalem Bus Attack https://t.co/JSI5oI9bYJ #palestinians
660567080555683841,"We have, time and time again. And always will. Issue is, given same choice, #Palestinians repeatedly choose terror! https://t.co/v22NZvpvKt"
660540770412269569,"We blind yr eyes w gas until U die,‚Äù #Israel tells #Palestinians
https://t.co/3HUDHWjXdb
#Palestine #FreePalestine https://t.co/bDNN0v0X1R"""
660572627614965761,#Israel kills #Palestinians in #Palestine only #Iran kills all #Arabs everywhere FREE #SharamAhmadi
660604629793824772,"@MarwaMfarid @azelin  #Arabs, #Palestinians and the #Holocaust
 https://t.co/aiEpnjzx9e 
The #Hebron Massacre
https://t.co/DrNLfq9NYG 
#BDS"
660604223109791744,#Palestinians clash with Israel soldiers at Hebron funerals #jobs #followingjob #cachejobs #jobsila #: Hebron ... https://t.co/3CaCe37XIV
660538069133746177,"@ShlomiRapper @Resist4Pal @hrw #palestinians are DEFENDING themselves, they have every right!"
660603634238021632,"@intifada Where are the invented #Palestinians arabs https://t.co/b9yXtN1LpV 
#USA #BDS #Muslims #Sweden #Israel https://t.co/IaNbTvtijE"
660588845843509248,"They used to say #Palestinians fight like #heroes, now they say heroes #fight like #Palestinians.
#Existence is... https://t.co/DHPkiRdPWE"
660601313500229632,"UNESCO Provock violence around Israel
https://t.co/BjCNWcO4dj 
#Jerusalem #Palestinians #BDS #Muslims #Sweden #Arabs https://t.co/YuYcT4chHo"
660601407242915841,#retweet: #retweet: #Israel turns out thousands to remember 'the bonecrusher' of #palestinians  https://t.co/MD7sdfh8ju
660588905515888641,#Palestinians will have you believe #Muslims occupied /inhabited #Gaza beforeJews did.Ask why did they destroy it? https://t.co/pFLivDCoSn
660547149709602817,"#Palestinians selling Falafel wearing masks to protect themselves from #Israeli tear gas in Hebron 
#FreePalestine https://t.co/Y0dsUVOqtm"
660574035500269568,"Retweeted Baz4peace (@Baz4peace):

@AbbsWinston lady save ur nonsense #Palestinians r not Goiyem ,these pp are... https://t.co/ATD0FSnFiJ"
660592862115946496,"#Israeli soldiers threaten #Palestinians in their homes over loudspeaker: ""We will gas you until you die"" https://t.co/91DamsjcCp"
660582192645406720,#Palestinians clash with Israel soldiers at Hebron funerals #jobs #money #work #: Hebron (Palestinian Territor... https://t.co/bao248ItOW
660598754303680516,"#Nov 2, Only way 4 exclusive Jewish State was by forced physical removal of #Palestinians which began n earnest 1947 https://t.co/ukPlevQ1Zp"
660544690169577472,The things #Palestinians must do just to live their daily lives.... #teargas  https://t.co/G1FIrmvRm7
660573853479923712,"Retweeted Baz4peace (@Baz4peace):

@Gracie_Grace2 @james_andersen0 @ILNewsFlash 
#Palestinians cover faces 4not... https://t.co/seUCX9LMNc"
660532991379247104,#URGENT SIGN PETITION TO THE #ICC ISRAEL GENOCIDE AGAINST #PALESTINIANS @cnni #ICC4Israel https://t.co/T0IWRtON6X https://t.co/Pb2gBH1Amh
660529890559729664,@MariamBarghouti @imemcnews 71 murderous #Palestinians
660598532047544320,"@afagerbakke @spain4israel Pope Francis: #AntiZionism is #antisemitismus 
https://t.co/UjG9LaDn83   #PopeFrancis  #BDS #Palestinians #Arabs"
660497807162392576,"March in Bosnia and Herzegovina in solidarity with #Palestine and #Palestinians .
#FreePalestine 
#PalestineResists https://t.co/tl6V8hDDJO"
660537876850089984,#Israel Why are you overdosing #Palestinians with tear gas? Choking people is a Crime! #Silwan https://t.co/bmntKGDYr4
660604499719925760,#Palestinians clash with Israel soldiers at Hebron funerals #jobs #money #work #: Hebron (Palestinian Territor... https://t.co/8S6pk17J7R
660579705377177601,unable to make any sense of what the #Palestinians ar saying: this simple guide should help https://t.co/sRrqdW1ICE
660602248804872192,#retweet: #retweet: #retweet: #Israel turns out thousands to remember 'the bonecrusher' of #palestinians  https://t.co/MD7sdfh8ju
660600101421772800,#palestinians are terrorists  https://t.co/GUe172enob
660604834693935106,"@bitterarab #Arabs, #Palestinians and the #Holocaust  https://t.co/aiEpnjzx9e   The #Hebron Massacre https://t.co/DrNLfq9NYG #BDS #swedish"
660526898452262913,"Ok, #RWCFinal over. Back to regular #MidEast programming. Did I miss anything? #Israelis &amp; #Palestinians made peace yet?"
660535779484155904,"@TheWorldPost Where are the invented #Palestinians arabs
https://t.co/b9yXtN1LpV
#Israel #USA #BDS #Muslims #swedish https://t.co/HAPe5Jsfd7"
660574307517489152,"#Palestinians Clash With Israel Soldiers at Hebron Funerals #jobs #trazijob #career #jobsila #: Hebron, Palest... https://t.co/YgKx6pdPJS"
660518872722767872,"Retweeted Alpha Bravo (@X123Alpha):

Video: #Israelis tell #Palestinians 'We will gas you until you die'!... https://t.co/3YyUjOJu36"
660554477351469056,"Video: #Israel Occupation #Soldiers tell #Palestinians ""we will gas u until u die"" https://t.co/DM940GJEK1 #Palestine #BDS #intifada #auspol"
660583134044381184,#Palestinians clash with Israel soldiers at Hebron funerals #jobs #money #work #: Hebron (Palestinian Territor... https://t.co/hpxN325Fmo
660538110095306752,@PSogeco Where are the invented #Palestinians arabs https://t.co/b9yXtN1LpV ‚Ä¶  #Israel #USA #BDS #Muslims https://t.co/UqoAA9MDNs
660599456975495168,"Pope Francis: #AntiZionism is #antisemitismus 
https://t.co/UjG9LaDn83 @tabletmag  #PopeFrancis  #BDS #Palestinians https://t.co/w4C8nWHj3R"
660570329463525377,"""We will gas until you all die"" - #IsraeliForces  to #Palestinians. Palestinian mufti must have met #Netanyahu this time."
660561120881541120,Israel police fires tear gas canisters directly at #Palestinians in the Hebron area of the occupied #WestBank https://t.co/W11fyMDvgN
660539131152478208,"@PSogeco @in3dmu Pope Francis: #AntiZionism is #antisemitismus 
https://t.co/UjG9LaDn83  via @tabletmag  #PopeFrancis  #BDS #Palestinians"
660531770568282112,#Palestinians held hostage by #Israel- even after their #death! https://t.co/u2JwHUngna
660568096428711936,"You who are not yet awake, please read!
The #Truth is liberating! 
@POTUS 
@JohnKerry 
@SenSanders 
#Palestinians  
 https://t.co/dEa4NSWFmJ"
660582527355125760,#Palestinians clash with Israel soldiers at Hebron funerals #jobs #followingjob #cachejobs #jobsila #: Hebron ... https://t.co/kSQhtqwZMZ
660517316069847040,"At least 4 incidents #Palestinians posing no imminent threat to life, deliberately shot dead by Israeli forces. https://t.co/ndNuA83aLn"
660579308637843456,#Palestinians clash with Israel soldiers at Hebron funerals #jobs #money #work #: Hebron (Palestinian Territor... https://t.co/Q1DxaNwFgS
660550857650368512,#Palestinians clash with Israel soldiers at Hebron funerals #jobs #money #work #: Hebron (Palestinian Territor... https://t.co/s1lJdDfj17
660600697252126720,#retweet: #Israel turns out thousands to remember 'the bonecrusher' of #palestinians  https://t.co/MD7sdfh8ju
660539085535248388,"@NadavEyalDesk Pope Francis: #AntiZionism is #antisemitismus 
https://t.co/UjG9LaDn83  via @tabletmag  #PopeFrancis  #BDS #Palestinians"
660543376178180096,#Abbas demands international protection for #Palestinians via @KhamakarPress https://t.co/SAnUTMJyw7 https://t.co/6mRbr3eHdl
660527964728217600,#Palestinians to blame for attacks on #illegalisraelisettlers? #settlers who should NOT b there? Should they not be arrested? #Israel #world
660553364430848001,Don't deviate from your initial accusation. And FYI how many #Israeli babies did #Palestinians kill?  https://t.co/IIfxYRXNpy
660569943088476160,@SenSanders Does this incl #AIPAC &amp; #American/Israeli Billionaires who are taking advantage of #Gaza #Palestinians? https://t.co/2dyRSuhimU
660519690456944640,No judgement. No preconceived ideas. Just watch &amp; decide for yourselves. #IDF #Israeli humanity? #Palestinians https://t.co/grPbH5TfSI
660549889143742464,@MiddleEastMnt Pope Francis: #AntiZionism is #antisemitismus https://t.co/UjG9LaDn83 @tabletmag  #PopeFrancis  #BDS #Palestinians
