682055543880454145,#CCOT GUIDE TO THE #GEORGESOROS NETWORK https://t.co/TFHdiHnJFS #OSI #Soros #Centrist #NWO #politics #msm #media #nonprofits #Independents
681906356232695810,"@GaetaSusan @Callisto1947 ""Gold Baron"" outed the #Soros-Obama connection B4 the 2008 election! https://t.co/Ah6EzlnVJM Prescient! #tcot"
681812076151570432,"@journalneo Vid: #Frontline 'The Crash', the mechanisms &amp; effects of 1997 #AsianFinancialCrash. #IMF #Soros #Russia https://t.co/UnstaMVSEj"
681722629204611072,INFAMOUS NAZI GEORGE SOROS DOESN‚ÄôT WANT YOU TO VOTE FOR TRUMP OR CRUZ #o4a #news #Soros #Trump #Cruz https://t.co/yM2lNuj9uE
682403769796050944,INFAMOUS NAZI GEORGE SOROS DOESN‚ÄôT WANT YOU TO VOTE FOR TRUMP OR CRUZ #o4a #news #Soros #Trump #Cruz https://t.co/xcULyE59Ts
681915841588297728,@valuewalk #Trump is effffffffffing up #Soros evil plan. Blast!!!!! Hurry to the rescue @mmfa !
681889807015002112,the puppet-master George #Soros panic because Donald #Trump more strength in the polls https://t.co/6qFmZ7moDj
681822004782198785,#Globalists - #Soros Plays Both Ends in #Syria #RefugeeCrisis Chaos #EU #Europe #ECFR #NGOs @JournalNEO  https://t.co/tRMjktqOBl
682512883876376576,"@Chahuapa @DissidentView @jeremycorbyn @mod_russia 
#Soros is considered a danger to #Russia &amp; banned from doing any business in Russia."
682025163815161856,George #Soros Lecture Series: Financial Markets Q&amp;A https://t.co/Vj8Bf9cdeL
682371026135703552,@visuele Some for the more complete picture: https://t.co/oBZy3qLhq1 WesternUnion used to pay out cash to migrants en route. #Soros #W2EU
681819606311415808,#Soros Plays Both Ends in #Syria #Refugee Chaos | New Eastern Outlook #HRW https://t.co/4KyfJwTJiz
681988558886850561,#Soros The most evil billionaire w/w tells #Obama how to destroy Mankind according to his narcissistic vision! https://t.co/TuGSHRbG2l
681631323598008320,INFAMOUS NAZI GEORGE SOROS DOESN‚ÄôT WANT YOU TO VOTE FOR TRUMP OR CRUZ #o4a #news #Soros #Trump #Cruz https://t.co/UVs0PT0rTp
682309982545645571,https://t.co/FqUlKndcpy  #Soros openly inspiring to weeken #NationalSecurity with #obama and crew! https://t.co/z8aoufn02g
682603273879162880,"@realDonaldTrump
Head of company hawk-neocon #scheunemann Team #McCain #Soros Foundation Open Society &amp; #Palin
https://t.co/Q0jCkhOEIL 
#GOP"
682536776985108480,.@WebsterGTarpley &amp; @PilarBaselga outed #Soros #Levy #neoliberal/#neocon pair in control of Spanish politics. https://t.co/eL1qJpniAN #usmil
682599137393668096,"@OmegaMan58 Algebraically then, is #Soros (Mr. Sonderkommando) blaming #Trump/ #Cruz for #climatechange?  https://t.co/iFpJjg3df1"
681716732998766592,"Speaks 4 self, #moron: George #Soros: We Should Not Fear #Muslim #Extremists Just Because They Kill Us #pjnet #ccot #tcot"
682643926914838528,"Happy new year for all people, except: #Soros #RoyalFamily #Rothschilds #Rockefellers #CFR #FED #ECB and all others control freaks. Fuck you"
681899441918455808,.@woodenNY15 @TeaPartyOrg - The punishment for this #soros #traitor in 2017 must be swift and severe.
681720197175181313,IDIOT #SOROS: We must 'resist the siren song of the likes of #DonaldTrump &amp; #TedCruz' https://t.co/N4fC2OSUqy via @YahooFinance
681633518993145856,#SOROS is the face of Evil.   ITS ALL ABOUT THE MONEY.  #Muslims #newsnight
682571300930322433,"@eDave733

DATED 2011 #SOROS ACTS AS @HillaryClinton HELPER https://t.co/62TC043Ufy ‚Ä¶

#SOROS NAZI WAR CRIMINAL https://t.co/KZBgQetnXT"
682135895215091712,RT andreascseh #Soros' Bolshevik #OpHungaryGames Junkies in Da House #CIA #Orban #Hungary https://t.co/xdHXBUycut‚Ä¶ https://t.co/AglrnuE5r0
682005036130406400,"@twright55 @JPrikasky
‚ùåNAZI LOVER‚òõ@HillaryClinton‚òöSUGARDADDY #SOROS THE NAZI WAR CRIMINAL       #FilthySNAKESüêçüêç https://t.co/UZ2KlNOIS2"
682601746657591296,"The head of the company ""hawk-neocon"" #scheunemann Team #McCain #Soros Foundation ""Open Society"" &amp; #Palin
https://t.co/Q0jCkhOEIL
#GOP ?"
682150011606450176,#Soros The most evil man in the world and his plan to create a world in his vision  https://t.co/gQtvfWZhdA
682605200771780609,"@RandPaul
Head of company hawk-neocon #scheunemann Team #McCain #Soros Foundation Open Society &amp; #Palin
https://t.co/Q0jCkhOEIL  
#GOP"
681938859085705216,@gurbsr @JohnFromCranber does anyone care what #Soros says about anything??
681898708380856320,#Anti-#American #George #Soros Reveals the Two #GOP #Candidates He #FEARS https://t.co/qClIMBcUaS
681853212794687488,"@AbbyMartin
I long suspected Abby was a ""left cover ""#Soros
programmed gate keeper #McCain #MockingBird cyborg :)
#Syria 911 #Ukraine"
681994351858200577,"For the Wealthiest, a Private Tax System That Saves Them Billions - hedge funds Bahamas https://t.co/djgZ75dVZR #Soros"
682280678449397760,"""#Soros #Foundation promoted #drug #legalization worldwide"" Why?ReadTheReasonsüòë  @JeanLucidi https://t.co/xCG9dZvBwc https://t.co/5M3aVH6jYR"
681999470142205953,#Soros Backing #Hillary and #Rubio! https://t.co/nfz6YGlO2R via @wordpressdotcom
681765127121575936,#Soros came from Hitlers Nazi Army to rule his dirty AntiDemocratic Party in USA. How is it he's wielded so much pwr https://t.co/X0EcA2pcTf
681684146024910848,#Soros bets against Cruz/Trump/Kurt Russell: I know Soros will be driven out of #US like #Russia gave him the boot! https://t.co/Hrs1ZzVkX9
681733947794022400,ALERT %u27A0 White House Teams Up With #Soros for Disturbing 2016 Plan%u2026 Spread This Everywhere!  #BB4SP https://t.co/6SfCvwlNBK #PJNET
682326620087033856,#Soros-Backed Group Launches #Keep #Syrian #Refugees #Flowing #tweetcongress | https://t.co/edDDWaVaAW via @BreitbartNews #GOP #foxnews
682696903675478018,"#Soros is a snake in the grass..... 
 
https://t.co/v9GV2YDoMK"
682536684110532608,#Avaaz-working with corrupt NGOs #Amnesty &amp; #HRW(owned by #Soros)-creates illusion of #humanrights  @CompromisedNGOs https://t.co/FQkD9yw46l
681814464010702848,NUTS: George #Soros ‚Äì We Should Not Fear #Muslim #Extremists Just Because They #Kill Us https://t.co/N3Dxri00aG https://t.co/t3Zx8qs1nj
682201249706414081,"#Soros: #Trump and #Cruz Abet ‚ÄòJihadi #Terrorism‚Äô by Stoking Our ‚ÄòFear of Death‚Äô
https://t.co/2xgePIa5qT"
681811750791036929,"#PBS: #Frontline 'The Crash', examining the mechanisms &amp; effects of 1997 #AsianFinancialCrash. #IMF #Soros #Russia https://t.co/UnstaMVSEj"
681914291901992961,"For the Wealthiest, a Private Tax System That Saves Them Billions #Soros #wealthy @CNBC via https://t.co/neUpz8Sa9y"
681733154776940544,A Nervous George #Soros Lashes Out At Donald #Trump: He Wants You To Be Afraid https://t.co/hCHFD4Gn2v
682696637110743041,".@politico: #Soros regretted supporting #Obama in 2008, #Clinton emails show https://t.co/VzKevjbcJn | Getty https://t.co/35ibau3An0"
682251974394302464,NUTS: George Soros ‚Äì 'We Should Not Fear Muslim Extremists Just Because They Kill Us' #soros #muslim #nwo #news https://t.co/55G6IAf8Fl
682324105480265728,#soros #koch #SOROS: We must ‚Äòresist the siren song of the likes of Donald #Trump and Ted‚Ä¶ https://t.co/nVjAENwPs7
682078004328054784,@sjpuncovered @UTAustin It's  past time 4 parents &amp; students 2 sue them 4 violating their #civilrights...sue #Soros he funds them.
681986255928864769,Anti-American George  #Soros Reveals the Two GOP Candidates He FEARS https://t.co/Vvn9yW6MCM via @thepolitistick  #PJNET #RedNationRising
681694392487424000,#Soros can't buy #Trump so it figures he'd go that way. #libtards #liberals #Trump2016 https://t.co/8wwQXoyngj
682627463780921347,"#Khodorkovsky Open Russia Receives Offshore Funding
https://t.co/gUmHUbmfNx
#GOP
#Scheunemann
@SenJohnMcCain
#Soros https://t.co/LwJQXNHiDW"
682643267171794944,"Appears the #CosProject is the epitome of a Con Game; a gambit. If it looks like a rattlesnake... 
#Soros #ArticleV https://t.co/A39ra5B8cc"
682232697318580224,NO! #SOROS and Satan are THE SAME! They Seek to DESTROY God's Kingdom and His #Christian people!   https://t.co/2dZ3srFi7v
681891150131666944,"@toreilly
@HillaryClinton USES FILTHY #SOROS NAZI WAR CRIMINAL MONEY

SHE'S A NAZI TOO https://t.co/LfCxD22z1r"
681725634176004096,George #Soros: Top 10 Reasons He Is #Dangerous https://t.co/9aClZfWF2w via @AllenWestRepub
681813964574056448,#Soros the atheist üòà thrashed üëâ #Christians &amp; #Jews in the liberal progressive rag üí© the #Guardian #NewWorldOrder https://t.co/10uvrp5Xxk
681815470589214720,#Soros Foundation promoted #drug legalization worldwide - Russian official https://t.co/baSuLfZreK https://t.co/GyGqtDbHQk
682566563732426752,"DATED 2011 #SOROS ACTS AS @HillaryClinton HELPER
https://t.co/62TC043Ufy https://t.co/wU39o79XaI"
681734975964721153,studridergxsr: RT BarracudaMama: ALERT %u27A0 White House Teams Up With #Soros for Disturbing 2016 Plan%u2026 Spread This Everywhere!  #BB4‚Ä¶
682124665356193792,RT andreascseh #Soros' TEVA Drugs for the Governments of #Croatia &amp; #Hungary https://t.co/E2ontV6FSc balazscseko ‚Ä¶ https://t.co/c7xBGFY587
682585648251928577,#Soros -Backed Group Launches Bid to Keep Syrian Refugees Flowing https://t.co/3gobIUB7D2 #Evil Lives
681860997653467137,#Soros Will Attack Multiple US Cities That Will Top 9-11. Will Blame Patriots &amp; Act Like The Heroes! #Falseflag https://t.co/jmV4SIHHns
681827387798106112,@Scgator1414 #Soros should be afraid.
682379337337802753,"Didn't somebody just say the right were the ""fear-mongers""? #Soros https://t.co/GZ87CuNih8"
681892095334977536,"Hacked Emails Expose George Soros As Ukraine Puppet-Master.

https://t.co/bac3NvxVRb

via @Makedni

#Soros #GeorgeSoros #Emails #Ukraine @AP"
682053359579185153,"Jeb Bush Funded by George Soros‚Äôs Chinese Business Partner https://t.co/fiNMlUwXxg 
#tcot #soros #NWO"
682386780738469888,ALERT %u27A0 White House Teams Up With #Soros for Disturbing 2016 Plan%u2026 Spread This Everywhere!  #BB4SP https://t.co/iPn8Nv5usq #PJNET
681615046909153281,#Soros is the #Evil of our time!  https://t.co/PHe4rRhhfB
681892387275198464,"@bzaz @tahDeetz

NAZI WAR CRIMINAL LOVER ‚òõ@HillaryClinton #SOROS THE PARASITITIC üêç https://t.co/OXcGaCsXWc"
682121118933618688,#Soros' TEVA Drugs for the Governments of #Croatia &amp; #Hungary https://t.co/2RZcvuObAM @balazscseko @otmarianna https://t.co/HBjSCUo6Yt
682247950643380226,"""#Soros #foundation Promoted Drug Legalization Worldwide"": https://t.co/8mH1a7Lofx."
682700354799190017,#Soros always on the ball... https://t.co/d8OGyy99xX
681921513633779714,Did you ever notice how Nazi Collaborators ( #Soros ) tend to only dislike #Trump &amp; #Cruz ? https://t.co/tpGslPK0sz  https://t.co/Tt2dBjrf6I
682400669299417088,#Politics:Top Organization Contributors by OPENSECRETS https://t.co/7c8qTMWprY #Millennials #TEAParty #OWS #Boomers #KochBros #Soros #unions
681719281344581632,George Soros: Top 10 Reasons He Is Dangerous | Human Events https://t.co/LCKN0jitEe #tcot #ccot #Soros #WakeUpAmerica
681681826289602560,"Wayne Madsen - #Soros and His #CIA Friends Targeted #USSR / #Russia in 1987
#Ukraine #NED #Capitalism #UK #US #Syria https://t.co/WF9xBPrwOs"
681695812070445057,"George #Soros blasts Donald Trump, Ted Cruz as fearmongers https://t.co/ZZcHdoL8Pc It takes one to know one."
681914760976179200,"@VLWorthy

ARREST #SOROS SORRY NAZI WAR CRIMINAL ASS &amp; FREEZE ASSETS https://t.co/DZfdDEoIAb"
681870941186560001,#SOROS: We must 'resist the siren song of the likes of Donald Trump and Ted Cruz' https://t.co/gwIOI10Y8b
681910971460358144,"The GOP can't win the #BlackVote, so they will turn blacks against the Dems w/ lies like #Soros is funding #BlackLivesMatter #StayWoke"
681987016553172992,#Soros The enemy of all Mankind put the world where it is now according to his evil plan &amp; still trying to control   https://t.co/zNgPDpmUWX
682676788015706112,"@BradleeDean1
THROW HER #SOROS NAZI WAR CRIMINAL LOVING üêéüêé ASS IN JAIL https://t.co/igC91jXbrX"
682243241647800320,"@MoonbeamMelly It's a shame so many following #BlackLivesMatter, the Slave Masters are funding it.#Soros #Rothchilds https://t.co/oqf5tIPQsN"
681705013790416896,INFAMOUS NAZI GEORGE SOROS DOESN‚ÄôT WANT YOU TO VOTE FOR TRUMP OR CRUZ #o4a #news #Soros #Trump #Cruz  https://t.co/iMCoorqUUe
681832331758284800,George #Soros Lecture Series: Financial Markets Q&amp;A https://t.co/Vj8Bf9cdeL
681823726057435136,"What, google couldn't find you any black lives matter pictures? #Soros  https://t.co/jq6GO3qu0Q"
681855616529244160,"As former P M of #Moldova he signed in 2011 the #Soros open letter calling for more Europe in the single currency turmoil 
#Sturza"
682596794396708865,"@Ian56789 
#EU HAS TO ACCEPT MILLION REFUGEES ANNUALLY"" - says George #Soros
https://t.co/DrJCm6IR1J"
681834084843302914,INFAMOUS NAZI GEORGE SOROS DOESN‚ÄôT WANT YOU TO VOTE FOR TRUMP OR CRUZ #o4a #news #Soros #Trump #Cruz  https://t.co/Swe8FkmPpE
681914273526751232,"@PAccaria @chliberty @GaetaSusan

THEY STILL ARREST NAZI WAR CRIMINALS DON'T THEY? CUZ #SOROS IS ONE BUTT UGLY ONE https://t.co/WbpgEhf9Gb"
682365684991410176,DATED 2011 #SOROS ACTS AS @HillaryClinton HELPER https://t.co/62TC043Ufy
681890052834746368,"""So expansive was the resulting loophole that Mr. #Soros‚Äôs $24.5 billion #hedgefund took advantage of it, converting to a family office."""
681625457528336384,INFAMOUS NAZI GEORGE SOROS DOESN‚ÄôT WANT YOU TO VOTE FOR TRUMP OR CRUZ #o4a #news #Soros #Trump #Cruz https://t.co/QlUL6vdnu3
682708916497715200,#SOROS '#REGRETS' BACKING #OBAMA... https://t.co/nSAWJPX1AM
682676809914167296,THROW HER #SOROS NAZI WAR CRIMINAL LOVING üêéüêé ASS IN JAIL https://t.co/0ntRWfA2wH
682238929219653632,NUTS: George #Soros ‚Äì We Should Not Fear Muslim Extremists Just Because They K https://t.co/Hz6wsbguvn #news #politics #IntelMM #OSINT
681693718097731585,#Obama and #ISIS Caught Eradicating Christianity - Don't forget #Soros members kicked out of #Russia! https://t.co/ictlP0hT7n
682119981195104256,#Soros Foundation promoted drug #legalization worldwide - legalization and regulation is a ponzi scheme! https://t.co/zTgsxlY7Oq
681626715492335617,"George #Soros warns: Reject #Cruz and #Trump‚Äôs ""siren song"" https://t.co/fxhXjCQnin https://t.co/zePLGrY8XG"
681339496990904321,"#Ukraine &amp; Europe: What Should¬†Be¬†Done? by George #Soros | The New York Review of Books - https://t.co/W2PgHwQQla 
#economy"
680876709575434241,Hamas Terror Cell Nabbed at #Soros-Backed Bard College Partner over Bombing Plans https://t.co/ibQcwRidy5 #IslamicTerrorism @campusreform
681575023128125440,"#Soros: Trump and @TedCruz want you to be afraid https://t.co/jMIiMk4cjh
No they want you and I to take personal responsibility! #CruzCrew"
681489583775727616,"You üëà call yourselves a ""black movement"" when you're financed üí∞ by an old racist white guy? #BlackLivesMatter #soros https://t.co/xj2Me9H9C9"
679979865794281472,@Malinka1102 @AnnaNeistat is a #Soros-funded Russophobe at @amnesty &amp; ex?-@HRW. It is a farce. @NinaByzantina @VeraVanHorne @marcelsardo
681507375778533376,One of life's many losers Seth @mrhayford Owusu tweets meaningless empty piece by speculator #Soros! Not exactly the model citizen?!
681519865627328512,"@realDonaldTrump the ultimate nation wrecker, former NAZI and old windbag, #Soros is trying to gun for you. #hellno"
680133040144691200,"Miracle was the goodness stopped bullying against goodness. 
#Israel police found #Soros'slead in #Nazis #Terrorism https://t.co/la4vfGrcjs"
680121138157072389,"Democracy #Ukraine Style, #Soros Fiasco Is Turning Into a Punch &amp; Judy Show Of Corrupt Oligarchs.#Kiev #EU @RT_com https://t.co/cTd0nbywtp"
680854473351258112,I read something daily about some liberal hack complaining about the #kochbrothers but they never mention #Soros. Hypocritical much?
679787864465387520,@AnnaNeistat how much did #Soros donate 2 #Amnesty?He backed coup in #Ukraine that has triggered civil war.Your NGO is compromised.#Russia
681115986108481537,"Have @amnesty and the #soros club @hrw @KenRoth this horrible attack on innocent drivers, all condemned ? ;-) https://t.co/J6vxYKa9E3"
681378066686459905,Ru happy w/crap that #OhHillNo #Obama #Reid #Pelosi #Soros #Ayers #Cloward #Piven #Acorn #Alinsky #Democrats #Rinos #Liberals 2destroy WTP?
681311360630669312,Divide &amp; Concur Is Your Middle Name! I Stand Against Puppet Master Billionaires Like #Soros #KnowYourEnemy  https://t.co/MzVYuaxlbo
681529581212286976,Billionaire George Soros: Trump and Cruz want you to be afraid - https://t.co/NXsqoGQW4q #tcot #ccot #Soros #Trump #Cruz
681548782622789632,.@politico I'm more afraid of #Soros funding the overthrow of governments he doesn't like. This man would like to start #WW3 for profits. üí∞
681328656757567489,George #Soros Lecture Series on the Financial Markets https://t.co/ZWBpWKV2le
680230151288963072,"Wow!Now the #ProgressiveInsurance commercials openly show #Soros #Progressive_Communistic political ideals in their commercials
#DropDeadFlo"
681543627022049280,"A Nervous George #Soros Lashes Out At #Trump 
https://t.co/JNFfwZGjEO
Soros &amp; Adelson having a spat?
https://t.co/EiIjn7Dg7m"
681586473099902976,IMAGE: Whitehouse resident https://t.co/BeR9eTfQLJ #nobama #fail #resist44 #tyranny #soros
681579235937366016,"#Soros, #Obama, #Clinton, and their ilk continue to confuse vigilance with fear. What they desire is mayhem. https://t.co/tlHq8QlaXb #news"
681529292732276736,#Soros is a cancerous piece of globalist trash. Fuck his opinions. https://t.co/0QwBLk7Mr4
681344270155014146,"A Chance to Make #Ukraine Europe‚Äôs Next Success Story | Open Society Foundations - https://t.co/Jjiz0PgM9E
#Soros #economy #Europe #OSF"
680806335332663298,"@hrw https://t.co/Am510mf0QF #Soros said. ‚ÄúHuman Rights Watch must be present in capitals around the globe,"" 
#Syria #yle #Ukraine #Amnesty"
680936281749114880,#Politics:Top Organization Contributors by OPENSECRETS https://t.co/7c8qTMWprY #Millennials #TEAParty #OWS #Boomers #KochBros #Soros #unions
680130079389683712,Hamas Terror Cell Nabbed at #Soros-Backed Bard College Partner over Bombing Plans - Breitbart https://t.co/PkqhtxgJ3V BreitbartNews„Çà„Çä
681510494893559808,"#BHO FricanGhettoLiar &amp; @realDonaldTrump Have #DEMx &amp; #goP upShi.sCreek: #CronyTrump #Clinton Trash-Fighter, NoNEED4 #Soros Nazi$ or #goP$"
679824601514426368,Why is the world's 29th richest person funding a campaign by Irish sex workers?  (via @thejournal_ie) https://t.co/zzt14F9C51 #shame #Soros
681566506178625536,Soros: Trump and Cruz want you to be afraid https://t.co/VBLegXNnUT #Soros = democrat= liar and cheat
680355095473696768,...but that's not their job. Their job is to cause #division #chaos &amp; #destruction #Soros pays them for that.  https://t.co/t81HXHXa5O
681562910578065408,@ProudPatriot101  He is evil. He has destroyed millions  of lives. Satanic #zionist. #Soros
681621105157607424,"@RickyRayinGA @realDonaldTrump 

#SOROS THE NAZI WAR CRIMINAL SHULD BE ARRESTED &amp; ALL HIS ASSETS FROZEN - RIGHT NOW https://t.co/d4oU5a2vJm"
681151043317673984,@Fiercely_ @AmericanBand911    Rubio funded  by #Soros Funded hedgefund Billionaire  https://t.co/bU5e6EJWpw
679807285976252416,@amnesty we‚Äôve found your links to #Soros your not impartial and you don‚Äôt backup your claims about Russian bombing‚Ä¶ games up..
679936149075279872,Hamas Terror Cell Nabbed at #Soros-Backed Bard College Partner over Bombing Plans - Breitbart https://t.co/BFTyg6N7QD via @BreitbartNews
679851334925824000,@SkypeMe23 @VBennettBonapar Even the #Russians see #Soros for what he his.https://t.co/LufC0Ta95l
681156082002038785,@BernieSanders Billionaires like #WarrenBuffett #GeorgeSoros #Soros #BillClinton #HillaryClinton
681629093792755713,@GuyVerhofstadt Are you the Angel? Of #Soros or represent princes of leftist in Europe or the slave of Germany? How much you take it?
681533967972069377,"Soros: Trump and Cruz want you to be afraid https://t.co/IdnVah9Bxi
#SOROS, AMERICA'S REAL TERRORIST THREAT!"
680116318364917760,Obama LINKED to #Hamas #Terror Cell Nabbed at #Soros-Backed Bard College #Bombing Plans! JERUSALEM ‚Äì #Israel‚Äôs... https://t.co/yrdAPtB1zx
680826686905126912,"#oldwhiteguys conceived, built or currently run about every worthwhile thing in the world. But some are idiot dicks like George #Soros"
680875362159603712,2015/12/23 is the date on the #hillary linked  #soros backed Bombing Plans https://t.co/XSzX6s4gK9
681615297996918784,"@lynney62 
HEY @RealDonaldTrump @TedCruz‚ÄºSEND #SOROS THE NAZI WAR CRIMINAL TO PRISON &amp; FREEZE HIS MONEY FLOW https://t.co/g0GJ88hi9f"
681335014752043008,George #Soros Lecture Series: Financial Markets Q&amp;A https://t.co/Vj8Bf9cdeL
679792989233790976,@TobiasBunde @amnesty #Soros funds amnesty &amp; HRW. They have been compromised &amp; have clear anti #Russia bias.Can't put rights over $ can we?
680180649781760000,"#Soros #Obama
#Clinton 
ALLüí©Dirty

HAMASüí£TERROR CELL Nabbed at Soros-Backed Bard College Partner over Bombing Plans https://t.co/bfN8wfc4SB"
679830740855422976,"@RealJamesWoods All they care about is ME, in photoOps &amp;the $$ #soros/ new #acorn or whoever's paying them to be there. #selffish!"
681544312350326784,SOROS: We must 'resist the siren song of the likes of Donald Trump and Ted Cruz' #Soros speaks=This coming from a  Criminal's mouth..
681640593601261568,I'd be way more concerned if #Soros supported our movement; would require a re-think. He's so corrupt.  https://t.co/CR0HOpENzp
681640595538984960,"IT'S GETTING REAL, FOLKS #Soros  https://t.co/BP6M60NwhC"
680311549555126272,"#Democracy #Ukraine Style, #Soros Fiasco Turning Into a Punch &amp; Judy Show Of #Corrupt #Oligarchs#Kiev #EU #cdnpoli https://t.co/gqVGfVDxEw"
681588864880869376,FYI - Preggers @ChelseaClinton is another Rosemary's Baby. Satanic spawn incarnate in 2016. All part of #Soros / #Satan Barry's plan.
679921674003718146,"@vj44 @NBA @POTUS  grassroots, hilarious. Everytown is astroturf as is moms demand. All propaganda and of the #ObamaRICO /#soros
#MOLONLABE"
681582975926980608,#Soros and #Alinsky 0 for 4 https://t.co/X6hW9pWzmC
680131370249809920,Yet ANOTHER #Soros demoNrat organization.. #twitter https://t.co/iSIBoR1VRK
681068219164004352,"I suppose #nazis #Soros
#vikinggang have intimidated #UN to order #allies to evacuate ISIS&amp;This case is UN's courage https://t.co/cpKApyP8ag"
681149053040738304,#MarcoRubio Crawling Into Bed With #Soros Funding Hedge-Fund Billionaire  https://t.co/H18rpCzuBy https://t.co/bU5e6EJWpw  #GOP #PJNET #SGP
681328518173700097,"How #WaPo Used Misleading Stats To Hit #Police On Suspect Shootings https://t.co/ROG7mpYEoW #BLM #tcot @2a #NRA 

I smell #Soros"
679871907097886720,ALERT %u27A0 White House Teams Up With #Soros for Disturbing 2016 Plan%u2026 Spread This Everywhere!  #BB4SP https://t.co/qxi3O46oL0 #PJNET
681537433343815680,Soros: Trump and Cruz want you to be afraid https://t.co/AzFy3rxvoB #soros STFU and DIE already you NAZI sympathizer
681536522420645890,"Americans Believe Trump Is Worse Than ISIS https://t.co/oRYhv8HxKb via @realalexjones
#SOROS IS AMERICA'S TERRORIST THREAT !!"
681630663922085889,INFAMOUS NAZI GEORGE SOROS DOESN‚ÄôT WANT YOU TO VOTE FOR TRUMP OR CRUZ #o4a #news #Soros #Trump #Cruz https://t.co/hIG4ay3mLU
681367954643136517,Global #ELITE To #collapse #America Like #Rome https://t.co/zxOucFmRiR #Communism #PoliceState #Soros #ARMY #Evil #RomanEmpire #USA #EU #WW3
679805942364549120,@Malinka1102 @AnnaNeistat @amnesty @NinaByzantina @VeraVanHorne @marcelsardo and both funded by #Soros...
681571025197379587,"#Soros, who has bullet proof security says, Trump and #TedCruz want you to be afraid - https://t.co/edjEiFIYUl #SanBernadinoTerroristattack"
681510974067703809,"Political and economic manipulator, George Soros, wants you to be scared of Republicans: https://t.co/RbDfzLWZ0R #Soros #FEAR #politics"
680093452927815680,Hamas #Terror Cell Nabbed at #Soros-Backed Bard #College Partner over Bombing Plans - Breitbart https://t.co/2ped668wsL via @BreitbartNews
681344711504871425,"Understanding #Ukraine | Open Society Foundations - https://t.co/Fe2ozeKItA 
#Europe #OSF #Soros #OpenSociety"
680202924710993921,#Politics:Top Organization Contributors by OPENSECRETS https://t.co/7c8qTMWprY #Millennials #TEAParty #OWS #Boomers #KochBros #Soros #unions
681572427185389569,"With #Soros now openly waging war against @RealDonaldTrump, we need to find out who Americans trust: #tcot #poll"
681613057622175744,INFAMOUS NAZI GEORGE SOROS DOESN‚ÄôT WANT YOU TO VOTE FOR TRUMP OR CRUZ #o4a #news #Soros #Trump #Cruz  https://t.co/OAzIS1QL3Z
681086713448382464,"SOFHR is oneman bogus robbing theworld in disguise of ""humanrightsorg""backed by #Soros #Nazis #greens,not by #UK #UN https://t.co/BefdnhvoN5"
681563077339430914,#Soros supreme #NWO tool says #Trump n #Cruz want you to be afraid  https://t.co/jx5t4KgQuX
679852996906369024,.@sampedj Trump has questionable ethics‚è©‚è©Zillionaire George #Soros speaks (Trump business partner) https://t.co/0IOSLSIJOr #tcot
680229255020675072,"As normal people share Season's 'Good Will' - a despicable Kenyan works overtime Destroying America - #obama #Soros #ISIS #MB 

#Trump2016"
681148097435545601,#Soros and #Buffett Billionaires contributed more to the #DNC last election than to the #GOP  https://t.co/YeN41wxNl0
681498887824130048,IMAGE: Soros - enemy of humanity https://t.co/89o0s6RkWw #soros #communist #interloper #foreigner #evil
679978533242945536,"@Malinka1102 I am shocked. @hrw &amp; @amnesty have the same funder, #Soros. :) They even share same personnel. @Russ_Warrior @amnesty"
681161301071138818,@billyoblenis @FrankfurtFinanz any thoughts on the #Soros brothers-backed #bitGold?
681579394981347330,"RT KeepTXTX #Soros, #Obama, #Clinton, and their ilk continue to confuse vigilance with fear. What they desire is mayhem. ‚Ä¶"
680078306444587008,George #Soros promises a new year full of FEAR and death. He's a soldier of your Elite.üéÑüéâüéâüéâüéÅüéÅ‚òÉ
681524823454035968,Don't worry the European Union will make Greece a dumpng ground for Muslims and Africans. Greece's fate.@NatCounterPunch #Soros
679830637314965510,"@MSNBC the whole thing is based on a fraud, protesters paid by rich WHITE BILLIONAIRE #Soros #BlackLIESMatter"
681594398140948481,"INFAMOUS NAZI GEORGE SOROS DOESN‚ÄôT WANT YOU TO VOTE FOR TRUMP OR CRUZ 
#o4a #news #Soros #Trump #Cruz... https://t.co/0rHrHkMEgx"
680092413583429632,"@UMassAmherst #DanClawson R #GeorgeSoros fuded #Dupes 2cause chaos,disrpt #MainStream so #Soros can make $$. #Clawson #StopBitching #GetAJob"
681544717490892801,A Nervous George #Soros Lashes Out At Donald #Trump: He Wants You To Be Afraid https://t.co/JAuGCvyyAs
681563980884787200,#OBAMA #SOROS' MOVEON FIGHTING #PATRIOTS TRYING TO ‚ÄúKEEP SHARIA LAW OUT OF A CITY NEAR YOU‚Äù  https://t.co/wCvzxms7vB
681631205763096576,"@Mediaite @TexasHotMomma 

#SOROS THE NAZI WAR CRIMINAL SHOULD BE ARRESTED &amp; HIS ASSETS FROZEN https://t.co/nz2SLmD3u5"
681546838629994496,#atheism üëâ has a face üòà a billionaire üí∞ who manipulates the ignorant üò™ masses to usher in a godless society #soros https://t.co/6LtzAain2i
681518943769620480,"#Soros: #Trump and #Cruz want you to be afraid

https://t.co/EqSldRWkGB #tcot #untieblue #gop #RedNationRising #p2 https://t.co/x5f46JQCeA"
681519660047679488,"Deranged ancient vampire #Soros sez westerners fear death too much, and #Trump and #Cruz are bad! #OpenSocietyMyAss https://t.co/egOeEDlPmF"
680954376412905472,Now this sounds more like the truth to me. #realDonaldTrump #Trump #DonaldTrump Is Trump A #Soros Decoy? https://t.co/iSGo79Sa68 via @Helena
681624882808025088,https://t.co/E0lrXnmcuk #Soros You are not as famous As you would like to be #Dems Are voting for #Trump You lost old shaggy Evil Man üòÇ
681541683377483777,#SOROS: We must ‚Äòresist the siren song of the likes of Donald Trump and Ted Cruz‚Äô: REUTERS‚Ä¶ https://t.co/JEz0iLkofT
681596214429794304,A Nervous George #Soros Lashes Out At Donald #Trump: He Wants You To Be Afraid - https://t.co/YxNL68kcLJ #Obamadidthat
681646495796314113,Why don't just ask #Soros? https://t.co/VNu9gg9jFm
681500851580477440,This is what üëâ #Soros üòà &amp; the lib elite are doing üëä to Americans while extending rights üîîto non-citizens üí£ #tyranny https://t.co/0XcaYe8W8u
680168165251379200,"Leaked: George #Soros ‚ÄòPuppet Master‚Äô Behind #Ukraine Regime, Trails Of Corruption Revealed
https://t.co/7G1v0Rp1Yl https://t.co/kA3uEHmy0h"
681577159996116992,"""it is a mistake to do what the terrorists want us to do"" wish #Trump and the Daily Mail would read this #Soros https://t.co/A8yNwZlIyk"
815275576382603264,#Soros Calls For Armageddon To Stop Trump -  https://t.co/xVGksqGXZP
815209400520638464,RT√â #fakenews -- Views dressed up as News pushing #soros #repealthe8th #RTE #RayDarcy #repealthe8th https://t.co/8gOhJ2lVYD
815280011858935808,Yes #Obama and #Soros are to blame and why we need #TrumpPence to fix their mess. #MAGA #AmericaFirst https://t.co/lmgODmZqnS
815246091042045952,mary mays    #Soros again.  share this article. https://t.co/F8bNJwmxYT
815316657644126208,#Soros you are pure evil. You even turned in fellow Jews to the nazi's. Looks whose talking. People read your histo‚Ä¶ https://t.co/XPm3cKGVtS
815324135643459584,Insane Nazi Collaborator #Soros Calls Trump Hitler - https://t.co/MY8Sh1Mjrl by #LyndaG1963 via @c0nvey
815242952259801088,Sorrowful #Soros https://t.co/sUgw73Y4eK
815227026881806337,RT MADE__USA: OBAMA: Lamer than Lame #Obama #Thug #Loser poorest excuse of an American I've ever seen #Soros Sore ‚Ä¶ https://t.co/4AEDwos7aC
815338530536902656,#POLICE REALITY! GIVE'M A BREAK! #MAGA #Soros #NeverHillary #PJNET #BLM #CADOF #AP #HillaryClinton #LGBT #moveOn https://t.co/Aqdt60BTpO
815272673164939265,@DavidRomeiPHD u ignore context of DECADES of #enemyCreation by #deepState backed by #Soros #Saud #Rothschild #BernardHenriLevy #NutAndYahoo
815274409976020993,CRAIGSLIST: Organize to stop Trump Agenda! $15.00/hr. https://t.co/WLlLXKCO8l #trump #soros #craiglist #protests
815332647387987968,‚ö°Ô∏è #Obama #Hillary #Soros Equals Death of Identity Politics. Tables Are Turning‚ÄºÔ∏è‚ö° https://t.co/7cel2A9Z1L v @BeholdPale
815218464881311744,@richardbranson @georgesoros Lost a ton of respect for you Richie #Soros
815303322748022785,@DrJillStein You üîä like #Soros and #HillaryClinton
815239568966479872,Pin-Pointing the Sinister Hand Behind Days-Long Trump Protests! https://t.co/E6ZGKQhJC9 #bussing #trump #protests #soros
815190573212516352,#Soros: #Trump is a #con #artist and would-be #dictator' https://t.co/IdqtFZP97v https://t.co/eAwkEIdWcJ
815342401493618688,"If #Soros-financed &amp; @SenatorReid-backed #HRC-loving @KeithEllison is the best that #Dem can offer
#Berners,‚Ä¶ https://t.co/r3vlkhePtR"
815324114378522628,"It's called ""read between the lines"" with Trump peopleüòâ#AmericaFirst #patriot #DrainTheSwamp #ImWithYou‚Ä¶ https://t.co/3wf8DGG2YS"
815218354969575424,Terrified Globalists Spread Chaos as Trump Overthrows Their Agenda https://t.co/WlYWcb4Cku #soros #protests #trump
815246069491789828,@doctormary4you    #Soros again.  share this article. https://t.co/4HFsubuw8W
815253288916549633,#VETS #CONSTITUTION #2A #1A #TCOT #PJNET #ORPUW #NRA #TLOT #INFOWARS #DrudgeReport #FoxNews #Breitbart #obama‚Ä¶ https://t.co/EJOyqsEYrc
815233303531786241,Obama ‚Äòsetting world on fire‚Äô on way out the door https://t.co/TXe7HWIcEe via @worldnetdaily #Obama #Soros #Lucifer all on the same team!
815251660419239937,"#Soros -- #Vigilance #FreeSpeech
Soros To Pour Billions Into Efforts To Combat ‚ÄòHate Crimes‚Äô
https://t.co/kpcI3xrXoE
| #tcot #PJNET"
815301904238575617,"@guardian these are paid marches by #Soros.  Worse, you know this &amp;still pass it off as news; #Fraud .‚Ä¶ https://t.co/dNzHHYWE0E"
815280562852286464,"#PM #Trudeau inflicts #Soros #UN #RefugeesWelcome, #CarbonTax. Globalist Authoritarian rules aimed at destroying‚Ä¶ https://t.co/pDHhUFg3eE"
815304100741005312,Is there anything these people aren't whining about? üòÇ #LockHerUp #Obama #ObamaLegacy #Soros #snowflake #Trump‚Ä¶ https://t.co/6NrZxnDqUl
815283744131129348,"#PM #Trudeau inflicts #Soros #UN #RefugeesWelcome, #CarbonTax. Globalist Authoritarian rules aimed at destroying‚Ä¶ https://t.co/zgmd6cQDZB"
815313883133046785,@Halsrethink it wasn't as naive as u make it sound. THE MASTERS were in charge and remember CITI picked his whole cabinet #Soros #Gepetto
815189683902693376,"LOL. Charmed. So #soros is a Nazi and so am I. And you are respectful, wise and well-informed. Got it. Over and out. https://t.co/Vc3tRpyb7X"
815235979145400321,@cherokeesher2 @MsSarahCat Bigger Fish #Soros Pure Evil https://t.co/d9wmCRWFeG
815274974474739712,"yes help them fill their #Wallets ,#Soros Fills their Wallets also . ü§£üòõ https://t.co/dmi71uxOv1"
815212640586833920,This is another #Soros financed film made to divide society even more. https://t.co/45PP8ICjw3
815313569936003072,Ultimate Irony: Real #Nazi #Soros Name Calls Trump A Nazi https://t.co/S0QMcadRVd via @realalexjones #maga #progressives #democrats
815229314094362625,Sit down a friend &amp;familymember 2day &amp;say: I'm going 2wake U up right now. STAND YOUR GROUND. #Freedom #MAGA #Love‚Ä¶ https://t.co/hzxciLGozT
815328327808516096,#JailSoros #SorosIsAWarCriminal #SorosIsANazi #DeportSoros Send #Soros to #Russia where he is #Wanted https://t.co/ZD8a3OgCax
815247646424264704,"Donald Trump Protesters: You're Absolute Trash, Here's Why https://t.co/Y5qXvYid7e #trump #protests #hillary #soros"
815228221071331328,"Sit down a friend&amp;family member &amp;say: ""I'm going 2wake U up as of 2day."" STAND YOUR GROUND. #Freedom #MAGA #Love‚Ä¶ https://t.co/xxW8yFAVMF"
815278362985959424,"I can think of many people who should be droned, Hillary Clinton, &amp; you, #Soros &amp; #Bankers are the top 3! #Assange"
815194122260615169,@Kurdish_Logic &lt;= Either way #Putin has outplayed both wannabe sultan @RT_erdogan &amp; lame duck #Obama (aka #SOROS)
815343703065817088,"This George #Soros 60 Minutes interview was scrubbed from the internet.

Donald #Trump without humility!  

https://t.co/xlmbAf6b3N"
815199164401381376,Michael Rivero: 'Gangsterism Has Replaced Government' https://t.co/IMQoEarSf7 #soros #blacklivesmatter #hillary #clinton
815239753528381440,More #fakenews #EU #Merkel #Brexit #Trump #NWO #China #Soros #Hilary #Obama (you have a nice day now) https://t.co/oY1XQdITRN
815313594690650112,They really hate #Russia because they have a dead or alive warrant for #Soros https://t.co/BMx8hNmEJa
815212329331781632,@JohnKStahlUSA @ThomasPKennedy3 WE Wish! #Obama #Clinton #Soros Create 3rdWorldüí©üëéüëøüî™ 60's Style Defamationüá∫üá∏WE Need‚Ä¶ https://t.co/nxPwU043BR
815271379683704832,Fox News Exposes George Soros &amp; Hillary Clinton Relationship! https://t.co/NCVoB6NemR #hillary #clinton #soros #BLM
815212536664649729,Just a distraction from #Soros rigged voting machines and #DHS election mischief https://t.co/WgYClWQz0y
815303238748553216,"#Milinuals have a purpose, make me #coffee and #protest work for #Soros at $15 bucks an hour https://t.co/KzZIut4Mnx #UngratefulGeneration"
815274914798333952,UK Column News - 14th Nov 2016 https://t.co/4oT61xXIub #colour #revolution #USA #soros #TPP #solace
815191484932599808,"@RealAlexJones 
I hate that #Soros being a Nazi Facist Sympathizer shares the same alphabetical lettering as my name #S#teven#ORS#er
NyetMoi"
815250676796297216,"Judge Jeanine, Sean Hannity: 11/10/16 Slams Anti-Trump protests https://t.co/KzjGKFUAwn #trump #protests #soros"
815335286817378304,"#RT Do Your Jobs, #Arrest &amp;
#Deport #Soros, or Pack
#YourBags !
@DHSgov
@FBI
@directorjames01
@ATFHQ
@TheJusticeDept
@georgesoros"
815229177964228608,#ItsTheEndOfTheWorldAnd üëáüëáThis CUNT is to BLAME! #Rothschild #Rockefeller #Soros #Bilderberg #FuckThis üêâ https://t.co/xAGVVL23qx
815319993977958400,@RealJamesWoods More Like #Obama is the #GeorgeSoros -urian #Candidate- Why He's starting stuff w/Russia ? #Putin has a Bounty Out on #Soros
815209772098187264,Billionaire Soros linked to anti-Trump protests - WikiLeaks https://t.co/XE7xYOZCia #soros #protests #trump #moveon
815215549470871552,@GovMikeHuckabee @SJ37341550 @realtrondump @Dj1028Peck RIGHT!  Libs live in #LaLaLand brainwashed by #Soros Facts a‚Ä¶ https://t.co/LXb3xGWbHh
815301947850915840,"@guardian these are paid marches by #Soros.  Worse, you know this &amp;still pass it off as news; #Fraud . @TheHirstComment"
815193037559255040,Another fucking #libtard he obviously never saw the @wikileaks where most the press were bought and paid for and no‚Ä¶ https://t.co/k8YauAiJJh
815326970091339778,"#Soros hacked, Open Society Foundations files released  ‚Äî https://t.co/EUawaY4CHf"
815238558697005056,Butt Hurt Leftists Trying to Cancel the Election Result https://t.co/OKdJ6FJkMG #trump #hillary #hatecrime #BLM #soros
815207836355424256,"Interesting angle: mass importation of #Muslims into Europe is really a trap being set against them, resulting in mass death.
#voat #Soros"
815294102019469312,Insane Nazi Collaborator #Soros Calls Trump Hitler - https://t.co/thFwZFvuVo by #motorrader1 via @c0nvey
815280447202672641,"#PM #Trudeau inflicts #Soros #UN #RefugeesWelcome, #CarbonTax. Globalist Authoritarian rules aimed at destroying‚Ä¶ https://t.co/1XfU3Pe21K"
815280653826686976,"#PM #Trudeau inflicts #Soros #UN #RefugeesWelcome, #CarbonTax. Globalist Authoritarian rules aimed at destroying‚Ä¶ https://t.co/ZhaLrEpOKi"
815236283777720321,"#Soros/Jarrett Love Child Obama Oversees Year of Mass Regulation, Record 97,000 Pages of Red Tape - Breitbart https://t.co/1oNcyvSOKR"
815337674340974592,@soxfaneast @steph93065 @JTrumplandslide @LoveDomine @MailOnline McCain is a POS #Soros puppet and complicit in causing war in Syria
815229989423443968,"The good news: #Soros does not look well. And that's no #FakeNews. 
@247ltd @GsusChrist247"
815223938506690561,Two Simple Suggestions for George Soros | naked capitalism #soros  https://t.co/ueySD86F0p
815252215841615873,"Why are people so bent over email being LEAKED, when #Soros is behind #Obama trying to start #WWIII? #America is being distracted! @tponews"
815300130719068163,More #fakenews #EU #Merkel #Brexit #Trump #NWO #China #Soros #Hilary #Obama (you have a nice day now) https://t.co/IajMUoSCM5
815296756170756096,".@bill_ravotti @MartinBurke1 No #PseudoPhilanthropic #NGOs &amp; #Foundations will be thrilled re #Soros etc
https://t.co/n8QDsBy5MA"
815277106917675009,Stay vigilant; #Soros is not done! https://t.co/SnJbsJmr6Q
815300752742563840,#repealthe8th and #soros think they can buy Irish voters https://t.co/rgYEgPfNwl
815291241520762880,"Kellogg‚Äôs ‚ÄòValues‚Äô? Corn Flakes Invented to Curb Masturbation https://t.co/OpmFrKzHhb via @BreitbartNews
#Soros
@ac360
#MAGA"
815236189091414016,@StacyOnTheRight The @realDonaldTrump accusers are busy shopping with their bribery money from @HillaryClinton and backer #Soros
815302684391731200,Soros: Why is he allowed to get away with it? https://t.co/XNupOWKP6i #soros #riots #trump #clinton #protests
815222014856208390,@FoxNews they want to check how much #BernieSanders is spending in the new villa gifted by #Soros to help #Hillary
815216081639997440,"‚úÖ Leftists throw Nazi slurs at #Trump but turn a blind üëÄ to a REAL Nazi collaborator #Soros, üí∞üí∞, Dems billionaire N‚Ä¶ https://t.co/My0U0vHY12"
815251402029203457,@SheriffClarke @stylishsatirist Hss anyone screened mall fighters cell phones for common links--?#Soros-#BLM-#Hillary connections? @AppSame
815247605240205312,"@AllenWestRepub Biggest hoax ever #ObamaisaManchurianCandidate who would murder the world, if #Soros &amp; the #Globalists ordered him to do so."
815212804089245696,@kakistocracy42 @sp1ritharambe @Cernovich he's a #soros is domestic terrorist. Point blank period. He's horrible.
815255089296343040,@realDonaldTrump Now #Soros and UN are working together.  That in itself tells you UN is no good https://t.co/lQeXSGln90
815249178389454848,"#RussiaHacking- Biggest hoax ever #ObamaisaManchurianCandidate who would murder the world, if #Soros &amp; the‚Ä¶ https://t.co/FJpi4dJLxQ"
815250171999244289,MAJOR LAWSUIT FILED AGAINST GEORGE SOROS! https://t.co/nntSkRQbki #soros #incitement #lawsuit #violence
815219560831918080,@BlissTabitha @theblaze Oh heavens no! O is going to stay &amp; continue working 4 #Soros as the new head organizer of #BLM.
815271645334016000,why ? are they Afraid he might #IndictHillary? and #Obama for #treason?üòÄDeport #Soros https://t.co/7GYx3FjktH
815199516462903297,OBAMA: Lamer than Lame #Obama #Thug #Loser poorest excuse of an American I've ever seen #Soros Sore Loser #Fake‚Ä¶ https://t.co/4AEDwos7aC
815194302015893504,"Unborn children are aborted right up to birth in UK for cosmetic reasons. Please say No to #repealthe8th #soros
https://t.co/TCNBxgxO0X"
815237130779762688,@V_of_Europe. NGO &amp; EU-ships bring new muslim invaders from Libya via Malta: ten-thousands smuggled in #Soros paid https://t.co/mJ1fF0MPvU -
815254368412979201,@margaretjhowell @NicolePettibone The only thing keeping Soros alive is Viagra. Obviously his dementia medicine has never worked. #soros
815227947061825540,"The same #Soros that @HonJohnMcCallum and @JustinTrudeau are fawning over with millions of our money, under the gui‚Ä¶ https://t.co/pL5jk19uaX"
815208316200689664,"BREXIT should be wake up call to what happens when you want out of the globalist mafia, they won't let you leave.   #soros #nwo #Globalist"
815278060870270976,Giardian is a #Soros lackey https://t.co/95rLVxErLn
815325899063173120,Insane Nazi Collaborator #Soros Calls Trump Hitler - https://t.co/nxiOz99Rxw by #LyndaG1963 via @c0nvey
815298053351436288,"@thinkprogress begging for $$$ is very telling. What happened, has the #Soros gravy train dried up? #ThinkProgressLies #HappyTrumpYear"
815197312708317184,#Soros He has balls.but he is pure evil. https://t.co/cNs6BlNJsY
815313439874809856,Oh you silly little snowflakes üòÇ #ObamaLegacy #Obama #Soros #LockHerUp #ClintonCash https://t.co/SRY7Ss0VvG #HillaryForPrison #NeverHillary
815302082605551617,Your organization and affiliates are for lowering #ageOfconsent #childrape #childtrafficking @georgesoros #SOROS‚Ä¶ https://t.co/5e5i13PXrS
815249001624768512,"#Soros &amp; #Clinton Partnership
#Kosovo https://t.co/HwgaSsbldM"
815294744351870976,@VvsTyranny @ZeroCensorship u suck #Soros
815331510186344448,"Translation: If #Soros &amp; I can't bring back #Antisemitism organically,  we import it in #4thReich PS they r‚Ä¶ https://t.co/zXaLfYGbB1"
