741297836029972482,"@YoungBMr901 ""Shit Real"" - #TheIllustration
https://t.co/L4KZoe0mG0

#FlashBackFriday #Team901 #ShitReal #GMG âœŠ"
637411584034406400,ğŸ“that's law! My law soooo nigga whhhaaat you know #shitreal!ğŸ’¯ https://t.co/goV5NFqFRM
655157077267058688,So much snakes out here u can't even trust you're own family #shitreal
636837844414242816,#ummmhmmm #trustme #shitreal hold up wait ah minute just messing aroundâ€¦ https://t.co/KhJ271zlzM
747021154729222144,"https://t.co/AOZBVVKIfM

Y'all should give this try.. #ShitReal"
745126523787583488,"Just jumped on this bike life tho.
#600
#shitreal
#fastlearner https://t.co/Rs6pw3P8FT"
747088056788914176,HAPPY BIRTHDAY MA!!! LOVE U OL LADY!!! Gon get u natural ice wasted today ğŸ˜‚ğŸ˜‚ğŸ˜‚ ğŸ˜ğŸ˜˜ #ShitReal https://t.co/52SPYIINzx
704266280707223552,@Kotaku Vegeta's death though #ChildhoodWoes lol #shitreal
659769555909132288,"Gotta realize who for you and who's not who your real friends are and who's out to plot 
 #ShitReal"
746310296260710400,#facendafridays every Friday its a party!!! #EagleStreetEnt #Themovement #ShitReal https://t.co/SLiWP1w5ro
740628042687643648,"Watch ""BBG PART 1 RIP BROOKLYN HOOKS"" https://t.co/S8m38nDiCV I have walk thru the Row off the strength of DaHooliganz #ShitReal"
747889223861149697,#facendafridays every Friday night its a party!!! #EaglestreetEnt #Themovement #ShitReal https://t.co/VLGp5DMUKZ
702157724054855680,I got hatians friends here too #shitreal
659583414488670208,@youngbuck he said thatğŸ’¯ #ummmmhmmmm #shitrealğŸ’¯ #trustme CğŸ’½ming soonâ€¦ https://t.co/9F2AezNLMa
740628043002155009,"Watch ""BBG PART 1 RIP BROOKLYN HOOKS"" https://t.co/oaP6gyMC8E I have walk thru the Row off the strength of DaHooliganz #ShitReal"
637479066661203968,BYB &amp; the great scarface#ummmhmmm #skipsayshitreal #shitreal I might pullâ€¦ https://t.co/MgPf0Ngajy
637779761801129985,#awwwshit #skipsayshitreal #trustme #shitreal shit getting too real https://t.co/BHoy0G2eV9
747622350556782592,Gball nem out there deep Fuc it keep going  ğŸ˜‚ğŸ˜‚ğŸ˜­ğŸ˜­ #ShitRealâ€¦ https://t.co/5u6Jx2wkid
655213386968395776,High Asf Omw To The City #ShitReal #FinnaPourADeuce #hfbthemixtape https://t.co/pZqyaPCGDQ
657976653075886080,Same nigga b rd ya really ya enemy #shitreal#R.I.P DJ https://t.co/GOcM8pzW8u
744179910168674304,Tomorrow!!! #ShitReal https://t.co/w9VXnTxoTQ
659324494369193984,ğŸ˜³ğŸ™ŠğŸ™ˆshit happen all the time! #ummmmhmmmm #shitrealğŸ’¯ https://t.co/ZzCG24DBwI
742143956973146113,"You here today , &amp; could be gone tomar #shitREAL ğŸ™ğŸ’¯"
637415511916158976,#shitreal #ummmhmmm #skipsayshitreal this ain't my real remix I'm jusâ€¦ https://t.co/1fJ0PFcLwQ
659750829025546240,#shitrealğŸ’¯ğŸ’ª #trustme #ummmhmmmğŸ˜³ TBT or something #fuckinwithefloğŸ¤ https://t.co/ZGiGDxDseT
658988603679350784,#ummmmhmmmm #trustme #shitreal #skipsayshitrealğŸ’¯ R-e-s-p-e-c-t! That'sâ€¦ https://t.co/9a1HfJY452
703686450932531201,#shitreal trace back to who u r voting for &amp; see has they been saying or doing the same things since then &amp; r... https://t.co/Q8EVAI69ey
658699288302632961,#ummmhmmm #shitrealğŸ’¯ I guess! Stop the violence!ğŸ™Œ https://t.co/J0zT8D2Ift
637484131614617601,#ummmhmmm #shitreal #skipsayshitreal welcome to where shit real likeâ€¦ https://t.co/M2a0JDpX0K
637276689375043584,ğŸš€âœˆï¸#skipsayshitreal #shitreal #ã€½ï¸&amp;ã€½ï¸ğŸ‘‘ https://t.co/9Dex38RIw4
636484020050751488,#shitreal #trustme #ummmhmmm #skipsayshitreal willie need to get his shitâ€¦ https://t.co/3uA37qIV5h
748592779010408448,#facendafridays every Friday night its a party!!! #EaglestreetEnt #Themovement #ShitReal https://t.co/VLGp5DMUKZ
654640002563993600,When you got to but you don't want to. #ShitReal #GoodMorningWorld #LetsGetIt #Day4 https://t.co/3F1MuN5POv
656259070580686849,Fuck wit my MAN kilo1000g &amp; there movement #ummmhmmm #shitreal ğŸ’ªâ€¦ https://t.co/aLN60dv9rm
739705299997761536,Yeah #shitreal ó¾­› https://t.co/r97exT66Np
740628042998022144,"Watch ""BBG PART 1 RIP BROOKLYN HOOKS"" https://t.co/BV5M5kyJ3S I have walk thru the Row off the strength of DaHooliganz #ShitReal"
637412222738788352,Flashback Friday freakdeaky friday!!!#ummmhmmm #skipsayshitreal #shitreal https://t.co/JqbossHV70
636132941475782660,I tryna get you familiar #ummmhmmm #trustme #saaayyywhaaat #shitrealâ€¦ https://t.co/kY4usGj0ec
743963300422103040,"Marriage Bootcamp Recap!!
#ShitReal
#TaraR.Fake
#LoveMemphis 
#StillFuckWithToyaThough
#BlackLove
#WETv"
745718310730338304,#facendafridays every Friday its a party!!! #EagleStreetEnt #Themovement #ShitReal https://t.co/SLiWP1w5ro
636241149993181185,"Apples, Banana, Bread, Pork Sausage, Fettuccine Alfredo w/ Broccoli.  #SHITREAL
https://t.co/jq2kfSrNnG http://t.co/93kFwpYoBP"
658797563936677888,"Just Saw Some Mfers Fighting On University Blvd, Holding Up TrafficğŸ˜‚ğŸ˜‚ğŸ˜‚ğŸ˜‚..#ShitReal"
745259561750142976,@LS2X you already know! Been here one day already #shitreal time to make moves boss ğŸ’¯âœŠğŸ’¸ğŸ’¸ğŸ’¸
748159692237606912,#facendafridays every Friday its a party!!! #EagleStreetEnt #Themovement #ShitReal https://t.co/SLiWP1w5ro
657497956170539008,#fuckinwitthefloğŸ¤ #shitreal #ummmhmmm #skipsaywhaaat? My profile isâ€¦ https://t.co/vgeKEKxc9U
635657546238423040,This picture was taking july 23rd 2008 #LastPose #LoveYoursğŸ’ğŸ’“ğŸ’– #shitReal  #onlythefamily #MissMyBoyâ€¦ https://t.co/fjDkg5rV0s
636133977166848000,#saaayyywhaaat #trustme #awwwshit #ummmhmmm #shitreal âœŒï¸goodmorning https://t.co/MWWQLQeV0p
701063167552585728,Been sleep 3hrs out 28hrs #shitreal
659697561339588608,My mama say! My mama say whaaaat? #ummmmhmmmm #shitreal #trustme ğŸ’¯ https://t.co/j2ynuGHyDT
743943350785445888,I just told my nigga I need a dolla to blast to them town #ShitReal
658490169222238208,"Message of awareness

#noracistpolice #awareness #shitreal #love #light #rights #blacklivesmatterâ€¦ https://t.co/ihxwj2eKVo"
699409087545663488,When you 25 wit no kids but u got wedding fever #shitreal
636970956028710912,Mariah Carey has insurance for her vocal cords! Wdh waw..#moneymatter #shitreal what body part would you insure?
659041159575113728,All my thoughts is put into actions #shitreal
637691241631744000,ï¸I lost my dad to these streets I don't want my son to lose his #shitreal
636841399762223104,#shitreal #trustme #ummmhmmm hold up wait ah minute!â˜ï¸ https://t.co/XSHLTFCl8l
637274876856954880,Nigga whaaaattt? #shitreal #shitrealtho #skipsayshitreal #ã€½ï¸&amp;ã€½ï¸ğŸ’²&amp;ğŸ¶ https://t.co/n1Etfd2Msj
746183023285121024,Staring Hard Ah Get Yo Ass Hit #ShitReal
659157247294095360,Fr ya heard me!!!!! My ngga Rick too #shitreal round my way https://t.co/lMqR4WB6hn
654485111350644737,It's getting cold and I'm single and in a drought ğŸ˜©ğŸ˜©ğŸ˜© #ShitReal
748592586693156864,#facendafridays every Friday its a party... #EaglestreetEnt #Themovement #ShitReal https://t.co/AIXxxdTDLD
658977462349635584,"#shitreal #ummmmhmmmm daaaammmnnn ""Bae-Bae"" it ain't WCW yet  fuck thatâ€¦ https://t.co/Dg6RCDvIFc"
659322627891294208,Nigga What? #ummmmhmmmm #trustme #shitrealğŸ’¯ğŸ’ªğŸ’‰ #fuckinwitthefloğŸ¤ https://t.co/ApOAYmCJZD
638500845760417792,I got a major kush problem and I can't stop ğŸ˜­ğŸ˜­ #SHITREAL
739515452636958720,Pulled da alarm up on her ass... ğŸ˜­ğŸ˜­ğŸ˜­ #sundayhumor #3petty #ShitReal https://t.co/pCmyUfTQEX
637495664885256192,#factzzz I/G #shitreal whts Popping... https://t.co/0E60oB1y6R
698422895924658180,Real shiiid ğŸ™ğŸ™ğŸ˜¯ #Facts #Word #ShitCrazy #ShitReal https://t.co/OXAXxYrqFi
654139992982298624,Face mobbğŸ’¯ğŸ™Œ yeah Luda #shitreal #trustme #ummmhmmm https://t.co/MjhaCI1q8U
636067250982752256,#saaayyywhaaat #ummmhmmm #awwwshit #shitreal #trustme ğŸ•›â„¢what time is it?ğŸ˜› https://t.co/zcQ0TSRAXm
697835880376049664,@PlsSAYTHEBABYY WE BOOT UP N MY HOOD SIR #SHITREAL ğŸ˜‚ğŸ’ŠğŸ˜
637668948251512832,#ShitReal lol --&gt; Female Suspect Dances To @1Future â€œWhere Ya Atâ€ After High-Speed Chase In Los Angeles! http://t.co/u6je0RCltA
635627178248511490,#skipsayshitreal #shitreal #trustme loudry read my mind again must run inâ€¦ https://t.co/xfFRrFrK3K
654529861051117568,#ummmhmmm #shitrealğŸ’¯ğŸ™‡ğŸ’­ this world is mines!ğŸ™ŠğŸ™ˆâœŒï¸waddup world? https://t.co/AopogGn4T8
701478025888735234,Got money n paid my moms house off... She don't need to work but she does just because.... #ShitReal
699792207918661632,"I never did believe n fairy tales as a young'n.  I think realistic, dnt nutn surprise me. 
#ShitReal"
748159588827009025,#facendafridays every Friday night its a party!!! #EaglestreetEnt #Themovement #ShitReal https://t.co/VLGp5DMUKZ
657548833124171776,I ah get back to the hoodğŸ’¯ #ummmhmmm #shitreal https://t.co/nzjPdMZrwr
741298197687980033,"@YoungBMr901 ""Shit Real"" - #TheIllustration
https://t.co/L4KZoe0mG0

#FlashBackFriday #Team901 #ShitReal #GMG ğŸ’¯"
637731806712868866,Anyway willie say shit real! #ummmhmmm #trustme #shitreal https://t.co/tvyRSHUw5A
635343019529621505,#ummmhmmmm #shitreal I was gonna type it but I might as well say it don'tâ€¦ https://t.co/8KAsjeEoHu
637360598880243712,#ShitReal freestyle dropping Monday!! ğŸ¥dir. @notrust_tae #switchmanent https://t.co/kW25B9iEhF
702977719877947392,Relationships ain't strong enough for social media ğŸ˜‚ğŸ˜‚ğŸ˜‚ğŸ˜‚ #ShitReal
658818516158664704,Bank juggin to pay lawyer fees ğŸ’¸ #ShitReal
637732914868826113,ğŸ˜ğŸ˜‘#ummmhmmm #skipsayshitreal #shitreal #trustme ğŸ˜› what willie say? Comeâ€¦ https://t.co/wsUvpGunIo
746025822633472000,Some will never know what's it's like to be black young grow up in the struggle and hood #sodontjudge #shitreal
744289316633985029,Dis lil dude stay turnt... #lmwao #MyboyMyboy #willbeatyosonass #WitHands #OrBrains #ShitReal https://t.co/vBIQv2ogCA
741297732552294402,"@YoungBMr901 ""Shit Real"" - #TheIllustration
https://t.co/L4KZoe0mG0

#FlashBackFriday #Team901 #ShitReal #GMG"
741298106302533632,"@YoungBMr901 ""Shit Real"" - #TheIllustration
https://t.co/L4KZoe0mG0

#FlashBackFriday #Team901 #ShitReal #GMG ğŸ‘ˆ"
748377977348567040,the last message I sent my mom tonight #shitreal ğŸ˜‚ https://t.co/W7Xlg4gjA8
637266775961374720,"If you have a child/kids, can you honestly say you would want them to date someone like you or dad?? #ThinkAboutIt #ShitReal"
634594461369139200,I might might gotta dot my i's or something #ummmhmmm #shitreal #trustmeâ€¦ https://t.co/Z7VOoeUlHh
659705715142078464,Looking online to invest in my own studio #ShitReal
655901262098079744,"When You Love Someone You Don't Give Up On Them!!
#ShitReal ğŸ˜©"
659153649839513601,I got bixnezz to take care of.....#ShitReal
658248730513154048,What Time is it? Time is whaaat? #ummmmhmmm #shitreal #trustmeğŸ’¯ As soonâ€¦ https://t.co/DfBbmUZOEO
638373711104512001,Wanna thank my baby @creamayee for sendin dat bread so we can get some dam Food in this house. We all wanna say Thank You Love ğŸ’– #ShitReal
634924673797636096,Chill the fuck out KodyğŸ˜³ğŸ¶meeeeesageâœ‰ï¸ğŸ™ˆ#ummmhmm #trustme #shitreal https://t.co/s7kb7YNmhG
655088336097419264,Yezzir..#shitreal http://t.co/93oUZJ4W96
654756105608826881,"Everyday I gotta thank the man above, without him I'd be 6ft under #shitreal ğŸ’¯ğŸ™ğŸ½
ğŸ’‚ğŸ½ğŸ’ğŸ’‚ğŸ½"
745170598662287363,She did me like a real shone made me eat her and her home girl...... #ShitReal #ThotLife #CareerShone
682536632109678592,Congress..#ShitReal Fredo Santana ft RondoNumbaNine - Shit Real [OFFICIAL VIDEO] Shot By @Ri... https://t.co/slrcr0m73n via @YouTube
613543952092893184,@LilReese300 seen or saw my fav song out right now ğŸ”¥ğŸ”¥ğŸ”¥ #ShitReal #SupaSavage2
593538383030460416,Whn love ain't enough they start to hate #SHITREAL
593240194662281216,#PrayForBaltimore #ShitReal #NewVideo: [Sh*t Real] @YoungBMr901 #TheIllustration http://t.co/lCy557mbNa
699260157407068160,"#shitreal.......ğŸ˜‚ğŸ˜­ğŸ˜‚ğŸ˜­ğŸ˜‚ğŸ˜­ğŸ˜‚ğŸ˜­ğŸ˜‚ğŸ˜­ğŸ˜‚ğŸ˜­ğŸ˜‚ğŸ˜­ğŸ˜‚ğŸ˜­ğŸ˜‚ğŸ˜­ğŸ˜‚Had to like it #twice....â¤ï¸â¤ï¸ @ Gonzales, Louisiana https://t.co/b6B084RaES"
674592611844403201,@_carmelgoodness Ima put it like this; they in the Super Bowl and up by 40pts. #ShitReal ğŸ˜­
614630340695461888,I peep tha game from all angles. You got to if you wanna stay alive out this MF. #ShitReal
610321451942592512,No not the cup song ğŸ˜‚ #ShitReal  https://t.co/Shcvq6Bb22
858068313255141378,#ShitREAL !!!!!!!!!!!!!!!!!!!!! - For more visit us at https://t.co/H3ZhQFauxp #Ilovemelanin #blackgirlsrock https://t.co/Wb0psROsCH
681271662025641984,Wont lie that shit just made me feel some type of way....... #shitreal #aintthesamenomore
678633084565241856,"#2of9 #shitreal 
#strength @ Roswell, Georgia https://t.co/8hhFrB0pAJ"
694973197297516544,"When niggaz don't want no #smokeğŸ¤•ğŸ’¯ğŸ”«
@kingdreet hoodking_74 loccy_loc 
ğŸ˜‚ğŸ˜­ğŸ˜­ğŸ˜‚ğŸ˜­ğŸ˜­ğŸ˜­ğŸ˜­ğŸ˜­ğŸ’¯
#shitrealâ€¦ https://t.co/if3hZtYXEX"
610475537874714625,Got our caps and gowns today #shitreal #farewells C'O2015 I love ya :(
694755883738349568,Ain't none of this imaginary ... #shitreal ğŸ’¯
614626491012382720,Atleast now I know the truth I wasn't the only one inside baby #ShitReal
615292351339036672,"Quinn Cook, the MVP in the NCAA championship game was not drafted. #ShitReal"
672160921163137024,"BRUH, THE SHOOTERS FLED AWAY AIN'T NO TELLING WHAT CITY THEY TARGETING NEXT!!! #SHITREAL"
675033541705625600,To know my evil ass is to love â¤ my evil ass lmao #shitreal
593409179584430080,"@DriNicole  #NEWBLACKPANTHERS x MARYLAND  

http://t.co/1EOW1EdYDO

#shitreal #conformtoinform #protest"
694991848469872640,Sometimes I forget I'm the only one from my city doing what I do #shitreal
609527165680353280,No fucks were given ğŸ˜‚ğŸ˜­ğŸ˜­ğŸ’€#meme #niggazgrimey #fuckyocouch #buywhy #reallymynigga #shitreal https://t.co/gIoppWE4Jm
681355056394932225,Bust it open for me Sunday have me sleepy all Monday ğŸ™„ #ShitReal ğŸ˜‚
680621495157133313,I prepare myself for the worst ğŸ–•ğŸ½ğŸ˜³ #ShitReal
682275088423632897,"Girl with kid posts the father and quotes ""He got me"", uh I would hope he does or you know that ass about to be on section 8 #ShitReal"
679289232729497600,"Ironic. How I was saying fuck relationships now I'd kill to protect mine ğŸ’¯

#relationships #shitreal #feelings #fuckwitheranddie"
674445515610804224,Y'all always playing until somebody really get hurt..#momsalwayssay #shitrealğŸ˜‚â—ï¸
613475386698002432,Damn a nigga gotta come home and cook his damn self after a 10hr shift. #shitreal
681113783733891073,Why do girl wanna be niggas? #shitreal
701534992497827847,Free Lil bro smfh 713bando say no more .... #shitreal smh https://t.co/ZkKAgclVLU
679815513099350016,"They just Rob the corner store out my hood...
#Shitreal #HolidayBlues  #NiggasStarvin"
704190807637671936,"Damn, the eyes really get worst with age!!! #ShitReal"
593409705210454017,"@_NeMmY_  #NEWBLACKPANTHERS x MARYLAND  

http://t.co/1EOW1EdYDO

#shitreal #conformtoinform #protest"
673313972867588096,@LITO615 name his new tape #ImMovingToHouston #Htown #ShitReal #ILoveMyCity ğŸ¤˜ğŸ¾ğŸ¤˜ğŸ¾ğŸ¤˜ğŸ¾
672471291614507010,I want a fat ass joint and some booty to rub on. #SingleLife #AintNoBaeBih #ShitReal #DatHurt #DaStruggle
678105446566207488,"When You Gotta Literally Gotta Force Ya Self Ta Jus Fall Back .... 
#ShitReal
#JusAhLilTimeNeeded
#IllGetRightDoe"
694672009243029504,I'm all I got left my Niggas gone!! #ShitReal
613955756853985284,I'm so scared got me contemplating why the hell I let myself get pregnant #shitreal
680269427489783809,First Christmas without my Mom #ShitReal
613374708252319744,I just need someone to lay that pipe down on me one good time ğŸ‘Œ bruuhhh #ShitReal ğŸ˜©ğŸ˜‚
614163375984132097,Nigga how yu gone have gs fa 15 but its 3 fa 50 SMH YOU KNO WAT LET ME GET 3 SEPERATE GS #shitreal
613845463402455040,If u living&amp; doing fucked up shit......I'm telling ya nie......dawg u goin to stay struggling if not now later or both now &amp; later #ShitReal
678078208055648256,I Remember... #ShitReal https://t.co/hk1sfbA3hp
674622697616375808,"The struggle for some of y'all is real. Tryna balance ur ""good girl"" w/ ur ""hoe"" while maintaining a level of ""wifey material"". #ShitReal"
858167227081793537,I never believed in magic until i seen my dog turn into a ğŸ #smmfh #shitreal
611260726066434048,"Hmmmm this government. Their only way of raising money is borrowing.This story never ends well#ShitReal"
593409565963714562,"@BigTimePlaya_  #NEWBLACKPANTHERS x MARYLAND  

http://t.co/1EOW1EdYDO

#shitreal #conformtoinform #protest"
678464417961504768,Damn thats real!!homeless nigga look like Cole when he gets ready to release a tape #shitreal https://t.co/PP6RbjREj0
593409372518260737,"@whoskione  #NEWBLACKPANTHERS x MARYLAND  

http://t.co/1EOW1EdYDO

#shitreal #conformtoinform #protest"
672180120329809920,This how you buy a pair of Jordan's with no money #shitreal https://t.co/tEfI1qbzDg
609428383211089921,Feed up!ğŸ˜‹ğŸ´ #ummmhmmm #shitreal #skipsayshitreal #trustmeğŸ’¯ https://t.co/AMPUXmm3Nu
860559222727208960,You really don't known A head shot only cost a stack. #playwitme #shitreal
703059059784728576,Dat 1 followerğŸ˜ you just wanna give the business too.. #ShitReal ğŸ™ŒğŸ¾ğŸ’¦ğŸ’¦
593409452948246529,"@Omar_Sweater  #NEWBLACKPANTHERS x MARYLAND  

http://t.co/1EOW1EdYDO

#shitreal #conformtoinform #protest"
859746606421331968,Cause that one person you think about constantly make you go harder cause the thought of them exist ğŸ’¯#ShitReal
682096185260257280,In process of draggin hard ........lol #shitreal
609445552347082752,He was the next Chinx. God saved him. Smh. #ShitReal tristons_world leftyd1230 https://t.co/mo9qe0nnH6
615928365145460736,When You Really See A Nigga Come Off The Same Block As You ğŸ’¯ &amp; Now He Motivating The Hood ğŸ™ğŸ»ğŸ’ªğŸ»ğŸ’¯ #ShitReal ğŸ…± S/O @MeekMill @MeekMill
861051964846723072,Da homie @gordonhayward hair don't move ğŸ˜‚ğŸ˜ while he out there ğŸ’© on everything #shitreal
701562226981744640,"Gotta go holla at my niggas, they takings L's frğŸ’¯ #ShitReal"
674711385713020929,niggas rather see me dead pop or 6 ft under the dirt before they see me winning.. #shitreal
692419397655347201,ğŸ¤” RT @Biddy_Baby: Bitches out here fucking 4 Wizard tickets and Non-stop Flights to Fort Lauderdale .... #ShitReal
610166961889280000,When I get time and sit down and think about it #shitreal https://t.co/rJBPpS8wrw
615776155883274241,I really need to be in somebody booth right now! Clowd 9 &amp; I'm really going in ğŸ˜‚ğŸ˜‚ğŸ˜‚ #frtho #shitrealğŸ’¯
615376984869310464,The world is some much stranger than a big house and dream job... and I plan on getting weird right along with it. #dwpprod #shitreal #bang
859145804514250754,A joke is now serious #shitreal
857043349009612800,Raw footage from #BaltimoreRiots! ğŸ˜³ğŸ˜‚ #Baltimore #ShitReal ğŸ˜†ğŸ˜† https://t.co/gNoJ4hf4Gh
680620586255646720,You can be the best nigga for but you'll still get treated like the worst #ShitReal
680201003694747648,Imagine if @KingJames had a young @dennisrodman ....... He would be the real @6God #ShitReal
614092521745043456,U know @driickygraham @OFFICIAL_PBM @Chevy_PBM @Dee_PBM are all #Plotting this takeover! #ShitReal #Dday #PBM #MyWayRemix #OutToday ğŸ”¥ğŸ”¥
701499572284219392,ğŸ‘ğŸ‘ğŸ‘ RT @Topshelf_Sheek: Got money n paid my moms house off... She don't need to work but she does just because.... #ShitReal
681645388877565952,Nigga just got robbed in front of me #ShitReal out here in the Jungle
693757845641175040,Future music make you want to hit the club on the cool ğŸ˜‚ğŸ˜‚ #ShitReal
615628159199916032,Let me see you take it off #CreepModeActivated #ShitReal lol
681856082554294272,add My Snapchat Call_meSolox3 ğŸ‘€ğŸ˜´ #Barz #Faded #ShitReal https://t.co/OuRZDKCVJA
699942274189434881,I Need That Co Sign But Ion Need That Co Sign Dig Me Only Bcuz The Way #Patersonnj Set Up... #ShitReal ğŸ’¯ğŸ™ğŸ¼ğŸ‘» https://t.co/tAcCzYFJrx
856999887237459968,ğŸ’¯FactzğŸ’¯ well said #ALLOFFICIAL #DotMobb #SkyHighMoney  #AMB #Mood #ShitReal #LetsGetIt https://t.co/VochHwNt9x
682151155057557504,Dead ass yall kill me .....  #seriously #facts #truth #justsayin #shitreal #strightup https://t.co/HhSdRzWYSm
694068037595590656,U used to run it I remember /used to run it manje sekwaphela/u wer the man I remember #shitreal @IamCal_Vin #UsedToRunIt
613437627442835456,Nigga just told Murk got shot last night last night dam ğŸ˜³ niggas shooting Fiens #shitreal
609874390310739969,He got life made &amp; he had'n enn took a breath yet #shitreal
613406447049834496,Dey just snatch my nigga #shitreal #butthisthelifewechose
859668001070620672,Some bitchass pincher bug was fuckin round tryna bite my neck rn so I fucked round n killed em #shitreal #boutmyshit
694550570162614272,@r_margni this girl will be my wife come 2017 #shitreal
593409128615247873,"@HolaJazzito  #NEWBLACKPANTHERS x MARYLAND  

http://t.co/1EOW1EdYDO

#shitreal #conformtoinform #protest"
698132915318870017,Just call me AL Capone #shitreal
674734405718556673,@lark1703 No joke you will just see some random old lady at publix high but if you wasnt high you wouldnt notice #shitreal
699960099628929024,Yoooo for real #GM #Fact #LetsStartTheDay #WhereMyCoffeeAt #ShitReal https://t.co/HyLWdWJVgi
697650894633041920,When stress hit u #ShitReal
593408846871265281,"@HaeliJaee  #NEWBLACKPANTHERS x MARYLAND  

http://t.co/AMJkjw6F2p

#shitreal #conformtoinform #protest"
611634781063938048,"Orange ğŸ… 07050
Is the new Down The Hill (Newark) ğŸ”«ğŸš”ğŸš¨ğŸš¨ğŸš‘ğŸ¦ğŸš“ğŸ¢

#ShitReal"
613591744530092032,I'm From Where Niggas Get Felonies Before Diplomas &amp; Lil Bitches Having Baby Showers Before Sweet 16s #ShitReal
610516770236039171,"ğŸ˜©ğŸ˜©Meanwhile in #McDonalds 
HAPPY BDAYğŸğŸ‰ğŸˆğŸˆğŸŸğŸ”
#ShitReal #PaidInFull #Rider #ItIsWhatItIs #Loveâ€¦ https://t.co/PMtx2yNb5z"
691976382650408960,"All these people that's counting on me, boa wont chu climb that mountain for me #shitreal"
615574006029225984,Don't get caught in the web #shitreal #yazzieyazovereverything #yazmanians https://t.co/A1bNy5ngWC
593589537202307072,Haha damn were banned from going to Baltimore and Nepal. #ShitReal
680860184516898816,KNWMSAYIN CUHZO YA KNW I GOT YA #REALSHIT #SHITREAL https://t.co/ZMyUjY5CNG
614449078198513664,Jackboi Tony / stressin ğŸ’¯ğŸ’¯ I don't think yall hear my mans though #shitreal #respectthatbus
861203975751704577,#sickka #shitreal #distancedem #mydawgdemaffiliveğŸ’€ğŸ”ª #upmove fightersâ€¦ https://t.co/xG6IHXM10J
613987577939513344,Free #MMG @DefJamRecords Rick Ross #King38hot #RoleyNation #6oss  @DefJamRecordsğŸ’¯ğŸ’¯ğŸ’¯ No 6ail #ShitReal But We Trilla Hold ya head Roley ğŸ’¯
694027257623494656,Iont let just anybody know where I lay my head ğŸ’¯ğŸ’¯ #ShitReal
789484676880662528,Lil bill bagging part 3 #Reallytho #imdead #shitreal #Shitneverfail #watchandlearn #realniggashit #yafeelme #rnsâ€¦ https://t.co/3FX5E8apUW
809489481103536128,ğŸ“£PARTY ALERTğŸ“£ Stadium tonight!!! #TheMovement #ShitReal
570887943407083520,Like I said usually the cool one!ğŸ˜ˆ #ummmhmmm #shitreal #trustme #fuckinwitthefloğŸ¤ https://t.co/r79V01rlL2
809835395106111489,"Its lookin like my advice for next years gonna be stay strapped and watch what you put in your body. 
#ShitReal"
803298984517193728,trill.a.g336 ğŸ”¥ğŸ”¥ğŸ”¥ğŸ”¥ğŸ”¥#shitreal #rap #hiphop #realtalk #whammin #slappin #pullup #beatin #hatinâ€¦ https://t.co/x9ldeKOPzd
591758728040419328,Me &amp; My homie! My nigga! My woe! My round! ms.annette_son1 ğŸ’¯ğŸ™Œ #shitreal  #trustme #ummmhmmm https://t.co/Ir58AFnSYX
808950643994034177,When they can make you blush with a compliment &amp; you still think about it late night...#shitreal.
802897294697713665,Breakfast in bed... #ShitReal https://t.co/zK3rQaidBu
592155740439121920,I'm Hustlin Lika MF mane. #ShitReal
592690814985347072,ğŸ’¯ğŸ’¯ğŸ’¯Truth! #true #truestory #shitreal #trueshit #rbs #rns #realshit #1000 #truth #truthbetoldâ€¦ https://t.co/QGQVN12UNq
809229363531186176,I be with some niggas you can't come around #ShitReal
804443769567375360,Bih they got two ppl riding together delivering pizza now #ShitReal
791356797340770304,I love listening to these 10 toes down challenges .. #ShitReal ğŸ‘ŒğŸ¾ğŸ‘ŒğŸ¾
791803094753349632,#shitreal operation #depopulation https://t.co/oBzGM6SZS9
569591775699939328,Da clock ain't gon Stop fa U Or MEâ€¼ï¸â€¼ï¸... #ShitReal
790906894676131840,"#TrillTalk #Repost by realshit_38 with repostapp
ãƒ»ãƒ»ãƒ»
#rip #pimpc âœŠcuz he always #kept #shitrealâ€¦ https://t.co/8SMM5hU9lf"
811611069127000064,Wanna celebrate ur birthday free! at stadium Thursday...  lidos friday... or both... hmu 7572350611 #TheMovementVA #ShitReal
593259068665401344,I can't believe what I'm reading eaither TWIN! #ShitReal
792850329108828160,"It's 2016 if you think ğŸ’­ niggas still out here packin guns cause it's bool, continue playing GTA in your room at ya T Lady ğŸ¡ #ShitReal"
803866061535752192,"Sis js hit me up tweakin Cuz I live that life and she love meğŸ’¯

#ShitReal"
569933073988657152,@FreeTigerSparks I'm at the house youngin #Ducklow for a minute #ShitReal
569229564808970240,ğŸ˜¤#ummmhmmm #shitreal #trustme #skipsayshitreal ğŸ˜¡just the &amp; mo (more) got âœ‚ğŸ“œcut out a Lil bitğŸ˜³ http://t.co/Bje5IWRI3F
788100741084897280,99 problems and ya hoe is one ğŸ˜‚ğŸ˜‚ğŸ˜‚ #Reallytho #imdead #shitreal #welldamn #hoeingaround #hoe #hoesbelikeâ€¦ https://t.co/1IJjgxpB7e
592301473456861184,"#ShitReal in my city....#Bodymore410 
#SaluteToMyGangBanger Dis dat shit da News not goingâ€¦ https://t.co/swbEMNRtHw"
571441134586736640,Damn @RealDLHughley said Baby Dee a bus driver now #ShitReal
593409228565520385,"@CHEVY_GANG  #NEWBLACKPANTHERS x MARYLAND  

http://t.co/1EOW1EdYDO

#shitreal #conformtoinform #protest"
810147854673178626,Riding wit my bro mel talking life #shitreal
808678893481697280,O my gracious! ğŸ˜‚ğŸ˜‚ğŸ˜‚ #ShitReal https://t.co/tGjRQgjimg
811224674751356930,#TheMovementVA #Thirstythursday at stadium #TheMovement #ShitReal https://t.co/Odgpx3mvgW
791803077519036416,"#shitreal operation #depopulation @ Bushwick, Brooklyn https://t.co/SWt7fnYe0d"
571343545338089472,Society really made us forget about Black History Month .. Smh #shitreal
569224138356879360,Awww nawww hell nawww ya'll done up &amp; done it!ğŸ˜¤ #ummmhmmm #shitreal #skipsayshitreal #trustme http://t.co/Bmxq50jnvX
569635584240586752,Last nite help me remember... #shitReal
809865465212174336,TONIGHT!!! $500 #FUCCITUPCHALLENGE AT #LIDOS #THEMOVEMENT #ShitReal https://t.co/9ALVF2tDaC
593528384208015361,Read between the Lines #ShitReal
571194134112784384,Watchin live nba at almost 1:30 in the mornin #shitreal
815008175158136833,Lidos da place to be tonight ğŸ¾ğŸ¾ğŸ¾ #EagleStreetEnt #TheMovementVA #ShitReal
571692657451405312,â€œ@5800_Mir: damn she basically stating what makes females insecure now http://t.co/JKtrGuqHAHâ€ #shitreal ğŸ’¯
788835509904691200,"That self discipline a MF tho, me n Deezal talk bout this shit every single day.....#ShitReal"
812336409835175937,Our snowman a #savage #shitreal #funny ğŸ˜‚ğŸ˜‚ğŸ˜‚ğŸ… https://t.co/vUXhGg1Env
790212200338120704,#N9E #SHITREAL MUSIC VIDEO ğŸ¥ https://t.co/gUAx5fg4Hh
814754157248679936,Cuz I been noticed that devil knockin on my door this whole month for callin his name #ShitReal
593409788362489857,"@Doxdesigns  #NEWBLACKPANTHERS x MARYLAND  

http://t.co/1EOW1EdYDO

#shitreal #conformtoinform #protest"
569364009486553088,Uno got niggas going cray. #shitreal #uno #everymanforthemselves @MeekaMarc @giotheintern xkinglopezxâ€¦ http://t.co/oEfmtpWTZq
571325374619103232,Me Q-ball &amp; Head moe! Last night was kinda real or something!ğŸ’¯ Family! #shitreal #trustme #ummmhmmmâ€¦ https://t.co/vcl5aQHuT6
571325997934632960,FamilyğŸ’¯ğŸ’‰Last night was kinda real! #trustme #ummmhmmm #shitreal https://t.co/AoW64CScKI
592004971421376512,Photo: Enough wit the jokes time for some #Fefacts that real spit #ShitReal #MandatoryTalk #thankU... http://t.co/lWelY4ZkMR
592797565147570176,They in Bmore acting up #shitreal
570889333584097281,No caption needed but it says to write one so here it goes...#ummmhmmm #shitreal #trustmeâ€¦ https://t.co/CUQtw3QLJH
811027196550578176,"Don't keep asking why people keep hurting you, ask yourself why are you allowing it to happen.#justask #shitreal"
593309349180768256,Only if you knew #ShitReal #NoPlayPlay
811021117326589952,"If twitter, YouTube and Google were part of my school subjects, my parents would be so proud of me.#shitreal"
791034259838566404,"Dropping 10/31 on @spinrilla 

#TheOtherSide 
#ShitReal
#MoreDenEnoughğŸ™ 

Graphix By:â€¦ https://t.co/04MInk3hSL"
793135001743351812,"Baby girl don't know crazy till it's in your face,  so be careful how you move!  You ugly scumbag,  dirty,  don't have morals..ect #ShitREAL"
593744010373681152,#ShitReal ğŸ’¯ Good Morning #Generals https://t.co/uHho3X4cLn
592797281566498817,"""@cnnbrk: 7 Baltimore cops hurt during clashes with protesters after funeral of Freddie Gray, police say. http://t.co/khnPZQl6e8"" #ShitReal"
570875212377559040,To hold it down!!! #ummmhmmm #trustme #shitreal #fuckinwittheflo ğŸ¤ğŸ’¯ https://t.co/ZUzyEF5gTP
811260223692427267,Little Bit of Love â¤ï¸ More Hate That ğŸ˜ #ShitReal
570849395979255808,@CashMoneyAp yo bro thank you for tha following! I luv your prods #shitreal
805816906213113858,Smfh they have police escorting them and ALL!!!!! Let this would have been the #crips or #bloods tho everybody gettâ€¦ https://t.co/l1nryCIFSS
812099244051959808,Smdh... siccud... ğŸ˜‚ğŸ˜‚ğŸ˜‚ #UberRiding #ShitReal https://t.co/wXkXEbQ8oi
790212338540347392,Fresh off the ğŸ¥ $hoot #N9E #SHITREAL COMING SOON Kâ›ºã€½ğŸ…¿ğŸ’© https://t.co/BN3vfRMlji
570867322656829440,Started off the same way! #fuckinwitthefloğŸ¤ #shitreal #ummmhmmm https://t.co/skA8jCdpps
792937025187958784,Lol Bruh Check My Last Retweet #ShitReal https://t.co/IqCtxuhCUL
593409988816674816,"@ya_boii_ceddy  #NEWBLACKPANTHERS x MARYLAND  

http://t.co/1EOW1EdYDO

#shitreal #conformtoinform #protest"
593408371988004865,"#NEWBLACKPANTHERS x MARYLAND  

http://t.co/AMJkjw6F2p

#shitreal #Riot #protest"
569268204867944448,Shit bouta get DARK.. out here. #ShitReal
803838944219721728,I can tell you some shit but y'all ant gone relate! #shitreal #onsome
790212300300890112,ğŸ‘¦ğŸ’‰ğŸ‘¦Blood can't make us closer ğŸ’¯#N9E #SHITREAL Music Video Out Nowâ€¦ https://t.co/iNNvxuBHEv
791351242035437568,Idk why but this hilarious ğŸ˜‚ğŸ˜‚ #Reallytho  #imdead #shitreal #omg #realniggashit #welldamn #aintneverlieâ€¦ https://t.co/VgLw2Azy0c
808054924990783488,#Thirstythursday at stadium #TheMovement #ShitReal https://t.co/FA3M1hfWi9
592401631003574272,Resting up til later sike we don't never get tired !!! Lacing up later #Ballin #MullinsBasketball #SundaySession #ShitReal
593409659010166784,"@_xoMorganNicole  #NEWBLACKPANTHERS x MARYLAND  

http://t.co/1EOW1EdYDO

#shitreal #conformtoinform #protest"
771072691046670336,Niggas living video game lives this not GTA u can't start over when u get wasted #ShitReal
804679036861640704,We gotta city police and county and they got  FACEBOOOK SNAP CHAT INSTAGRAM THEM BOY EVEN HOT A YOUTUBE ACCOUNT #shitreal
791709134164992000,. just broke down bout my grades #shitrealğŸ’¯
571551108096794625,Only gets better with time!!#shitreal #realshit
570868608840175616,"""I'm sorry mama I'ont know what to tell ya"" #fuckinwittheflo #shitreal #ummmhmmm #trustme https://t.co/DWieqbEqZ3"
570971705230921728,Nowadays u gotta expect the unexpected. #ShitREAL
790009588116586496,It's a shame we so infatuated with th next trend or music album when there's about to be world War 3 #ShitReal
569563232500899840,@okmalumkoolkat man did u hear what @MrCashtime Said? He said he likes u man! #ShitReal
570847999947100161,Up wit no business or butt-butt!ğŸ˜³ #shitreal https://t.co/H10V2yLAQE
805784918781546496,"I will never laugh at a nigga doing bad cause I been through the same shit ğŸ’¯ 
#real #truth #onehunnit #shitreal #life"
593409501207867392,"@VoiceTheUnknown @MariaMares_  #NEWBLACKPANTHERS x MARYLAND  

http://t.co/1EOW1EdYDO

#shitreal #conformtoinform #protest"
810356328648437760,Damn bernard... #ShitReal ğŸ˜‚ğŸ˜‚ğŸ˜‚ https://t.co/CQXAbnqXsZ
571013367701381121,Bitches asking for my urine ğŸ˜©ğŸ˜‚ #shitreal
570075810092093440,@diesel_1lh You seen ya boy Harden drop Ricky Rubio off??! Then he hit the stepback on his ass! #ShitReal
801896087464251392,All me... #fuccyoniccacookinminebetter #happythanksgivng #ShitReal https://t.co/hsLEDQTUye
807994722908258304,I gotta piss like a pregnant bitch #shitreal
790652838976319488,Mane smh... #Shitreal https://t.co/Mi08Vsm3Ve
804427142683652096,"Man, we got dumped! #shitreal"
570886725876244480,ğŸ˜³&amp; I'm usually the cool one! #ummmhmmm #shitreal #trustme https://t.co/1TCAlGk7Lu
592037185412591616,In my hood u can buy a niggas loyalty #smh #shitreal
570893330076315648,Who knows? #shitreal ğŸ’¯#ummmhmmm #trustme #fuckinwittheflo ğŸ¤ https://t.co/41MKgBaFLT
571795390456053761,"Broad walking wit her man peeking in the V looking at me , then peeking at him to see if he saw her Peeking. #ShitReal"
814996678373609472,Tonight #EagleStreetEnt #TheMovementVA #ShitReal https://t.co/iHFhUic6Mz
592004963624161281,Enough wit the jokes time for some #Fefacts that real spit #ShitReal #MandatoryTalk #thankUâ€¦ https://t.co/Ew2kxY39TE
569692814977728513,Nowadays u gotta expect the unexpected. #ShitREAL
571312415004078081,Ladies ! She out here sucking dick in the tub ğŸ˜ğŸ˜ğŸ˜ğŸ˜²ğŸ˜±ğŸ˜£ğŸ˜… I need this after work ğŸ˜‚ğŸ˜‚ğŸ˜¢ #FiftyShades #ShitReal http://t.co/nEBrzwiKsw
790832235368878080,Don't Slip &amp; Get PeelğŸ˜®ğŸŒğŸš‘. #ShitReal
