782282196719702017,@HillaryClinton @ddlovato how does this compare to the blood on her hands and the decades of #ClintonScandels ?
791899039553970176,"3pmüç∫- 3amüç∫What difference does it 
 make at this point..
#BENGHAZ
#ClintonScandelsüìß
#FollowtheMoneyüí∞
#LockHerUp‚Ä¶ https://t.co/noOlnFAzao"
575501384944062467,"why would you set up a pct server, if you were not planning on using it illegally? you wouldn't,scam #99 #ClintonScandels #tcot #ccot"
788704314919387140,"Hope the medics are standing by

Hillary could collapse of 
COUGHING fits 
if she gets #factcheck d

#morningjoe‚Ä¶ https://t.co/SZFfOcJH1e"
784231619578040320,"Hillary Clinton Email Scandal Side Deals FBI &amp; Department of Justice Politicized |
#ClintonScandels #ClintonEmails  https://t.co/YMPOvJ9Btn"
782187359710416897,"KARMA:
Desperation in the Media Grows
as Hillary SINKS

#morningjoe 
#ClintonScandels 
#clintoncorruption
#ClintonCollapse 
#SaturdayMorning"
782257154426187776,FBI ordered to exonerate Hillary ‚Äòat all costs‚Äô https://t.co/pKVDPeDMqs via @ReadTheHornNews #ClintonScandels
788516240071331840,"the DNC didn't care who the hurt
@HillaryClinton is a DISGRASE
#NeverHillary #ClintonScandels
HILLARY  CLINTON IS T‚Ä¶ https://t.co/f5mc3UWtba"
782259809944936449,"And if you believe she is not the ""SUICIDE"" then I have a bridge for sale!!! #ClintonScandels #NeverHillary https://t.co/1HoI4R3A9c"
784208799380799488,I think I lost em a long time ago #ClintonScandels https://t.co/u7w3uJxVqm
784944827431522304,Why is a fraternity house type video from 2005 weightier than criminal activity by the former Secretary of state? #ClintonScandels
786703293548552192,"This article must be about Bill Clinton, correct?  #billclinton #clintonscandels #clintonscandals #TrumpPence16‚Ä¶ https://t.co/GtO3c3pl05"
782256063785697281,#AMJoy SUX Dont listen 2 these #IMorons Bash #Trump &amp; Condone #ClintonScandels #ClintonEmails #ClintonFoundation #Benghazi #BimboEruptors
783024553408671744,#ClintonScandels have always been and always will be https://t.co/2MbBdmhL7j
763193484861968384,"Was #SethRich murdered because he was the #DNCleak? Assange suggests it's possible!üò≥üò≥
#NeverHillary #ClintonScandels https://t.co/97ITLWhtGf"
784165159795322882,"@realDonaldTrump 
#FollowTheMoney 
#ClintonScandels  
Obama It is what it is
Must C https://t.co/4sbwVToJJJ"
783032189478772737,How #WikiLeaks documents impact @HillaryClinton #ClintonScandels #ClintonCash #PayToPlay #ClintonGate‚Ä¶ https://t.co/ekJqUYi25I
789220785521094657,"If Trump's not elected #ClintonScandels worsen:
Ex-NSA Worker Stole at Least 500 Million Pages of Records, U.S. Says https://t.co/wx3o5OmDZC"
783179771073048576,"#ClintonFoundation #ClintonScandels #NotWithHer #Haiti #Hillary 
""THESE #Deplorables THINK WE ARE HERE TO HELP!""‚Ä¶ https://t.co/UQRpMa3uN4"
784788308341592068,Nor should he. #NeverHillary #FollowTheEmails #ClintonScandels https://t.co/iCSp2hWxsA
783012001077350401,"And he should see jail time, but we all know how this will turn out. THEY ALL ABOVE OUR LAWS  #ClintonScandels‚Ä¶ https://t.co/ZUeCsxCuC6"
782260070587346944,"The REAL #HillaryClinton ""HILLARY ON DISABLED CHILDREN ""  
#VoteTrump #ClintonScandels 
https://t.co/gXbovQ87H9"
786704447972016128,https://t.co/jKfT9vssad Question- @HillaryClinton @DNCYouthCouncil @oreillyfactor  Is this called TREASON!?. #WakeupAmerica #ClintonScandels
783811945107447808,@Brennanator @SarahPalinUSA #FactCheck #ClintonFoundation These poor Haitian's need the money raised !!!! #clintonScandels
782277428047712257,"#HillarysJudgement 
#Benghazi 
#ClintonEmailScandal  
#PayToPlay 
#ClintonFoundation 
#ClintonScandels 
People are‚Ä¶ https://t.co/RJIcc2nwzX"
782247036452278272,"Yes, the American people deserve much better! Why the media doesn't cover more of her acts is disheartening.‚Ä¶ https://t.co/mcWYvdJJKT"
782186862400135168,"@RBLAcres 
Hillary Clinton gets the 3am call and takes immediate action

#ClintonScandels
#TRUMP  
#morningjoe https://t.co/GwbuyC9sg9"
782194695229276160,"HILLARY
time to show the voter
YOUR WEIGHT AND BP

#morningjoe 
#ClintonScandels 
#EarthquakeAdvisory‚Ä¶ https://t.co/8cxPV2LiuY"
783915419493097472,#empire really? This? She doesn't like women or black people. Oh unless it's election time. #BeSmarter‚Ä¶ https://t.co/Hb6YChIt8K
782195007591686144,"HILLARY
time to show the voters
YOUR WEIGHT AND BP

#morningjoe 
#ClintonScandels 
#EarthquakeAdvisory‚Ä¶ https://t.co/BQJjlzue1A"
782253381297446912,#BreakingNews Who are the #Arkansas15 ????  #raped #sexuallyabused #ClintonScandels Take a look #Womensvoices16‚Ä¶ https://t.co/3WREVsInQW
782191272610164736,"KARMA:

Media Desperation Grows
as Hillary SINKS

#morningjoe 
#ClintonScandels 
#EarthquakeAdvisory 
#ClintonCollapse 
#SaturdayMorning"
782211551596015616,"IF Hillary had anything to offer she wouldn't need the media to lie and cheat for her. 

#morningjoe‚Ä¶ https://t.co/Buw5sRAdAL"
788361399521116160,"ChristiChat: RT TIMENOUT: Sheriff Clarke:
It Is Pitchforks and Torches Time in America! 

#ClintonScandels

#Women‚Ä¶ https://t.co/TMgmo23fs2"
782425833801515008,"#LastTimeTrumpPaidTaxes It Was Such A Big Check Congress Had A #TrumpGasm 
&amp; Wasted It All #BasementDwellers #Deplorables #ClintonScandels"
784311262066860033,Seriously! Remember that rumor? Special Agents of 'Integrity' were going to resign en masse over the #ClintonScandels @FBI...ahah...ahah...
782256559195815941,@CBSNews the shrew has failed the litmus test for potus at least a dozen times #hillaryfaints #SickHillary  #hillaryseisure #ClintonScandels
783181736163311616,"""Oh how dare Trump try and pay less taxes""....Says the woman who donated over  $1,000,000 to herself!! #MAGA‚Ä¶ https://t.co/WFommaFQPd"
786773188378259456,"#ClintonScandels  Hillary would put the nation's secrets &amp; nuclear codes on her Blackberry, iPad and laptop. And they'll get hacked. Scary!"
784216140134449153,I post on MANY #trump groups on FB +  https://t.co/wtaptJDwwJ + Twitter. there R so MANY #ClintonScandels I can barely keep up.
782206215233400837,"KARMA:

Media Desperation Grows
as Hillary SINKS

#morningjoe 
#ClintonScandels 
#EarthquakeAdvisory‚Ä¶ https://t.co/UEmOUDf6bF"
782246286703538177,Sociopath= #CrookedHillary  Conspiracy Theory is always behind the #ClintonScandels https://t.co/XmL46dIKja
782247124717084672,Make #ClintonScandels trend https://t.co/M7C4S0GokH
788357989115785216,"Sheriff Clarke:
It Is Pitchforks and Torches Time in America! 

#ClintonScandels

#WomenForTrump

#FBICorruption

https://t.co/GJWWoaGrkh"
783175292990828544,"#ClintonFoundation #ClintonScandels #Haiti #NotWithHer 
#Bill &amp; #Hillary another chance to profit for devastation!‚Ä¶ https://t.co/bx9nLm97NF"
783273993344352256,"#OctoberSurprise #ClintonScandels  doesn't want us to think about #Aleppo #Benghazi , jobs, trade, education, secur‚Ä¶ https://t.co/2SsiagtLsF"
788048811864182784,Just another pc to the #ClintonScandels   #NeverHillary https://t.co/KFSk79ITFx
782246468300181504,"It's Alive: FBI files #HillaryClinton server was created in K Street lab |  
Unsecured Room Access #ClintonScandels 
https://t.co/bFCgYjcI36"
782666558757801984,I love this lady and her truth and bravery!!!! She is always so on fact!!!! #ClintonScandels #NeverHillary https://t.co/Qj5sCL2M3o
784886696009666560,It's so hard to cover all of #ClintonScandels is a single tweet. When will a special prosecutor be appointed? https://t.co/7RENcF0qyO
782250067855937536,"This is why they ""Obama/Clinton"" must go!!  #NeverHillary #FollowTheMoney #ClintonScandels https://t.co/u1kq8bvSLb"
782263054494871553,"This crazy #PYHCO will get us all killed
#ClintonScandels #WarHawk #The5th #CoverUp https://t.co/Np1938RGCO"
782266008929120256,@ScottyDuPont @CaptainDINDU its way more than just 20 dead buddy. Try 200. #ClintonScandels #ClintonBodyBags #CNN https://t.co/sOJHCzpls5
782558287401279488,@nytimes drops word play story to start #LastTimeTrumpPaidTaxes so the #MSM &amp; #Clinton can make We The People forget about #CLINTONScandels
782194273752084480,"KARMA:

Media Desperation Grows
as Hillary SINKS

#morningjoe 
#ClintonScandels 
#EarthquakeAdvisory‚Ä¶ https://t.co/bwhOVSDoOa"
791774464371490817,"üî•Hillaryüî•
#HatesEveryday #AmericanPeople
#ClintonScandels
#FollowtheMoney
#PosestaEmails
#LockHerUp 
#DrainTheSwamp‚Ä¶ https://t.co/ZrHTqNSSfw"
782276952296042496,"She so free with the insults you would think she didn't need votes, interesting isn't it!! #RiggedElection‚Ä¶ https://t.co/I52qmuXFaB"
783182135498674176,"FOUND IT!  The Haitians don't NEED it right?
@HillaryClinton  how do u sleep at night?
#Haiti #Clintonscandels‚Ä¶ https://t.co/MneFSycPJG"
782269077662277632,"She would run the country BEHIND CLOSED DOORS.

Unless you have Cash for Clinton, u r out!

#StopTPP‚Ä¶ https://t.co/jZOcCuDab8"
782250614587813888,If this doesn't change your mind I don't know what does. https://t.co/SPB1oARAXF #ClintonScandels
786706004364894208,"A Marriage of Convenience.  #HillaryClinton #ClintonScandels #Clintonesque #ClintonCampaignBS 
https://t.co/enTTkUK8Yf"
783176227741925376,"Is there any woman, besides #HillaryClinton, in which Bill wouldn't say, ""Yeah, I'd tap that."" #ClintonScandels #TrumpTrain"
785321517177503744,"@realDonaldTrump @POTUS 
#Debates2016 
#Debate 
#FollowTheMoney 
#ClintonScandels  
Obama It is what it is
Must C https://t.co/4sbwVToJJJ"
782269142627786752,Exactly.. And remember @billclinton was the first Black President after-all? :-/ #RacistHillary #ClintonScandels‚Ä¶ https://t.co/YYAQDPv1N9
782243362405486592,@realDonaldTrump please please please expose just how corrupt the #ClintonScandels are
782200425210646528,"HILLARY
RELEASE YOUR WEIGHT AND BP
Voters have a right to know

#morningjoe 
#ClintonScandels 
#EarthquakeAdvisory‚Ä¶ https://t.co/javjb1OA3D"
785336314002538496,"@HillaryClinton yes #debate 
REMEMBER
#FollowTheMoney 
#ClintonScandels  
Obama It is what it is
Must C https://t.co/4sbwVToJJJ"
790181898609975296,'The Dangers of Hillary Clinton' include she will set up a private email system to keep WH  actions secret. #ClintonScandels  #MoreSellouts
782188280804704256,"Chelsea Webb-Clinton‚Äôs husband international financier Marc Mezvinsky, lost $25million of other peoples money

#ClintonScandels 
#morningjoe"
782659182579167232,"He tried leaving this subject alone, but she deserves everything he throws at her!! #NeverHillary #ClintonScandels‚Ä¶ https://t.co/kthcwLoMNC"
783228116336570368,"#Terrorist goes after ""soft targets"".... the #hildabeast is nothing more then a terrorist #assange #wikileaks‚Ä¶ https://t.co/HCp9sIxbcN"
783104858245193729,"#NationalBoyfriendDay
Who's Your Daddy..I Hope he was drunk that night
Hillary's Hunk-Webb Hubbell
#ClintonScandels https://t.co/2Nrnk3CJnU"
782208210329632768,"HILLARY
RELEASE YOUR WEIGHT AND BP
Voters have a right to know

#morningjoe 
#ClintonScandels 

#SaturdayMorning https://t.co/ev6rZI6Ray"
782269956960518144,Why do I Trust Trump? He will protect our Country. #crookedhillary has ALREADY proven SHE CAN'T #Trump2016 #MAGA #Benghazi #ClintonScandels
784817272183361536,We are called every name by them but Americans. Well we have names for them too we just too American to use them‚Ä¶ https://t.co/DnedhsDFvu
783016592703619073,"Hope the medics are standing by

Hillary could collapse of 
COUGHING fits 
if she gets #factcheck d

#morningjoe‚Ä¶ https://t.co/9obAAAKr0T"
782266643921514496,@iDis0rder @CJ_sports_twit @mcdonald20 @emmajim1 &gt; quote from hillary's new best friend #ClintonScandels üëá https://t.co/yF8G6zWCut
782250405283688449,"@DrJarryd KARMA:

Media Desperation Grows
as Hillary SINKS

#morningjoe 
#ClintonScandels 
#ClintonCollapse 
https://t.co/IDoeLSFA3f"
791295251163918338,"Just more proof she has nothing but bad experience!!!!

#DrainTheSwamp
#VoteTrump 
#voterfraud 
#podestaemails‚Ä¶ https://t.co/lFc2MkhcR3"
788918252365905920,"Hope the medics are standing by

Hillary could collapse of 
COUGHING fits 
if she gets #factcheck d

#morningjoe
#Debates 
#ClintonScandels"
782250093441351680,"Everyone does SAY
HER CHANCES are OVER

#ClintonEmails #clinton collapse 
#morningjoe #ClintonCorruption‚Ä¶ https://t.co/P8RJ66Mf8D"
782189914100207617,"Hillary Turns Police Shootings Into Pandering Project
Trump‚Äôs Response Shows Her Up

#morningjoe 
#ClintonScandels 
#clintoncorruption"
782187519249113092,"KARMA:
Desperation in the Media Grows
as Hillary SINKS

#morningjoe 
#ClintonScandels 
#clintoncorruption‚Ä¶ https://t.co/c0YhVC7L54"
786900871321939969,"While we talk about old sexual conduct #TrumpTapes  , real things are happening #CrookedMedia #ClintonScandels    
https://t.co/1DubcCaZhf"
786704188801703940,Why are the Clintons and the FBI above the law? #corruption #neverhillary #clintonscandels #clintonscandals‚Ä¶ https://t.co/BxmOGEVhz9
782196627155091456,"Hillary's record
30 years of failure
She Can't get the job done

She will never change

#ClintonScandels #TrumpTrain https://t.co/XZm7jGe4pL"
782193093424668672,"KARMA:

Media Desperation Grows
as Hillary SINKS

#satchat 
#ClintonScandels 
#EarthquakeAdvisory 

#SaturdayMorning https://t.co/GP14mtjZHF"
782256888607977472,@weeklystandard seems..a little backwards...https://t.co/754eC3ivWy #Clinton #ClintonEmails #ClintonFoundation #ClintonScandels
783023530099126272,"Another @BillClinton skeleton in his closet of horrors. #TrumpTrain #ClintonScandels
#Basketofdeplorables https://t.co/6W9wSx6eaP"
786703557403746304,"Hillary is not above the law, nor is any other Clinton! #corrupthillary #clintonscandels #clintonscandals‚Ä¶ https://t.co/7e6KxVqMQH"
787292144960737281,"Hope the medics are standing by

Hillary could collapse of 
COUGHING fits 
if she gets #factcheck d

#morningjoe‚Ä¶ https://t.co/8TlDpbtDUs"
782498642188009472,#Clintoncages #Clintonscandels #BasemenDwellers #BasketOfDeplorables #BernieSanders  -H is trying 2 divide &amp; conque‚Ä¶ https://t.co/VP0ShPIa33
786702427613433856,"If all this #wikileaks stuff proves to be true, @realDonaldTrump could just go home and watch football. #ClintonScandels #ScaryStuff"
783001963873103872,@HFA @HillaryClinton Creating Jobs and Taxpayers! #ClintonScandels https://t.co/2IRvSImf5D
782267939567185920,@Scrambu11 @LaymanGeorge @SamSparta8  #Hillary is every Scary &amp; Dangerous thing imaginable! #LockHerUp #ClintonScandels #TrumpPence16 #MAGA
782191709857935360,"KARMA:

Media Desperation Grows
as Hillary SINKS

#morningjoe 
#ClintonScandels 
#EarthquakeAdvisory‚Ä¶ https://t.co/2WPWfxGIhH"
783060633222774785,@FoxNews @HillaryClinton @WellsFargo Not as long as they feed the Clinton coffers! @realDonaldTrump @KellyannePolls #ClintonScandels
784237775591772160,Bill #clinton trying to shakedown #americans for #HurricanMatthew destruction in #HaitiMatthew .  Stay away from‚Ä¶ https://t.co/CLiDAAhJtj
784416314802606080,#FollowTheMoney is always where you will find the #ClintonScandels https://t.co/tXgM9OmKEb
784153476091772928,"@NeilTurner_ can u get this out 

#FollowTheMoney 
#ClintonScandels  
Obama It is what it is
Must C https://t.co/4sbwVToJJJ"
826632694616428545,@BreitbartNews Oh they threw him right under the bus! #ClintonScandels
782073314005114880,Dead People Voting? The fox is watching the hen house. #NeverHillary #Deadcantvote #ClintonScandels #TrumpTrain‚Ä¶ https://t.co/KpX8nWuSKP
782029628462370817,"@HillaryClinton did you really charge children $2,700 apiece to ask you a question? You're #Wicked #ClintonScandels https://t.co/rpzEpBNmwb"
782073990781120513,If #Trump deleted ONE #Clinton &amp; her cronies would pay millions to run an AD. #ClintonsDesperate‚Ä¶ https://t.co/HZPbkaGkhA
709909985715597312,@FoxNews @HillaryClinton Does she mean there is someone more embarrassing than her? #IranDeal #benghazifour #PrivateServer #ClintonScandels
782054287207723008,Hilary Clinton's eyes....freaky freaky! https://t.co/3auzdqBURH #Clinton #HilaryClinton #ClintonScandels
797276942852616192,"Democratic Party thugs are rioting in NY, CA, Illinois &amp; Oregon all of which backed #ClintonScandels.  How dumb. Typical."
782057574279544832,Hillary is rude and has no respect for anyone  #LoveTrumpsHateBecause #DemExit #NeverHillary #ImWithHer‚Ä¶ https://t.co/giXksaSnpD
782008874328961024,@TeresaRomary @christian Would you be at all surprised? Really? #ClintonScandels keep mounting everyday. A walking Globe Magazine.
782055891101155328,Holy hell.... Does not surprise me. #ClintonScandels #RiggedOhio https://t.co/mzPSxTYptW
782021872678375426,"Ditto! The place had to be deloused, silverware (#Hillary swiped) replaced. W's put back on keyboards- etc.‚Ä¶ https://t.co/QO0lT9XpZp"
601915396803801088,@DrottM @mygpchurch @SallyButler20 @greta @VRWCTexan @BobbyJindal @seanhannity yes it is! #HillaryEmail #ClintonScandels
782007750037532672,@CNN  Nobody cares about #ClintonScandels #ClintonLies #keepingitreal
782017493728530433,"@HillaryClinton gets pd $250K by corporations 4 speeches but can't fill a FREE rally? What the heck did she tell THEM?

#ClintonScandels"
782176407820447744,Bad judgments. #ClintonScandels #MAGA https://t.co/teziCLpd3f
782148557247647744,"#HillaryClinton is a #Chinese Agent! #Trump2016 #TrumpWon #ClintonScandels #HillarysBodyDouble #HillarysHealth
https://t.co/voxjKUwePl"
782151876909367296,"South Carolina should honor @TGowdySC
I sure do.He's straight up exposing
 #HillaryLies
 #ClintonScandels‚Ä¶ https://t.co/qCAewDfDsr"
782179745647779841,"Hillary Clinton gets the 3am call and takes immediate action

#ClintonScandels
#TRUMP  
#morningjoe https://t.co/GwbuyC9sg9"
793985725050081280,"FBI releases #BillClinton  closed case files days before vote https://t.co/GyBwYL8dcv via
#ClintonScandels
#Hillary
#BillClintonIsARapist"
782025744838823936,"@KamVTV Can you imagine if this were Trump instead of Hillary, it'd be over for him! #ClintonScandels @kachninja @advocatingasd"
782027226204123137,"Porn Star Campaigns For #HillaryClinton - #Hillary is a disgusting bitch. #Trump2016 #TrumpPence16 #ClintonScandels 
https://t.co/UYGnVS5Fpy"
782021676024205313,.@DarkStream @TruthFeedNews  Comey must have been promised a boatload of money to sacrifice his integrity for another #ClintonScandels
782112877498998784,I just woke up for a quick 3AM Tweet that #CrookedHillary has 1 #ClintonScandels after next. @realDonaldTrump  #MAGA https://t.co/wk596zIhxq
782087268764749824,"Who wants to join my new rap band Deplorables-w-Attitude?
F*daMedia, F* F* daMedia; F*daCoverUps, F* F*daCoverUps; 
#ClintonScandels yall"
782178871693209600,"@realDonaldTrump

HillaryClinton gets the 3am call and takes immediate action

#ClintonScandels
#TRUMP  
#morningjoe https://t.co/GwbuyC9sg9"
782117125016031232,"Jim Jordan So Done With The @FBI's Incompetence in #HillaryClinton Investigation! #HillaryTrial  #ClintonScandels 
https://t.co/eouFqf4Zg1"
782030712765427712,#ClintonScandels @HillaryClinton #Hillary4prison I wonder how many he dicks now? https://t.co/X6gxN9eOcb
739182022128635905,"Clinton Corruption Continues  https://t.co/UrsI1yrIr3
#trump
#maga
#TrumpTrain
#clintonscandels"
782027704925167616,@SFStraightTalk D/n trust #Obama #Clinton  R #DCMafia &amp; terrorists of Americans Lib media killsALL #ClintonScandels‚Ä¶ https://t.co/IwRDA0SW0v
848883861811494912,"@realDonaldTrump @FoxNews @FBI No Worries Sir! üá∫üá∏

#InTrumpWeTrustüá∫üá∏

#FakeNewsMedia‚ò† Are Busy Trying to Cover-Up‚Ä¶ https://t.co/zDsXiBLBfD"
782141250010910720,"New UPI Poll: #Trump Now Leads in Electoral college! #Trump2016 #TrumpTrain #ClintonScandels #HillarysBodyDouble 
https://t.co/GiJlDep2NY"
782082475962998784,Just like your contempt for Bill's women? Is he still #dickingbimbos? You're such a hypocrite. #ClintonScandels https://t.co/pn7KkNfbLq
782179371167735809,"Hope the medics are standing by

Hillary could collapse of 
COUGHING fits 
if she gets #factcheck d

#morningjoe‚Ä¶ https://t.co/aYobln3RBi"
782055343429787648,#FollowTheMoney from #ClintonScandels to #ClintonCriminalFoundation to #CrookedDOJ https://t.co/XEFpBTQxbn
782154089933119488,"Coming To #America: Queen #HillaryClinton's #RefugeeCrisis! #Trump2016 #ClintonScandels #MuslimBan #DNCLeaks
https://t.co/kHDKxRUPyQ"
655892804011319296,I can only imagine what she knows. @billclinton #ClintonScandels and now @HillaryClinton #EmailGate #BengaziGate  https://t.co/ZDxsKocNt0
782028333085106176,#ClintonScandels are EVERYWHERE!! https://t.co/mJzDiYcwNi
794969591696990209,@NBCNews because #ClintonScandels #PodestaEmails #PAYTOPLAY #SpiritCooking #ClintonSexRing #clintonemails #MAGA
782118644494970881,#CrookedHillary always will be crooked. #HillaryHealth #ClintonCollapse #ClintonScandels #clintoncash #FBIFriday‚Ä¶ https://t.co/OHmcIdDWgF
782053774265200642,"#Hannity
She should, but might as well not. No one would believe her anyway.
#ClintonLies 
#ClintonScandels‚Ä¶ https://t.co/fjC2414XVK"
782162813548568577,"EXPERT: The #Clinton's Are so Criminal; They Make The Mafia Blush! #Trump2016 #TrumpTrain #ClintonScandels #DNCLeaks
https://t.co/WxrBF3RH3f"
807206893848580096,@gbuchanok But you were okay with a criminal like Clinton? #PAYTOPLAY #Benghazi #ClintonScandels https://t.co/t8MvgDv7Gv
782016230647410689,This is another example of the #RotFromWithin #Trump #ClintonScandels https://t.co/uAll7FCIkY
782086095777492996,"#LoveTrumpsHateBecause 
#FollowTheMoney 
#ClintonScandels  
Obama It is what it is
Must C https://t.co/4sbwVToJJJ"
734065335058337792,"@FoxNews @HillaryClinton @billclinton #millennials 
How much have the #ClintonScandels cost taxpayers? Anybody? @realDonaldTrump"
782026321207566336,.@UN_News_Centre @UN suggested foreigners overseas vote against #Trump. @FBI MORE #VoterFraud! #Trump2016‚Ä¶ https://t.co/iKyXpqjbLu
782057319085535232,"@HillaryClinton: Sanders fans are young black millennials- basement-dwellers
#Debates2016 #HillaryWon‚Ä¶ https://t.co/zwh04TwOiA"
782013260828708865,But Hillary's misogyny is completely acceptable #NeverHillary #LoveTrumpsHate #DemExit #ClintonScandels https://t.co/xCs9Yb2IH0
782117958440984576,deplorable #HillaryHealth #ClintonCollapse #ClintonScandels #clintoncash #FBIFriday https://t.co/wzyJJSJ6jf
782178065443090432,"@realDonaldTrump #HillaryClinton gets the 3am call and takes immediate action

#ClintonScandels
#TRUMP  
#morningjoe https://t.co/GwbuyC9sg9"
794942589472505856,#clintonscandels are bad for #America #lies #CORRUPTION
782067570841124864,"Hillary Clinton's Poster Child
ROLE MODEL For Our Daughters‚ÄºÔ∏è

#ClintonScandels 
#TrumpsArmy 
https://t.co/G8g7J6J5zw via YouTube"
782070839013363712,"#GoVote having all the facts #CrookedHillary üîπ#1uVote #VoteEarly üî∫#RegisterToVote 
üö´ The #ClintonCorruption to many‚Ä¶ https://t.co/Ostz7dtegL"
782033942400598020,"Thank GOD we have @FoxNews America If not, we wouldn't know abt #hillaryemails #ClintonScandels #CorruptComey #HillarysHealth #CorruptMedia"
601200135784275968,"Robert Zimmerman equated people that believe Elvis is alive to people who believe that #clintonscandels are real! 
WTF? 
, #KellyFile"
782174304536408064,"#Blacklivesmatter  #HillaryClinton #BillClinton #ClintonScandels u hurt ur child, n beautiful grandchildren @AC360‚Ä¶ https://t.co/7CVGr2L7pO"
782029800965758978,"#LoveTrumpsHateBecause ?
...It's a democrat spin phrase for #ClintonScandels  https://t.co/StKft1kLw0"
782100383476744192,"The #ClintonScandels are a #neverending #stream! Let us #educate those who are too #young to #remember...
 https://t.co/23jYI7BT8S"
782054708487725056,The list goes on and on...#ClintonScandels #ClintonEmails #ClintonFoundation https://t.co/RBFwVFOLXi
782012581066182656,"KARMA:
Desperation in the Media Grows

#morningjoe 
#ClintonScandels 
#clintoncorruption https://t.co/uwA4cE8o8u"
782099276117663750,This is a must watch. FBI decided long time ago not to prosecute #ClintonScandels . Vote @realDonaldTrump  &amp; stop c‚Ä¶ https://t.co/LxS1JeFiDj
782030143573282818,"#LoveTrumpsHateBecause
#ClintonScandels will say anything to get elected and #ImWithHer ppl believe anything https://t.co/naugAq6rb9"
782011721258897408,#DonaldTrump can win. Here are seven ways it's possible. #Trump2016 #TrumpPence16 #HillaryHealth #ClintonScandels‚Ä¶ https://t.co/LfGptKncJo
782096048072249345,"Democratic Party is more racist than the Republican Party 
Malcolm X - Look it up #lovetrumpshatebecause #altrightstarwars #ClintonScandels"
782009200134283264,#ClintonScandels started a very long time ago and have continued unabated. @HillaryClinton has not changed her spot‚Ä¶ https://t.co/zvoVqXiBGP
782073423459672064,Exactly! #LoveTrumpsHate #ClintonScandels #RiggedElection #TrumpsArmy https://t.co/UUwTuTeucz
782083550031908864,"#HillaryClinton Caught Cheating in #Kentucky Primary ‚Äì 4000 Voters Scratched‚Ä¶ 
Will these #ClintonScandels be norm?
https://t.co/PKrzyWkcEd"
782009026762670080,Men earn 38% more than women at the CF #LoveTrumpsHateBecause #NeverHillary #demexit #ClintonScandels https://t.co/4FDcieYl4g
782012250236137472,@FredZeppelin12 @MrEdTrain I knew he got paid off. That's what they do. Wave a bag of silver.. $$$$$ #followthemoney #ClintonScandels
782102717267218432,"Democrat's have always used the black man. Just ask Malcom X -33 min. #altRightStarWars #ClintonScandels #Fhilary

https://t.co/K1i6gyoQ8o"
782108213567033344,#LovesTrumpHateBecause Just look at the astounding 2.9% that was actually donated #ClintonFoundation‚Ä¶ https://t.co/ceL8fkQEQl
782012270679252993,"""The Clinton‚Äôs embody a culture of corruption,‚Äù Tripp said.
#CorruptHillary #ClintonScandels https://t.co/DCzsOfzWa3"
782017257866014724,Keep this going #ClintonScandels #ClintonFoundation #ClintonEmails #CrookedHillary @cnnbrk https://t.co/F0a4Ou9GQg
782015467258941445,"@realkingrobbo @tvogvo Robbo, you forgot a link! You're talking about Larry Nichols. Good Doc to watch! He lays it out. #ClintonScandels"
782068065177636864,Watch this YouTube video about #CorruptMedia #CorruptComey @chuckschumer #MSM  #CrookedHillary #ClintonScandels #CNN https://t.co/HbLlKJC0QO
782016537188184064,@ABCLiz  More anti-clinton protesters here then an entire support crowd #Hillary can draw to any of her events! #ClintonScandels
782116678566080512,"Me too, I wanted to get up at 3:00 AM to show support, Everyone, attack at 3am 2moro #CorruptMedia #ClintonScandels https://t.co/okF8voXK8r"
782011182668316673,Not surprising at all! #ClintonEmails #ClintonScandels #ObamasPseudonym #fbifriday #Comey #HillarysEmails‚Ä¶ https://t.co/e0ZGckPKZC
782012973342683136,"IF you defend Clinton's sexual abuse of women and actively attack victims 
Here's your sign
 
#ClintonScandels
 https://t.co/oOuvuywpiC"
782179198404272128,"Hope the medics are standing by

Hillary could collapse of 
COUGHING fits 
if she gets #factcheck d

#morningjoe
#Debates 
#ClintonScandels"
782148840187199488,@HillaryClinton would kill the cruise missile because she sold our most of our country's plutonium.‚Ä¶ https://t.co/BnbLsFVWhK
782033254136229888,"Oh Lordy...this just can't happen! 
#NeverHillary #ClintonScandels #ClintonEmails https://t.co/dQRMxeOK21"
782021461309399040,".@PolitiFact Fails to Whitewash #HillaryClinton Uranium Scandal - #Trump2016 #HillarysBodyDouble #ClintonScandels 
https://t.co/TEByEJBZb1"
782081386626678784,#lovetrumpshatebecause Hate from Liberals means your are finally thinking for yourself and not afraid to voice it. #ClintonScandels #FHilary
782155608505974784,"#Drudge Warns Of #HillaryClinton Using @NSAGov To Control #Americans! That's not fucking happening! #ClintonScandels
https://t.co/FQA9xdULtk"
782029745126903809,"Americans don't care! #Trump will work 4 all Americans not just #Elite donors
#Benghazi 
#ClintonScandels‚Ä¶ https://t.co/gRneE1MLJX"
782174018631639044,@WhiskeyNWry1 @PapaESoCo @jamezdhawaii Delusional Neanderthal....#FollowTheMoney #ClintonScandels
782073654842535936,This is for all the #Millennials who don't know the stories about the #ClintonScandels #NeverHillary Please #Share https://t.co/xLKpSSxupH
782070586994405377,Hillary Clinton: A TOP TEN Breakdown #HillaryClinton #ClintonScandels #ClintonFoundation  https://t.co/FB7ej9u0fb
