747833609659129856,Florentino and Ernestine with big twins gives a perfect blowjob: #Ernestine #Florentino #twins #gives #with #perfect https://t.co/iqPy9kVp1y
746691819233116160,Ernestine and Katelyn looking sexy and getting ready to fuck selfie: #Katelyn #Ernestine #getting #looking #s... https://t.co/ZVVe8M9xA1
748663389270872064,Ernestine and Aimee showing boobies and jerking dick good on periscope: #Aimee #Ernestine #jerking #showing #... https://t.co/HoSP1Dx2uh
748517330821349376,Ernestine and Erica Campbell brunette fucks and wears his cum on snapchat: #Erica #Campbell #Ernestine #wears... https://t.co/hZMPy6qEZc
747660804036648966,Celia and Ernestine hot enjoys some threeway lesbian action on skype: #Ernestine #Celia #threeway #lesbian #e... https://t.co/ocldy1WwBy
745279260009496576,Tracie and Ernestine gets fucked in her black stockings on twitter: #Ernestine #Tracie #gets #fucked #stockin... https://t.co/bV6Gu8A6n5
746034634803249152,#Ernestine Valladares Thanks for following. https://t.co/AJVr1aNx3h
746895054141169665,Ernestine and Lynda sex starved cougar shoves a big dildo in her cunt with Jamaal: #Lynda #Ernestine #shoves ... https://t.co/LZzZVbAd53
747714281962090496,Elba and Ernestine babe taking her fist inside her pink hole on whatsapp: #Ernestine #babe #Elba #fist #insid... https://t.co/FpnZ5esZtx
746232444462850049,Ernestine and Erica Campbell milking that dick into her mouth on periscope: #Erica #Campbell #Ernestine #that... https://t.co/jAg2JF66Xu
745321026469371904,"#PHOTOS - In 2010, #Ernestine entered the #Guinness World Records Book as oldest #bodybuilder https://t.co/Oj82oKWsfJ"
746948741756686336,Celia and Ernestine enjoying toying some lush wet pussy on skype: #Ernestine #Celia #some #lush #enjoying #to... https://t.co/TdmkH3qbDA
644689134615793665,Planned Parenthood accuses #Fiorina of lying during debate http://t.co/vvZULKChxv #ernestine
748366802862899200,Ernestine playing with her pussy in bed: #playing #with #Ernestine #bed #pussy https://t.co/pHHUIpa406
746874731433844736,Ernestine and John lovely lady trying bondage in the water on kik: #John #lovely #Ernestine #bondage #lady #t... https://t.co/KNIn5ROKn1
644689683654422529,#carlyfiorina is #Ernestine the phone operator: https://t.co/m1goN8TSMs
745347422226780160,Ruthie and Ernestine gets her big ass bouncing in bed and Raphael: #Ernestine #Ruthie #gets #bouncing https://t.co/Vk8iWkxK2m
748415987381243905,Elvia and Ernestine hot getting it on with another sexy babe on skype: #Ernestine #Elvia #with #getting #sexy... https://t.co/yvCjVOb0hg
746783148558553089,Ernestine and Katelyn strips off schoolgirl uniform and gets fucked with Jeremiah: #Katelyn #Ernestine #schoo... https://t.co/sYG3OzahBP
659408886839902208,Awwwww! #Ernestine! One ringy-dingy...snorkle*
747377962572353536,Julianne and Ernestine shoves her huge dildo in her tight twat on periscope: #Ernestine #Julianne #huge #dild... https://t.co/RwRwK7vp3w
746807133950246913,Elba and Ernestine hot rios enjoys getting down and sucking cock on webcam: #Ernestine #Elba #getting #down #... https://t.co/TKeiqUuFR1
794010544760090624,Lily Tomlin looks great at 77 #CMAawards50 #EdithAnn #Ernestine #OneRingyDingy
746667281359331330,Ernestine and Tommie gets naked after a hard workout: #Tommie #Ernestine #after #gets #naked #workout #hard https://t.co/eUM54KZ210
658750267521798145,#JAZZ #Ernestine #Anderson - Never Make Your Move Too Soon https://t.co/7knBpi4ITz
747865483513192448,Ernestine and John sits on a toy and rides a it deep in her on twitter: #John #Ernestine #sits #rides https://t.co/RsAZQC8qIf
657275670678994944,Tracee Ellis Ross @traceeellisross: Just found this! My Mama and my grand Mama! #Ernestine‚Ä¶ https://t.co/pzjqRoadgx https://t.co/QRUbKe6kL3
748667021483642881,Ernestine and Bernice chesty brunette taking a large cock with Darell: #Bernice #chesty #Ernestine #large #br... https://t.co/ueNLeBoEQY
747416450411814913,Julianne and Ernestine gets her pussy licked and dicked on whatsapp: #Ernestine #Julianne #pussy #licked #get... https://t.co/9FHRUdixTT
745241210445406208,#Ernestine Another shining example of black don't crack https://t.co/kDMotymS1g
747579389731209217,Ernestine and Aimee blond gives a great handjob to a hard dick on twitter: #Aimee #blond #Ernestine #great #h... https://t.co/nPfQ57ZqCq
745780997929598976,Celia and Ernestine has big boobs groped as she fucks selfie: #Ernestine #Celia #boobs #groped https://t.co/vC8Swyk3ei
748113602519826433,Ernestine and Tommie is gushing juice while being banged on tinder: #Tommie #Ernestine #juice #while #gushing... https://t.co/QAlq4CNhxp
747789767681597441,Erna and Ernestine busty emma reveals her tits while masturbating selfie: #Ernestine #busty #Erna #tits #emma... https://t.co/QdcR3WedEH
745822027345362944,Elvia and Ernestine spreads her legs and gets her pussy fucked on twitter: #Ernestine #Elvia #legs #spreads #gets https://t.co/urBcGTKKty
659408791176253441,"Awwwww!  #Ernestine!
One ringy-dingy...snorkle* https://t.co/jjNTHoQuJS"
746251735631429632,Natalia Starr and Ernestine booty lady takes some solid pounding with Kirk: #Ernestine #Natalia #Starr #takes... https://t.co/qmas8gymmz
748643623315472385,Ernestine and John saucy babe likes banging the delivery guy on periscope: #John #saucy #Ernestine #banging #... https://t.co/hwOBZZX0KT
745282466026393600,Elba and Ernestine hot slut getting pissed on in a threesome on periscope: #Ernestine #Elba #pissed #slut #getting https://t.co/XlhhQqahu1
746986599607476224,Julia and Ernestine hot rides a big cock in her pink pussy on periscope: #Ernestine #Julia #cock #rides https://t.co/s5GkwvDHU3
647418806684418048,"#Ernestine salerno #italy #mid-century modern pottery chess piece dish nice, LINK:
http://t.co/V9VKIUXbyZ http://t.co/beXFye3IbN"
745601012656836608,Ernestine and John mature granny likes fingering her pink so deep on twitter: #John #mature #Ernestine #finge... https://t.co/bWR5qRXzeo
746326509548249088,Ernestine loves the way the rocker fucks her on snapchat: #loves #Ernestine #rocker #fucks #her https://t.co/y8mlzpRICH
746756626418278400,Ernestine and Lilian sucks and fucks a huge black cock on reddit: #Lilian #Ernestine #fucks #sucks #black #huge https://t.co/pcVfjS1tWO
649771819017203712,I ‚ù§Ô∏è bath !!! #spapourchien #ernestine #frenchbulldog #dog #calins http://t.co/WnmbYm8FUr http://t.co/uGjjoog8Mk
746316026531319808,Ernestine and Bernice gets fucked and fingers her ass so hard on tinder: #Bernice #Ernestine #fingers #gets #fucked https://t.co/ILyiacC3Bn
745387151731240960,Lynn and Ernestine having some lesbian fucking action on a bed on snapchat: #Ernestine #Lynn #lesbian #fuckin... https://t.co/QgKSwvn1A3
747706943251308548,Ernestine and Casey Calvert and her girlfriend play with cunts on reddit: #Casey #Calvert #Ernestine #girlfri... https://t.co/wQ097Y4Xua
746913769142394880,Liza and Ernestine rios loves to be naked and have you watch her: #Ernestine #Liza #rios #loves #naked https://t.co/2IWz9F8XgX
748516936128954368,Ernestine and John is laying on a sofa getting banged hard on skype: #John #Ernestine #laying #getting #sofa https://t.co/IxKxJUXDhJ
748193979951259649,Ernestine and Lilian gets pounded in threesome with tasha reign on facebook: #Lilian #Ernestine #threesome #g... https://t.co/PuWIp77GZx
745548127189381120,Ernestine and Eula bends over and fingers while sucking cock on whatsapp: #Eula #Ernestine #fingers #bends #o... https://t.co/jSpFmrDBuN
746711043414458368,Minnie and Ernestine exposes her shaved pussy and round ass on reddit: #Ernestine #Minnie #shaved #pussy #exp... https://t.co/W3K5JC6UlR
747279683125817345,Ernestine and Tommie shows off her tits and fingers love box on whatsapp: #Tommie #Ernestine #tits #shows #fingers https://t.co/AWu368loAg
747720664581279744,Ruthie and Ernestine in a sexy red bikini at the beach on periscope: #Ernestine #Ruthie #sexy #bikini https://t.co/tfwWDSPdVe
655070050655703040,"@LeyneLes @keithbaldrey Cheers2 ""Is this the party to whom I am speaking?""
#ernestine https://t.co/85Wz6vBrgn"
745205063014973441,Florentino and Ernestine kinky experiences a mighty dicking on instagram: #Ernestine #kinky #Florentino #migh... https://t.co/NoUvkhdnDk
654797016808034304,Back to black #ernestine #ramirez https://t.co/eykyIxA31F
748582396425998336,Ernestine and Eula loving bounding around on a big cock on reddit: #Eula #Ernestine #around #loving #bounding https://t.co/QaxA6WJkcQ
748654205460574208,John and Ernestine gets naked and takes a cock in her mouth on tinder: #Ernestine #John #takes #gets #naked #cock https://t.co/bXKrHJdma6
745843209981538305,Erna and Ernestine sexy on a bed enjoying scissoring action on skype: #Ernestine #sexy #Erna #enjoying #actio... https://t.co/fIhG9WO7JV
746526721185198080,Florentino and Ernestine sexy shows off her hot body and big tits on skype: #Ernestine #sexy #Florentino #sho... https://t.co/BRIUlqM0Tf
747445151484649472,John and Ernestine hot is naked and enjoying sucking a big slong and Rickey: #Ernestine #John #enjoying #nake... https://t.co/oeVxcScbZ0
747825973068857344,Ernestine and Karin hot sluts and sheena shaw share a huge cock with Carroll: #Karin #Ernestine #sheena #shaw... https://t.co/vpRk9NZdoc
748166918477996033,Ernestine and Tommie sexy has curves in all the right places on webcam: #Tommie #sexy #Ernestine #curves #right https://t.co/OLEUUziQrT
747522037124468736,Lynn and Ernestine with perky boobs plays with her new sex toy on tinder: #Ernestine #Lynn #boobs #plays #wit... https://t.co/f03wHSTD8z
748152317149536256,Ernestine and Casey Calvert in a chair showing her busty bangers on twitter: #Casey #Calvert #Ernestine #chai... https://t.co/CK4BszVClb
748646295208763393,Ernestine and Katelyn horny cocksucking blond takes big facial on tinder: #Katelyn #horny #Ernestine #takes #... https://t.co/8mGD0x1ajc
657281873316618241,"""@TraceeEllisRoss: Just found this! My Mama and my Grand Mama! #Ernestine #RossFamilyRocks #TBT https://t.co/UFP9lcJ8KQ"""
658614176043171840,#Ernestine Shepherd - GORGEOUS &amp; INSPIRING 75 Year Old #Bodybuilding Grandma.  CLICK VIDEO: https://t.co/B17sqiUa9J https://t.co/VuE8VS15qr
650958663696404480,#Ernestine Shepherd - GORGEOUS &amp; INSPIRING 75 Year Old #Bodybuilding Grandma.  CLICK VIDEO: http://t.co/B17sqiUa9J http://t.co/crORunqgNm
746972800682844164,Florentino and Ernestine rios puts a gag on and rubs her snatch on tinder: #Ernestine #Florentino #rios #puts https://t.co/DIiVRlYeMg
746794169146839040,Ernestine and Casey Calvert worships his hard cock like a pro on whatsapp: #Casey #Calvert #Ernestine #hard #... https://t.co/CC2rH7ZWXw
746929185008979969,Ernestine and Katelyn loves to ride a slong deep inside her hole and Milan: #Katelyn #Ernestine #ride #loves ... https://t.co/IM0pnDvGMG
745502763069505536,I want to be like #Ernestine when I grow up... https://t.co/ZM6nagTpxJ
644348821451862016,"Figured it out!! #CarlyFiorina sounds like #LilyTomlin's #Ernestine the phone operator!! 

http://t.co/jXbkTQiKMK"
748369131615981568,Ernestine and Erica Campbell takes a big cock inside her butt and Elijah: #Erica #Campbell #Ernestine #takes ... https://t.co/nJEIztUNEk
657281243780792320,Just found this! My Mama and my Grand Mama! #Ernestine #RossFamilyRocks #TBT https://t.co/4VzE9gAevc
745945940691804161,Lynn and Ernestine saucy babe in black stockings posing well on webcam: #Ernestine #saucy #Lynn #black #stock... https://t.co/gmiDoGF1Ec
657282662156095489,Beautiful. RT @TraceeEllisRoss: Just found this! My Mama and my Grand Mama! #Ernestine #RossFamilyRocks #TBT https://t.co/YuLq1qL2EX
746507824893550592,Ernestine and Karin saucy in stockings giving amazing head on facebook: #Karin #saucy #Ernestine #giving #ama... https://t.co/LibJE7N0ad
745259818647093248,John and Ernestine takes her tits out to catch the cum on kik: #Ernestine #John #tits #takes #catch https://t.co/BnI3rCg3hc
648032895559409664,Her spirit/example is one for the books! Angelic woman/So honored to have met her #Ernestine #sheperd #HealthyLiving http://t.co/LmBFycjaGK
748366795627696128,Ernestine playing with her pussy in bed: #playing #with #Ernestine #bed #pussy https://t.co/Q2ewjtqG7o
745868434345431040,Minnie and Ernestine hot babe licks ash hollywood sweet pussy on twitter: #Ernestine #Minnie #hollywood #babe... https://t.co/sc7mAjqp2L
646937581737930752,http://t.co/XBXRFWYJST Ernestine Johnson Performs 'The Average Black Girl' on Arsenio Hall Show #video #ernestine #johnson #performs
745224273569034241,Julia and Ernestine lovely babe sucks and fucks a stiff dick on reddit: #Ernestine #lovely #Julia #fucks #bab... https://t.co/zIM3uikgAK
658861139892248580,@TraceeEllisRoss #Ernestine #RossFamilyRocks #TBT   Very nice.
748404484879966208,John and Ernestine fucked in her ass during a boxing match selfie: #Ernestine #John #fucked #during https://t.co/nsLXClPOM1
747664518579372033,John and Ernestine enjoys some three way oral sex on tinder: #Ernestine #John #three #enjoys #some #sex #oral https://t.co/b6eQdRebLe
747459802628927489,Ernestine and Aimee cute blows a lucky guy on skype: #Aimee #cute #Ernestine #lucky #guy #blows #skype https://t.co/PKfKmgAYZY
746025971984130048,Ruthie and Ernestine getting herself off with a huge dildo on facebook: #Ernestine #Ruthie #with #getting #he... https://t.co/CaRqPt4f8y
745505428998545408,Go on #Ernestine ...ÛæÆñüèæÛæÆóüèæÛæåß... Shit I feel positively #UNFIT Ûæå© https://t.co/duBoXJ15M1
748167028553330689,Ruthie and Ernestine hot strips to show her big tits outside: #Ernestine #Ruthie #show #strips #tits https://t.co/VUYUBGwd4t
746471036300857345,Elba and Ernestine and puma crawling all over each other on webcam: #Ernestine #Elba #crawling #puma #each #over https://t.co/EKODoJsOb1
746965511414517760,Elvia and Ernestine lays on a bed and loves a good fucking: #Ernestine #Elvia #lays #loves https://t.co/mMprUzHGfy
659443965003886592,"Awwwww! #Ernestine!
One ringy-dingy...snorkle* https://t.co/atfgGMmr0L"
746094957606297600,Natalia Starr and Ernestine dressed as a nurse showing big boobs on webcam: #Ernestine #Natalia #Starr #dress... https://t.co/dJE2VmHgMO
748305569421758464,Ernestine and Karin likes getting taken from behind so hard on twitter: #Karin #Ernestine #taken #from #likes... https://t.co/Y7b2qTd4Lg
748267985765208064,Ernestine and Lynda lays on her side and loves a deep smashing on instagram: #Lynda #Ernestine #side #lays #loves https://t.co/NoOq5vaDMI
741044143774826496,Ernestine and Bernice gorgeous makes this guy lick her pussy on skype: #Bernice #gorgeous #Ernestine #lick #m... https://t.co/X1M2Fe4iSw
740848100009463808,Ernestine and Bernice hot rios spreads her pussy wide on the stairs on instagram: #Bernice #Ernestine #pussy ... https://t.co/qo8Zx3AD5C
740808480827842560,Ernestine and Karin rios spreads her legs to get fucked on facebook: #Karin #Ernestine #legs #rios #spreads https://t.co/dBN7pq7hCi
744638603297357824,Elvia and Ernestine naughty capri anderson gets restrained and dildoed hard on kik: #Ernestine #naughty #Elvi... https://t.co/W8hFK4eRTf
744340666579193856,Julianne and Ernestine is on her back getting her ass drilled hard on skype: #Ernestine #Julianne #back #getting https://t.co/lvYSFhhpJO
740729395992657921,Ernestine and Lynda babe takes a cock deep in her tight ass on snapchat: #Lynda #babe #Ernestine #cock #deep #takes https://t.co/iBUAnxd7Bn
740593651181457408,Elba and Ernestine pumps on a cock and cums hard on skype: #Ernestine #Elba #cock #pumps #cums https://t.co/DtrgPodZEj
741748407555883008,Natalia Starr and Ernestine loving playing with some lush feet on facebook: #Ernestine #Natalia #Starr #playi... https://t.co/wUva8p1XPk
744874272720445440,Florentino and Ernestine sexy milf takes a shower and plays with vagina on webcam: #Ernestine #sexy #Florenti... https://t.co/L8vhHv9eiX
742979582496800769,Ernestine and Lilian kinky looks so damn sexy in black latex on webcam: #Lilian #kinky #Ernestine #damn #sexy... https://t.co/CKwqLNBS9o
744577889958387713,Ernestine and Katelyn has her asshole filled with cock on instagram: #Katelyn #Ernestine #asshole #filled #co... https://t.co/CvYAcwyTTd
744610877618327552,Ernestine and Katelyn sexy anikka albright stripped and fucked in public: #Katelyn #sexy #Ernestine #stripped... https://t.co/ZRIV20EliP
742768100513189889,Ernestine and Casey Calvert gets bent over and banged hard doggystyle on facebook: #Casey #Calvert #Ernestine... https://t.co/4wJANMbP4c
740919520580112384,Julianne and Ernestine taking jizz over her amazing ass and Arden: #Ernestine #Julianne #over #taking #jizz #... https://t.co/2WnJlaiwI7
744565782927966210,Julianne and Ernestine asian whore bounces on a thick schlong: #Ernestine #asian #Julianne #whore #bounces #s... https://t.co/LFqfVnAJ5R
740123215662448640,"Ernestine and Tommie  strips out of her skirt and spreads pussy: #Ernestine and Tommie
 #strips #spreads #ski... https://t.co/Qr1Z2GNCa9"
744901063694651392,Ruthie and Ernestine horny has lots of fun on the sybian selfie: #Ernestine #horny #Ruthie #lots https://t.co/VucMCspfV9
744603579315433472,Tracie and Ernestine busty loves to get titty fucked on kik: #Ernestine #busty #Tracie #titty #loves #fucked https://t.co/8CP6lY1Pwu
743684256065429505,Ernestine and Karin gets fucked from behind and cummed on snapchat: #Karin #Ernestine #from #behind #gets #fu... https://t.co/3iknQwGCxj
744999254897287168,Ernestine and Erica Campbell blindfilded dude fucks lexi belle and on reddit: #Erica #Campbell #Ernestine #fu... https://t.co/Ywj88pYlRX
743684248029138944,Ernestine and Karin gets fucked from behind and cummed on snapchat: #Karin #Ernestine #from #behind #gets #fu... https://t.co/HhB2RBobMf
741901586436218880,John and Ernestine playing with estrella flores in the shower on kik: #Ernestine #John #estrella #flores #pla... https://t.co/ZyUZjbjuA3
743659615888388096,Natalia Starr and Ernestine shows off big tits and wet pussy with Erick: #Ernestine #Natalia #Starr #shows #tits https://t.co/lP1NqLN9pC
739000275885789184,"RT for #Rosalee 
Fav for #Ernestine 
#UndergroundWGN https://t.co/67GVuigBKb"
742628936425701376,Erna and Ernestine booty isis taylor and in a 3some orgy on kik: #Ernestine #booty #Erna #isis #taylor #3some https://t.co/0GT55voxQr
743038929222303744,Ernestine and Lilian on a sofa playing with her lush butt on periscope: #Lilian #Ernestine #sofa #playing #with https://t.co/md2myXksQv
740695146467991553,Ernestine and Eula with juicy ass in cut-off jean shorts on facebook: #Eula #Ernestine #with #juicy #jean #cut-off https://t.co/zknrTdlmGI
741143338376671232,Ernestine and Tommie blonde babe plowed in sizzling threesome selfie: #Tommie #blonde #Ernestine #sizzling #b... https://t.co/liLAOcBn65
744294487929716736,Ernestine and Tommie and bound and stimulated and loves it on whatsapp: #Tommie #Ernestine #stimulated #bound #loves https://t.co/O8M1lhnQbP
744932049031553025,Ernestine and Casey Calvert gets her pussy fucked and her face jizzed and Elmer: #Casey #Calvert #Ernestine #... https://t.co/2Z6JUPnaE6
738770598424248322,"Ernestine and John  on her back getting a smashing: #Ernestine and John
 #back #smashing
 #getting https://t.co/rWU7rUWpYG"
741716263785766913,Ernestine and Katelyn hot gets her tight pussy filled with jizz and Garth: #Katelyn #Ernestine #tight #pussy ... https://t.co/ARsfuNh3D7
741287926139523072,Ernestine and Aimee brunette babe with tight body and big boobs on tinder: #Aimee #brunette #Ernestine #tight... https://t.co/6NouXjaVmj
743656409791893504,@RealSkipBayless Cavs are going to finish this skip! #Ernestine
742448655106347009,Florentino and Ernestine naughty asian gets fingered and squirts cum with Ezra: #Ernestine #naughty #Florenti... https://t.co/gU720YzAVa
744468708056174592,Ernestine and Katelyn is having a good time spreading her pink with Bradly: #Katelyn #Ernestine #good #having... https://t.co/5BAeSIm3F5
742598098438885376,John and Ernestine filthy babe amy ried gives a nice wet blowjob and Armand: #Ernestine #filthy #John #ried #... https://t.co/8ut3fW718B
743784220917538818,Erna and Ernestine shows big boobs jerking cock on facebook: #Ernestine #Erna #boobs #jerking #shows #cock https://t.co/zWSfol2saM
742193340104380417,Ernestine and Karin naughty sucks a hard cock and makes it cum on kik: #Karin #naughty #Ernestine #hard #cock... https://t.co/6Ks4430eCk
744139002576412672,Julianne and Ernestine shares a throabing dick with kinki blonde on snapchat: #Ernestine #Julianne #throabing... https://t.co/iC9Pu2mq8K
743652880003956737,Elba and Ernestine blonde cougar dana in white stockings masturbates: #Ernestine #blonde #Elba #white #cougar... https://t.co/GfbjGSqry8
744652048524685312,Julianne and Ernestine is down on her knees sucking a dong on snapchat: #Ernestine #Julianne #down #sucking #knees https://t.co/wf50yIh0nf
744189357368586240,Julianne and Ernestine horny mature stuffs a long glass toy in her vagina on whatsapp: #Ernestine #horny #Jul... https://t.co/Ls7lZKkUtD
744864127349227521,Ernestine and Lynda rides a big cock deep inside her: #Lynda #Ernestine #cock #rides #inside #deep https://t.co/fv2SQkjHgZ
741772279428714496,Ernestine and Bernice loves to get slammed from behind doggystyle on facebook: #Bernice #Ernestine #slammed #... https://t.co/Mnc7QuQspW
740770578546712577,Ernestine and Tommie pins her legs back and takes a smashing fuck and Zachery: #Tommie #Ernestine #legs #back... https://t.co/an77cZqVpa
741653331609669633,Julianne and Ernestine young and beatiful gets nailed by a senior on whatsapp: #Ernestine #young #Julianne #g... https://t.co/4NoFaf2Itx
743606301180100608,Liza and Ernestine gets pounded by four lucky big cocked guys on twitter: #Ernestine #Liza #four #gets #pound... https://t.co/caZtKjAa5f
741764098874953728,Lynn and Ernestine brunette babe aleksa nicole giving a great blowjob on skype: #Ernestine #brunette #Lynn #n... https://t.co/JefuXq7XKV
740361230360018948,"Ernestine and John  laying on her side getting nailed deep: #Ernestine and John
 #laying #nailed #deep
 #side... https://t.co/3ULBSM1IGY"
740216026156015618,"Ernestine and Tommie secretary aleksa nicole bounces up and down on a dick: #Ernestine and Tommie
 #nicole #b... https://t.co/TSAz3tmmCC"
744693213462597632,Ernestine and Lilian babe is down on her knees loving to suck cock on webcam: #Lilian #babe #Ernestine #down ... https://t.co/JidzJLZAKu
741557555076333568,Ernestine and Tommie tattooed hottie gets fucked hard on instagram: #Tommie #tattooed #Ernestine #fucked #har... https://t.co/SUEhTifXgT
744114734379610112,Ernestine and Aimee sexy milf slowly strips off her black lingerie with Ned: #Aimee #sexy #Ernestine #strips ... https://t.co/4vIVEHOLpX
744375234610925568,John and Ernestine asian steals black dick from her hot friends on instagram: #Ernestine #asian #John #dick #... https://t.co/etMn1s1dCK
742336799213637633,Florentino and Ernestine in hot lesbian play with sexy kayden kross: #Ernestine #Florentino #lesbian #play #s... https://t.co/5GRPb6fovF
742395524867706881,Julianne and Ernestine flaunting her naked body infront of teacher with Rory: #Ernestine #Julianne #naked #bo... https://t.co/zwdSMj0BOg
743759153634521088,Louie amateur gone bad - naked knight with Ernestine and Eula: #gone #Louie #amateur #knight #with #naked #Ernestine https://t.co/oCDX9CEDC8
740512034362527744,John and Ernestine sexy teen sucks and fucks her new stepfather on facebook: #Ernestine #sexy #John #fucks #t... https://t.co/GFBLjGXrfD
742780920298541056,Natalia Starr and Ernestine gets penetrated by a massive cock with Thanh: #Ernestine #Natalia #Starr #penetra... https://t.co/QFvL4b2nnH
740666530652770304,Ernestine and Lynda dominates on a poor guy with Chung: #Lynda #Ernestine #poor #dominates #with #guy https://t.co/Dnq94AFbeQ
743629621216739328,Julianne and Ernestine sexy shows off in her white undies on reddit: #Ernestine #sexy #Julianne #shows #undie... https://t.co/KlJiutoXtI
744461244409647105,Ruthie and Ernestine takes a black cock deep in her pussy on instagram: #Ernestine #Ruthie #black #cock #takes #deep https://t.co/cYuzOZoHGX
744610745275453441,Florentino and Ernestine rios sucks a dick and gets banged so hard selfie: #Ernestine #Florentino #dick #rios... https://t.co/kann4YNIUi
744054471349665792,Ernestine hot teen beach bunny loves big hard cocks: #teen #beach #Ernestine #hard #bunny #loves #cocks https://t.co/mhtxN6eDt4
743564360946049024,Ernestine and Lynda pulls her black panties aside to play with Ezequiel: #Lynda #Ernestine #black #panties #p... https://t.co/gxhNpkLcEn
744800717790011392,Ernestine and Karin horny gets her pussy licked then fucked with Garry: #Karin #horny #Ernestine #pussy #lick... https://t.co/i6A79KPqqQ
741800147089162240,Ernestine and Erica Campbell pins her legs back and drills so hard on skype: #Erica #Campbell #Ernestine #leg... https://t.co/Bv0MR706EW
744294472477925377,Ernestine and Tommie and bound and stimulated and loves it on whatsapp: #Tommie #Ernestine #stimulated #bound #loves https://t.co/qRWrm2VYKM
744010071764537344,Elvia and Ernestine smashing a pink toy deep inside her outside: #Ernestine #Elvia #pink #smashing #inside #deep https://t.co/NPepOUZUHk
744098132665868289,Celia and Ernestine gets warmed up on the basketball court on webcam: #Ernestine #Celia #gets #warmed #basketball https://t.co/4ycNGIEOZT
743773861762609152,Ernestine and Bernice likes having a kinky threesome screwing on skype: #Bernice #Ernestine #kinky #likes #ha... https://t.co/Fo2n2l1Dza
744616513764626432,Ernestine and Tommie gets bent over and banged in her snatch on webcam: #Tommie #Ernestine #over #gets #bent #banged https://t.co/WRDgC4S3VG
743710704402759680,Florentino and Ernestine sexy rubbing big boobs fucking on kik: #Ernestine #sexy #Florentino #boobs #fucking ... https://t.co/9nvoxconSe
744865186935242752,If you are Ernestine's enemy... you'd better watch your back. #TrekWars #Ernestine https://t.co/u7ucB3fgwo
742734430284873728,Julianne and Ernestine gets double penetrated by two big dicks on kik: #Ernestine #Julianne #penetrated #gets... https://t.co/xoOMuZzeoV
743605457571352577,Ernestine and Casey Calvert gorgeous fucking herself with a glass toy with Eloy: #Casey #Calvert #Ernestine #... https://t.co/FG3kO8MKJh
744999357749960704,Ernestine and John saucy is underwater having some fun on facebook: #John #saucy #Ernestine #having #some #un... https://t.co/U1f4iisbA2
744882240446992384,#Ernestine is bad-ass! And I love it! #TrekWars https://t.co/u6rXlALM3Q
738934284224856064,"Ernestine and Tommie  in hot lingerie taking a cock dogstyle: #Ernestine and Tommie
 #lingerie #cock #dogstyl... https://t.co/9kWVc9CHaK"
740078682006396930,"Ernestine and Lilian stunning mom nikita spreads her big pillowy ass: #Ernestine and Lilian
 #nikita #spreads... https://t.co/309UgqkzOH"
742454485616713728,Tracie and Ernestine babe loving to dominate a guy so damn hard on periscope: #Ernestine #babe #Tracie #domin... https://t.co/FIFwxbwbDM
742848105960218624,Julia and Ernestine fucks her boytoys ass then lets him cum too on tinder: #Ernestine #Julia #boytoys #fucks ... https://t.co/Zne3pSXrK3
741243542962475008,Florentino and Ernestine sexy gets fucked with dildos and squirts on snapchat: #Ernestine #sexy #Florentino #... https://t.co/VUZmEN20BB
740512043564818437,John and Ernestine sexy teen sucks and fucks her new stepfather on facebook: #Ernestine #sexy #John #fucks #t... https://t.co/lzuweTYXRA
743407260567642112,Ernestine and Aimee feisty petite brunette lacey sucks on a dildo selfie: #Aimee #feisty #Ernestine #lacey #s... https://t.co/PNwCrzZoLj
743369412699258880,Ernestine and Tommie lush babe on her back spreading her pussy wide selfie: #Tommie #lush #Ernestine #back #b... https://t.co/WX5O5nbWLI
744432877987717120,Ernestine sweet sucks and fucks a lucky hard cock on webcam: #sucks #Ernestine #sweet #lucky #hard #fucks #cock https://t.co/KWFjsRdH4k
744218082504146944,Ernestine and John pretty takes a really nasty dicking and Tyson: #John #pretty #Ernestine #really #nasty #ta... https://t.co/3F9Qfc0Ed3
742944742695133184,Ernestine and Aimee petite blonde got fucked by a black cock on kik: #Aimee #petite #Ernestine #fucked #blond... https://t.co/AEo4e3RzV8
745142755400134656,80-Year-Old Body Builder: 'Age is Nothing But a Number' #Ernestine #Ernie #inspiration #healthy #fitness #amazing  https://t.co/SCmwVYY4jy
741724847537979393,Ernestine and Bernice in some amazing underwear loving sex on reddit: #Bernice #Ernestine #amazing #underwear... https://t.co/sCEBoF4jsN
745233607367614465,Minnie and Ernestine likes some bondage sex with shocks on twitter: #Ernestine #Minnie #bondage #likes #some ... https://t.co/uAREV09O9t
741411964664979456,Ernestine and Erica Campbell babe bends over and loves toying her snatch selfie: #Erica #Campbell #Ernestine ... https://t.co/SSFKVjl6Aq
741366379190751233,Julia and Ernestine hottie aleksa nicole gets her tight asshole dicked deep on tinder: #Ernestine #hottie #Ju... https://t.co/mxhGkSBk5L
740650685595717634,Minnie and Ernestine topless koko relaxes on the sofa and plays and Rodrick: #Ernestine #topless #Minnie #kok... https://t.co/vdw7DSB5kX
744437928923803648,Natalia Starr and Ernestine hardcore shaking her immense butt on skype: #Ernestine #Natalia #Starr #immense #... https://t.co/WquTIvo4ZS
744293039837872128,Ernestine and Aimee sexy gets sex after a surreal mask ball on webcam: #Aimee #sexy #Ernestine #after #gets #... https://t.co/laI758JuBA
742946402741981184,Julia and Ernestine and sara sloane licking eachother on snapchat: #Ernestine #Julia #sloane #licking #sara #... https://t.co/9IC6aXt33r
744187663121453056,Elba and Ernestine takes off her top and shows her bangers off with Anderson: #Ernestine #Elba #takes #shows https://t.co/Ymb3iLdkka
778066107257147392,Tracie and Ernestine hot likes to show off her perfect naked ass on webcam: #Ernestine #Tracie #show #likes #perfect https://t.co/1yZeYWknp3
777845046242529280,Lynn and Ernestine on a bed having a naughty threeway selfie: #Ernestine #Lynn #having #naughty https://t.co/1erzP2034q
774815206543204352,Florentino and Ernestine sucks a cock and gets nailed damn hard on whatsapp: #Ernestine #Florentino #cock #su... https://t.co/kGjNJxGzeC
772722076171907072,Ernestine and John lays on her side and gets pounded deep on kik: #John #Ernestine #side #lays #gets https://t.co/IifWO3fRY7
775623856308367360,Ernestine and Tommie gets her ass and pussy licked by sandy b on kik: #Tommie #Ernestine #gets #licked #pussy https://t.co/TdFOoffJJg
772795120772980736,Ruthie and Ernestine beautiful with a dick in her juicy pussy outside: #Ernestine #beautiful #Ruthie #dick #w... https://t.co/Q19Bcs8Wtr
772867448152264704,Ernestine and Lilian and kandi milan showing their asses outside selfie: #Lilian #Ernestine #milan #showing #... https://t.co/2MumBhdO3E
777412442527715328,Ernestine and Lilian gets down on her knees and sucks cock outside: #Lilian #Ernestine #gets #down #knees https://t.co/3evzSdWlnN
777227520835936256,John and Ernestine saucy is with a pal sharing a hard penis with Avery: #Ernestine #saucy #John #with #sharing https://t.co/yE0foR1LVQ
776293636338163712,Ruthie and Ernestine likes pumping with big tits out on snapchat: #Ernestine #Ruthie #with #likes #pumping #o... https://t.co/MRBBbDjXAU
772925100299395072,Ernestine and Eula milf leah shows us her tits and spreads her legs on facebook: #Eula #milf #Ernestine #leah... https://t.co/11ai439LW4
739528683589799936,"Ernestine and Tommie sexy with all her mates playing with toys: #Ernestine and Tommie
 #sexy #with #with #toy... https://t.co/UrgLxkK5Tc"
738649792331403264,"Ernestine and Tommie  is down on her knees working a cock good: #Ernestine and Tommie
 #down #working #knees ... https://t.co/3cmEn5SfMk"
772815199803846656,Julia and Ernestine tattooed fucked in the hospital outside: #Ernestine #tattooed #Julia #hospital #fucked #outside https://t.co/KTDezjfYgy
776291186516426753,Elba and Ernestine spreads her pussy to masturbate and Lynn: #Ernestine #Elba #pussy #spreads #masturbate https://t.co/DQQJyVB59i
778295854792740864,Ernestine and Eula on her side taking a deep spooning nailing outside: #Eula #Ernestine #side #taking #deep https://t.co/fY3nKyvMoP
782454287724969987,Lord make me an instrument of peace #underground #ernestine #slyterthinqueen
737031397617979392,"Ernestine and Aimee  is smashing on a big dong and drilling: #Ernestine and Aimee
 #smashing #dong #drilling https://t.co/hvgQp2ByBP"
737278587020025857,"Ernestine and John  bent over showing her juicy ass off: #Ernestine and John
 #over #showing #bent #off
 #juicy https://t.co/j9l4eJUW62"
776258333866983424,Ernestine and Aimee busty babe slips off her dress and exposes snatch on skype: #Aimee #busty #Ernestine #bab... https://t.co/jHFu4UicMF
776763573867425792,Ruthie and Ernestine pleases a big cock with pussy and mouth on tinder: #Ernestine #Ruthie #cock #pleases #pu... https://t.co/kTOY4DgZ3G
773450925029588993,Celia and Ernestine missy stone and april o neal playing with their toys and Lionel: #Ernestine #missy #Celia... https://t.co/zDUhEAjRj3
737144820804640769,"Ernestine and Lynda hot is down on her knees sucking a slong: #Ernestine and Lynda
 #down #sucking #knees #slong https://t.co/VOms7iN6qq"
736569466742415360,"Ernestine and Casey Calvert hot in a kitchen licking out some wet pussy: #Ernestine and Casey Calvert
 #kitch... https://t.co/JxGxQUraL8"
774614409289150464,Ruthie and Ernestine got her body glazed with golden shower on tinder: #Ernestine #Ruthie #body #glazed #gold... https://t.co/WGSxZHJnsI
774614422190825472,Ruthie and Ernestine got her body glazed with golden shower on tinder: #Ernestine #Ruthie #body #glazed #gold... https://t.co/Iijegq5cHL
779434764302442496,"This is how you wave a flag! 

#DigiFan #DigiSeptember #SocaQueen #Ernestine https://t.co/2l1k5vhZJ2"
774391336321495040,Ruthie and Ernestine oiled up girl gets her sweet cunt fucked hard on instagram: #Ernestine #oiled #Ruthie #g... https://t.co/xaxo5g2xh8
774556013785522176,Ernestine and Tommie in a sexy outfit looking so amazing on kik: #Tommie #Ernestine #sexy #outfit #looking https://t.co/wegqVMev7c
774003529153294336,John and Ernestine on her knees sucking a big dick and Vernon: #Ernestine #John #knees #sucking https://t.co/bpNpP14y9K
776201690361962496,Julianne and Ernestine gets her ass fucked with a glass dildo on whatsapp: #Ernestine #Julianne #fucked #gets #with https://t.co/6ymJOUNCe7
773177506039902209,Ernestine and John gets bent over and banged in her asshole with Timothy: #John #Ernestine #over #gets #bent #banged https://t.co/gMeWVjwSH4
774885418273648640,Ernestine and Karin pornstar is tonight girlfriend aka escort outside: #Karin #pornstar #Ernestine #girlfrien... https://t.co/0OSX9PulGs
777836162937303040,Ernestine horny gives herself multiple orgasm selfie: #gives #herself #Ernestine #horny #selfie #multiple #orgasm https://t.co/7D9HO1XFHi
776922759922200576,Ernestine and Eula and taylor wane working together with Hans: #Eula #Ernestine #wane #working #taylor #with ... https://t.co/zVxInL7iVD
775624826950070272,Ernestine and John smashes a cock in her shaved pussy on periscope: #John #Ernestine #cock #smashes #shaved https://t.co/o4FSR4JDz2
777927283201806340,Ernestine and Katelyn fuck slut takes on two guys at once on whatsapp: #Katelyn #fuck #Ernestine #slut #takes #guys https://t.co/0g4wREC2NZ
785272267097804805,"@Cybizwife @JohnnyRayGill @UndergroundWGN Yes, Sir! Wish #UndergroundWGN would bring him back as a dream 2 #Ernestine Will miss #Sam!"
776994912176713728,Ernestine on a bed riding a big dick inside on twitter: #Ernestine #riding #inside #dick https://t.co/Mv26xxNrG0
774280727428947968,Lynn and Ernestine gets pounded hard by a powerful hard dick on tinder: #Ernestine #Lynn #hard #gets #pounded... https://t.co/KE4PJkx3eU
774396918118043648,Ernestine sits on a big cock and rides it hard selfie: #sits #Ernestine #cock #rides https://t.co/eMralZ81Pz
776733234843426816,Julia and Ernestine lovely busty mom strips in front of her laptop: #Ernestine #lovely #Julia #strips #busty #front https://t.co/ufk1uDsdgQ
775910168861220868,Ernestine and John horny fucks her gf after sunbathing on whatsapp: #John #horny #Ernestine #after #fucks #su... https://t.co/js73XCmOIW
783766434233004032,Not sure if this is sold out but in case it's not make your reservation ASAP! #porkypig #Ernestine #charity #bingo https://t.co/JaTAUFSjbN
777069235558199296,‚ù§Ô∏è‚ù§Ô∏è #porkypig meets #ernestine ‚ù§Ô∏è‚ù§Ô∏è https://t.co/UtURe6aBIl
775324879360884737,Liza and Ernestine horny rios posing naked in her heels on reddit: #Ernestine #horny #Liza #naked #rios #posi... https://t.co/FsmztbhhYm
780284537523712000,"I just want to hear Maureen Dowd say the words ""One Ringie Dingie!"" once and I'll be satisfied. #Ernestine"
778169178201153536,Julianne and Ernestine gets a hard cock shoved in her hairy ass on tinder: #Ernestine #Julianne #hard #cock #... https://t.co/Luxt32IFHY
776853802469117953,Ernestine and Karin spreading her pretty pink selfie: #Karin #Ernestine #pretty #pink #spreading #selfie https://t.co/cDw4mjBjDP
777275691431714816,Ernestine and Erica Campbell rams her face in some wet pussy on kik: #Erica #Campbell #Ernestine #face #rams #some https://t.co/pBfJziehxj
775553251710119936,Ernestine and John slut get bent over and slammed doggystyle on snapchat: #John #slut #Ernestine #over #bent ... https://t.co/IUIoJWutbC
777134973958578176,Ernestine and Aimee fucking the boss in her office on facebook: #Aimee #Ernestine #boss #fucking #office https://t.co/CBhXNcLums
736571790009339904,"Ernestine and Bernice  pulls out her big tits to make you smile: #Ernestine and Bernice
 #pulls #make #tits #smile https://t.co/5bQwrm8RUe"
774603569257295872,Ernestine and Eula horny lesbian babes are dildoing their wet pussy outside: #Eula #horny #Ernestine #dildoin... https://t.co/sYBxAnj9Sm
739141241619763200,Teachers look like @amirahvann as #Ernestine in May when you show up without the assignment @UndergroundWGN https://t.co/KQPKnUkqNb
773331371854929920,Mo of #Ernestine !!! https://t.co/bVUuJKnxVE
776198319999623168,Minnie and Ernestine babe is loving some naughty fisting action on snapchat: #Ernestine #babe #Minnie #some #... https://t.co/u9gfcDsmIt
778058821075767296,Ernestine and Bernice kinky babe loving some kinky strap on sex on facebook: #Bernice #kinky #Ernestine #some... https://t.co/ZZLXBRrHUp
739309807694290946,"Ernestine and Tommie  gets fucked and creamed on her huge boobs: #Ernestine and Tommie
 #fucked #gets #huge #... https://t.co/vtX8AkQ6kO"
773851944746045440,Ernestine getting wet pussy eaten out and Leo: #getting #Ernestine #pussy #eaten #Leo https://t.co/c6hKf4G2jX
739005398527549440,"Ernestine and Bernice sexy with perfect tits fucked by big cock: #Ernestine and Bernice
 #perfect #tits #sexy... https://t.co/KKFVmU0gnC"
781150329538654208,"What's to know, we have #BozoTheClown running against #RingyDingy #Ernestine #NoGoodChoices https://t.co/IHUxlEw24W"
773857718847217664,Ernestine and Aimee in white socks showing her sexy legs off with Irving: #Aimee #Ernestine #socks #showing #... https://t.co/Mh84XeKmGv
776308825078964224,Elba and Ernestine skinny schoolgirl gets ass fucked with Lee: #Ernestine #skinny #Elba #fucked #schoolgirl #... https://t.co/QTuOKzkQ2Q
778794621329547264,#BBFinale #BBNicole take some of that $500 thousand and have have #sinussurgery BC you sound like #Ernestine‚Ä¶ https://t.co/DvxDENEe85
738463179353661442,#JAZZ #BLUES #Ernestine #Anderson - All Blues (1983) https://t.co/R17e6YsqZT
736403009266061312,"Ernestine and Lilian  and gianna lynn sucking on a dick: #Ernestine and Lilian
 #gianna #lynn #dick
 #sucking https://t.co/nYntObgSPr"
775624815671521280,Ernestine and John smashes a cock in her shaved pussy on periscope: #John #Ernestine #cock #smashes #shaved https://t.co/SvOmBSk9WK
739615213184376832,"Ernestine and Casey Calvert  is a nurse sucking off two doctors: #Ernestine and Casey Calvert
 #nurse #doctor... https://t.co/oODYXWoCha"
773405975583875073,Ernestine and Eula slips off her peach bra and panties on reddit: #Eula #Ernestine #peach #slips https://t.co/l6hIuQFbG5
738720452571365376,"Ernestine and Aimee busty babe gets bent over and fucked: #Ernestine and Aimee
 #gets #bent #busty #babe #fuc... https://t.co/1YoMhzsMxc"
775395644257087488,Florentino and Ernestine nicole aniston and sucking on a huge cock on whatsapp: #Ernestine #nicole #Florentin... https://t.co/J65OseE83C
780794799028776960,Lol - &lt;3 Lily Tomlin!! Do you remember #Ernestine? https://t.co/afl3nboW2U
777105945709023232,Tracie and Ernestine running along in a tight and tiny top on kik: #Ernestine #Tracie #running #along #tight https://t.co/98nfaQ34p8
736621509146345472,"Ernestine and Lilian  and hot lesbian in brutal wrestling: #Ernestine and Lilian
 #lesbian #wrestling
 #brutal https://t.co/vkj4ZcjTit"
738613387785998336,"Ernestine and Karin  takes off her clothes show off her big tits: #Ernestine and Karin
 #takes #clothes #show #tits https://t.co/PMYP8ozmjz"
790994933478002688,#my #grandmother ernestine.dials #ernestine dials chilaxing in the massage chair for which she‚Ä¶ https://t.co/9Y7ZtkNJv2
777234896670564357,Celebration of life üë£ love you always and forever Gma ‚ù§Ô∏è #grandma #ernestine https://t.co/CiKYC8hARG
776307518871961600,Ernestine and Bernice blue eyed blonde siren aubrey adams giving handjob: #Bernice #blue #Ernestine #siren #a... https://t.co/gtGT1ZPEXQ
739386672329035776,"Ernestine and Katelyn hottie rebecca slides off her thong and spreads: #Ernestine and Katelyn
 #slides #hotti... https://t.co/64frbOXaZW"
738886452155539456,"Ernestine and Lynda  and her friend gets fucked by lucky dick: #Ernestine and Lynda
 #friend #lucky #gets #fu... https://t.co/cUGUpOse2a"
772669283927142400,Erna and Ernestine cheats on her husband and fucks a rod and Mohamed: #Ernestine #Erna #husband #cheats #fucks https://t.co/nFMelxpnSo
778546573600927744,Julianne and Ernestine slams her face in some wet pussy: #Ernestine #Julianne #face #slams #some https://t.co/cg8myy5SAl
778350587913961473,Julianne and Ernestine rios taking a big cock from behind hard on snapchat: #Ernestine #Julianne #rios #takin... https://t.co/YpvmL8ES8n
776989243562348544,Catching up on @UndergroundWGN. #Rosalee and #Ernestine play no games. great work @jurneesmollett  @amirahvann. https://t.co/NskPmEZr4y
786026341422424064,@TerrellThugs @EddieEdmundo @RealSkipBayless @undisputed and skip is banging a #blackgrandma #ernestine https://t.co/J4BJ91Jr0c
774343771018235904,Liza and Ernestine fucking a lucky man on skype: #Ernestine #Liza #lucky #man #fucking #skype https://t.co/hwzYtiKqvP
772867956049010688,Ernestine and Casey Calvert relentlessly deep-throats a cock on kik: #Casey #Calvert #Ernestine #deep-throats... https://t.co/hZf1gzISGJ
772913725825134592,Ernestine and Erica Campbell and friends share a big black cock on instagram: #Erica #Campbell #Ernestine #fr... https://t.co/G11lfpuwOv
777353730706374657,Ernestine and Lynda hot milf looks hot in mesh bikini on periscope: #Lynda #Ernestine #milf #looks #bikini #mesh https://t.co/4ZubyaXAHc
737287064161419264,"Ernestine and Karin  sucks a throbbing cock with a sexy friend: #Ernestine and Karin
 #throbbing #sucks #sexy... https://t.co/r0S5ZvDP3n"
739614208766009344,"Ernestine and Erica Campbell  is on a bed enjoying some strap on action: #Ernestine and Erica Campbell
 #some... https://t.co/AL50XgfS57"
777184398256943105,Ernestine and Tommie with busty teen sharing a hard cock on periscope: #Tommie #Ernestine #teen #sharing #wit... https://t.co/GdMdfOM1fC
773200113934020608,Julia and Ernestine hottie with giant boobs fucks a huge cock on tinder: #Ernestine #hottie #Julia #boobs #fu... https://t.co/JsYBpqarvG
774800098098159616,Ernestine and Casey Calvert looking naughty getting played with: #Casey #Calvert #Ernestine #naughty #getting... https://t.co/DLzJKRerCI
776973964736364545,Lynn and Ernestine erotic french babe got serious fuck on facebook: #Ernestine #erotic #Lynn #serious #french... https://t.co/s9zbUraBsW
775608299945201666,Tracie and Ernestine getting big boobs all soapy on twitter: #Ernestine #Tracie #boobs #getting #soapy https://t.co/hz446rcJLU
778625884160872448,Minnie and Ernestine hot babe gets fucked outdoors on facebook: #Ernestine #Minnie #fucked #outdoors #babe #g... https://t.co/71ymygZV0r
774500045253029890,Ernestine and Eula likes having fun with two babes at once on snapchat: #Eula #Ernestine #with #likes #having #babes https://t.co/DWHXfE22Oi
737128045941657600,"Ernestine and Lilian  squatting on a cock smashing hard: #Ernestine and Lilian
 #squatting #hard
 #cock #smashing https://t.co/XIpRW9WUoz"
